DbId,DatasetId,WmId,WmTitle,WmLayerType,WmItemId,WmUrl,DatasetName,TvType,TvPath,Order,VariableName,VariableLabel,HasDependants,IsListed,IsEnabled,DefaultExported,TvFieldPath,TvTags,TvMetadataUrl,TreeviewId,VisibilityGroupId
1,,11ce6f0462bb4d85876c86392a62c60c,BNG Outline,ArcGISFeatureLayer,71c9876f8b4546889de4f4a5899b50d6,https://nercdsh.dev.azure.manchester.ac.uk/server/rest/services/UPRN_PoC_Web_Layer_UK_v1/FeatureServer/230,,VectorDataset,/Tiling Schemes,0,objectid,OBJECTID,,False,False,,,,,area,1
101,,11ce6f0462bb4d85876c86392a62c60c,BNG Outline,ArcGISFeatureLayer,71c9876f8b4546889de4f4a5899b50d6,https://nercdsh.dev.azure.manchester.ac.uk/server/rest/services/UPRN_PoC_Web_Layer_UK_v1/FeatureServer/230,,VectorDataset,/Tiling Schemes,0,SHAPE__Area,SHAPE__Area,,False,False,,,,,area,1
201,,11ce6f0462bb4d85876c86392a62c60c,BNG Outline,ArcGISFeatureLayer,71c9876f8b4546889de4f4a5899b50d6,https://nercdsh.dev.azure.manchester.ac.uk/server/rest/services/UPRN_PoC_Web_Layer_UK_v1/FeatureServer/230,,VectorDataset,/Tiling Schemes,0,st_perimeter(shape),st_perimeter(shape),,False,False,,,,,area,1
301,,e5490860f2524b25bc97b4f6889d00a8,Tiles 100 km,ArcGISFeatureLayer,71c9876f8b4546889de4f4a5899b50d6,https://nercdsh.dev.azure.manchester.ac.uk/server/rest/services/UPRN_PoC_Web_Layer_UK_v1/FeatureServer/231,,VectorDataset,/Tiling Schemes,0,oid,OID,,False,False,,,,,area,1
401,,e5490860f2524b25bc97b4f6889d00a8,Tiles 100 km,ArcGISFeatureLayer,71c9876f8b4546889de4f4a5899b50d6,https://nercdsh.dev.azure.manchester.ac.uk/server/rest/services/UPRN_PoC_Web_Layer_UK_v1/FeatureServer/231,,VectorDataset,/Tiling Schemes,0,tilename,TILENAME,,True,False,,,,,area,1
501,,e5490860f2524b25bc97b4f6889d00a8,Tiles 100 km,ArcGISFeatureLayer,71c9876f8b4546889de4f4a5899b50d6,https://nercdsh.dev.azure.manchester.ac.uk/server/rest/services/UPRN_PoC_Web_Layer_UK_v1/FeatureServer/231,,VectorDataset,/Tiling Schemes,0,SHAPE__Area,SHAPE__Area,,False,False,,,,,area,1
601,,e5490860f2524b25bc97b4f6889d00a8,Tiles 100 km,ArcGISFeatureLayer,71c9876f8b4546889de4f4a5899b50d6,https://nercdsh.dev.azure.manchester.ac.uk/server/rest/services/UPRN_PoC_Web_Layer_UK_v1/FeatureServer/231,,VectorDataset,/Tiling Schemes,0,st_perimeter(shape),st_perimeter(shape),,False,False,,,,,area,1
701,,150d132868d34501bbebe3900cb2f972,Tiles 50 km,ArcGISFeatureLayer,71c9876f8b4546889de4f4a5899b50d6,https://nercdsh.dev.azure.manchester.ac.uk/server/rest/services/UPRN_PoC_Web_Layer_UK_v1/FeatureServer/232,,VectorDataset,/Tiling Schemes,0,oid,OID,,False,False,,,,,area,1
801,,150d132868d34501bbebe3900cb2f972,Tiles 50 km,ArcGISFeatureLayer,71c9876f8b4546889de4f4a5899b50d6,https://nercdsh.dev.azure.manchester.ac.uk/server/rest/services/UPRN_PoC_Web_Layer_UK_v1/FeatureServer/232,,VectorDataset,/Tiling Schemes,0,tilename,TILENAME,,True,False,,,,,area,1
901,,150d132868d34501bbebe3900cb2f972,Tiles 50 km,ArcGISFeatureLayer,71c9876f8b4546889de4f4a5899b50d6,https://nercdsh.dev.azure.manchester.ac.uk/server/rest/services/UPRN_PoC_Web_Layer_UK_v1/FeatureServer/232,,VectorDataset,/Tiling Schemes,0,SHAPE__Area,SHAPE__Area,,False,False,,,,,area,1
1001,,150d132868d34501bbebe3900cb2f972,Tiles 50 km,ArcGISFeatureLayer,71c9876f8b4546889de4f4a5899b50d6,https://nercdsh.dev.azure.manchester.ac.uk/server/rest/services/UPRN_PoC_Web_Layer_UK_v1/FeatureServer/232,,VectorDataset,/Tiling Schemes,0,st_perimeter(shape),st_perimeter(shape),,False,False,,,,,area,1
1101,,d3b8bd8921f445b38605c9e1eb1a653f,Tiles 20 km,ArcGISFeatureLayer,71c9876f8b4546889de4f4a5899b50d6,https://nercdsh.dev.azure.manchester.ac.uk/server/rest/services/UPRN_PoC_Web_Layer_UK_v1/FeatureServer/233,,VectorDataset,/Tiling Schemes,0,oid,OID,,False,True,,,,,area,1
1201,,d3b8bd8921f445b38605c9e1eb1a653f,Tiles 20 km,ArcGISFeatureLayer,71c9876f8b4546889de4f4a5899b50d6,https://nercdsh.dev.azure.manchester.ac.uk/server/rest/services/UPRN_PoC_Web_Layer_UK_v1/FeatureServer/233,,VectorDataset,/Tiling Schemes,0,tilename,TILENAME,,True,True,,,,,area,1
1301,,d3b8bd8921f445b38605c9e1eb1a653f,Tiles 20 km,ArcGISFeatureLayer,71c9876f8b4546889de4f4a5899b50d6,https://nercdsh.dev.azure.manchester.ac.uk/server/rest/services/UPRN_PoC_Web_Layer_UK_v1/FeatureServer/233,,VectorDataset,/Tiling Schemes,0,SHAPE__Area,SHAPE__Area,,False,True,,,,,area,1
1401,,d3b8bd8921f445b38605c9e1eb1a653f,Tiles 20 km,ArcGISFeatureLayer,71c9876f8b4546889de4f4a5899b50d6,https://nercdsh.dev.azure.manchester.ac.uk/server/rest/services/UPRN_PoC_Web_Layer_UK_v1/FeatureServer/233,,VectorDataset,/Tiling Schemes,0,st_perimeter(shape),st_perimeter(shape),,False,True,,,,,area,1
1501,,561625be6b7b40f38e208332094de823,Tiles 10 km,ArcGISFeatureLayer,71c9876f8b4546889de4f4a5899b50d6,https://nercdsh.dev.azure.manchester.ac.uk/server/rest/services/UPRN_PoC_Web_Layer_UK_v1/FeatureServer/234,,VectorDataset,/Tiling Schemes,0,oid,OID,,False,True,,,,,area,1
1601,,561625be6b7b40f38e208332094de823,Tiles 10 km,ArcGISFeatureLayer,71c9876f8b4546889de4f4a5899b50d6,https://nercdsh.dev.azure.manchester.ac.uk/server/rest/services/UPRN_PoC_Web_Layer_UK_v1/FeatureServer/234,,VectorDataset,/Tiling Schemes,0,tilename,TILENAME,,True,True,,,,,area,1
1701,,561625be6b7b40f38e208332094de823,Tiles 10 km,ArcGISFeatureLayer,71c9876f8b4546889de4f4a5899b50d6,https://nercdsh.dev.azure.manchester.ac.uk/server/rest/services/UPRN_PoC_Web_Layer_UK_v1/FeatureServer/234,,VectorDataset,/Tiling Schemes,0,SHAPE__Area,SHAPE__Area,,False,True,,,,,area,1
1801,,561625be6b7b40f38e208332094de823,Tiles 10 km,ArcGISFeatureLayer,71c9876f8b4546889de4f4a5899b50d6,https://nercdsh.dev.azure.manchester.ac.uk/server/rest/services/UPRN_PoC_Web_Layer_UK_v1/FeatureServer/234,,VectorDataset,/Tiling Schemes,0,st_perimeter(shape),st_perimeter(shape),,False,True,,,,,area,1
1901,,d982df779ff24651950a9e5db51d59c1,Tiles 5 km,ArcGISFeatureLayer,71c9876f8b4546889de4f4a5899b50d6,https://nercdsh.dev.azure.manchester.ac.uk/server/rest/services/UPRN_PoC_Web_Layer_UK_v1/FeatureServer/235,,VectorDataset,/Tiling Schemes,0,oid,OID,,False,True,,,,,area,1
2001,,d982df779ff24651950a9e5db51d59c1,Tiles 5 km,ArcGISFeatureLayer,71c9876f8b4546889de4f4a5899b50d6,https://nercdsh.dev.azure.manchester.ac.uk/server/rest/services/UPRN_PoC_Web_Layer_UK_v1/FeatureServer/235,,VectorDataset,/Tiling Schemes,0,tilename,TILENAME,,True,True,,,,,area,1
2101,,d982df779ff24651950a9e5db51d59c1,Tiles 5 km,ArcGISFeatureLayer,71c9876f8b4546889de4f4a5899b50d6,https://nercdsh.dev.azure.manchester.ac.uk/server/rest/services/UPRN_PoC_Web_Layer_UK_v1/FeatureServer/235,,VectorDataset,/Tiling Schemes,0,SHAPE__Area,SHAPE__Area,,False,True,,,,,area,1
2201,,d982df779ff24651950a9e5db51d59c1,Tiles 5 km,ArcGISFeatureLayer,71c9876f8b4546889de4f4a5899b50d6,https://nercdsh.dev.azure.manchester.ac.uk/server/rest/services/UPRN_PoC_Web_Layer_UK_v1/FeatureServer/235,,VectorDataset,/Tiling Schemes,0,st_perimeter(shape),st_perimeter(shape),,False,True,,,,,area,1
2301,,1b956b17dc014bcdb91cbe74217df309,Tiles 1 km,ArcGISFeatureLayer,71c9876f8b4546889de4f4a5899b50d6,https://nercdsh.dev.azure.manchester.ac.uk/server/rest/services/UPRN_PoC_Web_Layer_UK_v1/FeatureServer/236,,VectorDataset,/Tiling Schemes,0,oid,OID,,False,True,,,,,area,1
2401,,1b956b17dc014bcdb91cbe74217df309,Tiles 1 km,ArcGISFeatureLayer,71c9876f8b4546889de4f4a5899b50d6,https://nercdsh.dev.azure.manchester.ac.uk/server/rest/services/UPRN_PoC_Web_Layer_UK_v1/FeatureServer/236,,VectorDataset,/Tiling Schemes,0,tilename,TILENAME,,True,True,,,,,area,1
2501,,1b956b17dc014bcdb91cbe74217df309,Tiles 1 km,ArcGISFeatureLayer,71c9876f8b4546889de4f4a5899b50d6,https://nercdsh.dev.azure.manchester.ac.uk/server/rest/services/UPRN_PoC_Web_Layer_UK_v1/FeatureServer/236,,VectorDataset,/Tiling Schemes,0,SHAPE__Area,SHAPE__Area,,False,True,,,,,area,1
2601,,1b956b17dc014bcdb91cbe74217df309,Tiles 1 km,ArcGISFeatureLayer,71c9876f8b4546889de4f4a5899b50d6,https://nercdsh.dev.azure.manchester.ac.uk/server/rest/services/UPRN_PoC_Web_Layer_UK_v1/FeatureServer/236,,VectorDataset,/Tiling Schemes,0,st_perimeter(shape),st_perimeter(shape),,False,True,,,,,area,1
2701,,5a87f10cbdd54ab4acaf1842c2220aea,UPRN (05/2024),ArcGISFeatureLayer,71c9876f8b4546889de4f4a5899b50d6,https://nercdsh.dev.azure.manchester.ac.uk/server/rest/services/UPRN_PoC_Web_Layer_UK_v1/FeatureServer/10,,VectorDataset,/,0,objectid,OBJECTID,,False,True,,,,,data,2
2801,,5a87f10cbdd54ab4acaf1842c2220aea,UPRN (05/2024),ArcGISFeatureLayer,71c9876f8b4546889de4f4a5899b50d6,https://nercdsh.dev.azure.manchester.ac.uk/server/rest/services/UPRN_PoC_Web_Layer_UK_v1/FeatureServer/10,,VectorDataset,/,0,uprnid,UPRN ID,,True,True,,,,,data,2
2901,,5a87f10cbdd54ab4acaf1842c2220aea,UPRN (05/2024),ArcGISFeatureLayer,71c9876f8b4546889de4f4a5899b50d6,https://nercdsh.dev.azure.manchester.ac.uk/server/rest/services/UPRN_PoC_Web_Layer_UK_v1/FeatureServer/10,,VectorDataset,/,0,uprn,UPRN,,True,True,,,,,data,2
3001,,5a87f10cbdd54ab4acaf1842c2220aea,UPRN (05/2024),ArcGISFeatureLayer,71c9876f8b4546889de4f4a5899b50d6,https://nercdsh.dev.azure.manchester.ac.uk/server/rest/services/UPRN_PoC_Web_Layer_UK_v1/FeatureServer/10,,VectorDataset,/,0,x_coordinate,X COORDINATE,,True,True,,,,,data,2
3101,,5a87f10cbdd54ab4acaf1842c2220aea,UPRN (05/2024),ArcGISFeatureLayer,71c9876f8b4546889de4f4a5899b50d6,https://nercdsh.dev.azure.manchester.ac.uk/server/rest/services/UPRN_PoC_Web_Layer_UK_v1/FeatureServer/10,,VectorDataset,/,0,y_coordinate,Y COORDINATE,,True,True,,,,,data,2
3201,,5a87f10cbdd54ab4acaf1842c2220aea,UPRN (05/2024),ArcGISFeatureLayer,71c9876f8b4546889de4f4a5899b50d6,https://nercdsh.dev.azure.manchester.ac.uk/server/rest/services/UPRN_PoC_Web_Layer_UK_v1/FeatureServer/10,,VectorDataset,/,0,latitude,LATITUDE,,True,True,,,,,data,2
3301,,5a87f10cbdd54ab4acaf1842c2220aea,UPRN (05/2024),ArcGISFeatureLayer,71c9876f8b4546889de4f4a5899b50d6,https://nercdsh.dev.azure.manchester.ac.uk/server/rest/services/UPRN_PoC_Web_Layer_UK_v1/FeatureServer/10,,VectorDataset,/,0,longitude,LONGITUDE,,True,True,,,,,data,2
3401,,3204a583d5ac4ad2ab640330f48dc3a5,Upper Tier Local Authorities (Dec 22) - UK Boundaries Fully Clipped,ArcGISFeatureLayer,71c9876f8b4546889de4f4a5899b50d6,https://nercdsh.dev.azure.manchester.ac.uk/server/rest/services/UPRN_PoC_Web_Layer_UK_v1/FeatureServer/208,,VectorDataset,/Administrative Areas,0,objectid,OBJECTID,,False,False,,,,,area,1
3501,,3204a583d5ac4ad2ab640330f48dc3a5,Upper Tier Local Authorities (Dec 22) - UK Boundaries Fully Clipped,ArcGISFeatureLayer,71c9876f8b4546889de4f4a5899b50d6,https://nercdsh.dev.azure.manchester.ac.uk/server/rest/services/UPRN_PoC_Web_Layer_UK_v1/FeatureServer/208,,VectorDataset,/Administrative Areas,0,utla_id,UTLA_ID,,False,False,,,,,area,1
3601,,3204a583d5ac4ad2ab640330f48dc3a5,Upper Tier Local Authorities (Dec 22) - UK Boundaries Fully Clipped,ArcGISFeatureLayer,71c9876f8b4546889de4f4a5899b50d6,https://nercdsh.dev.azure.manchester.ac.uk/server/rest/services/UPRN_PoC_Web_Layer_UK_v1/FeatureServer/208,,VectorDataset,/Administrative Areas,0,utla22cd,UTLA22CD,,True,False,,,,,area,1
3701,,3204a583d5ac4ad2ab640330f48dc3a5,Upper Tier Local Authorities (Dec 22) - UK Boundaries Fully Clipped,ArcGISFeatureLayer,71c9876f8b4546889de4f4a5899b50d6,https://nercdsh.dev.azure.manchester.ac.uk/server/rest/services/UPRN_PoC_Web_Layer_UK_v1/FeatureServer/208,,VectorDataset,/Administrative Areas,0,utla22nm,UTLA22NM,,True,False,,,,,area,1
3801,,3204a583d5ac4ad2ab640330f48dc3a5,Upper Tier Local Authorities (Dec 22) - UK Boundaries Fully Clipped,ArcGISFeatureLayer,71c9876f8b4546889de4f4a5899b50d6,https://nercdsh.dev.azure.manchester.ac.uk/server/rest/services/UPRN_PoC_Web_Layer_UK_v1/FeatureServer/208,,VectorDataset,/Administrative Areas,0,utla22nmw,UTLA22NMW,,True,False,,,,,area,1
3901,,3204a583d5ac4ad2ab640330f48dc3a5,Upper Tier Local Authorities (Dec 22) - UK Boundaries Fully Clipped,ArcGISFeatureLayer,71c9876f8b4546889de4f4a5899b50d6,https://nercdsh.dev.azure.manchester.ac.uk/server/rest/services/UPRN_PoC_Web_Layer_UK_v1/FeatureServer/208,,VectorDataset,/Administrative Areas,0,bng_e,BNG_E,,False,False,,,,,area,1
4001,,3204a583d5ac4ad2ab640330f48dc3a5,Upper Tier Local Authorities (Dec 22) - UK Boundaries Fully Clipped,ArcGISFeatureLayer,71c9876f8b4546889de4f4a5899b50d6,https://nercdsh.dev.azure.manchester.ac.uk/server/rest/services/UPRN_PoC_Web_Layer_UK_v1/FeatureServer/208,,VectorDataset,/Administrative Areas,0,bng_n,BNG_N,,False,False,,,,,area,1
4101,,3204a583d5ac4ad2ab640330f48dc3a5,Upper Tier Local Authorities (Dec 22) - UK Boundaries Fully Clipped,ArcGISFeatureLayer,71c9876f8b4546889de4f4a5899b50d6,https://nercdsh.dev.azure.manchester.ac.uk/server/rest/services/UPRN_PoC_Web_Layer_UK_v1/FeatureServer/208,,VectorDataset,/Administrative Areas,0,long,LONG,,False,False,,,,,area,1
4201,,3204a583d5ac4ad2ab640330f48dc3a5,Upper Tier Local Authorities (Dec 22) - UK Boundaries Fully Clipped,ArcGISFeatureLayer,71c9876f8b4546889de4f4a5899b50d6,https://nercdsh.dev.azure.manchester.ac.uk/server/rest/services/UPRN_PoC_Web_Layer_UK_v1/FeatureServer/208,,VectorDataset,/Administrative Areas,0,lat,LAT,,False,False,,,,,area,1
4301,,3204a583d5ac4ad2ab640330f48dc3a5,Upper Tier Local Authorities (Dec 22) - UK Boundaries Fully Clipped,ArcGISFeatureLayer,71c9876f8b4546889de4f4a5899b50d6,https://nercdsh.dev.azure.manchester.ac.uk/server/rest/services/UPRN_PoC_Web_Layer_UK_v1/FeatureServer/208,,VectorDataset,/Administrative Areas,0,globalid,GlobalID,,False,False,,,,,area,1
4401,,3204a583d5ac4ad2ab640330f48dc3a5,Upper Tier Local Authorities (Dec 22) - UK Boundaries Fully Clipped,ArcGISFeatureLayer,71c9876f8b4546889de4f4a5899b50d6,https://nercdsh.dev.azure.manchester.ac.uk/server/rest/services/UPRN_PoC_Web_Layer_UK_v1/FeatureServer/208,,VectorDataset,/Administrative Areas,0,SHAPE__Area,SHAPE__Area,,False,False,,,,,area,1
4501,,3204a583d5ac4ad2ab640330f48dc3a5,Upper Tier Local Authorities (Dec 22) - UK Boundaries Fully Clipped,ArcGISFeatureLayer,71c9876f8b4546889de4f4a5899b50d6,https://nercdsh.dev.azure.manchester.ac.uk/server/rest/services/UPRN_PoC_Web_Layer_UK_v1/FeatureServer/208,,VectorDataset,/Administrative Areas,0,st_perimeter(shape),st_perimeter(shape),,False,False,,,,,area,1
4601,,edbd54d7848e434f98cbf8e215e2f635,Counties and Unitary Authorities (Dec 23) - UK Boundaries Fully Clipped,ArcGISFeatureLayer,71c9876f8b4546889de4f4a5899b50d6,https://nercdsh.dev.azure.manchester.ac.uk/server/rest/services/UPRN_PoC_Web_Layer_UK_v1/FeatureServer/173,,VectorDataset,/Administrative Areas,0,objectid,OBJECTID,,False,False,,,,,area,1
4701,,edbd54d7848e434f98cbf8e215e2f635,Counties and Unitary Authorities (Dec 23) - UK Boundaries Fully Clipped,ArcGISFeatureLayer,71c9876f8b4546889de4f4a5899b50d6,https://nercdsh.dev.azure.manchester.ac.uk/server/rest/services/UPRN_PoC_Web_Layer_UK_v1/FeatureServer/173,,VectorDataset,/Administrative Areas,0,ctyua_id,CTYUA_ID,,False,False,,,,,area,1
4801,,edbd54d7848e434f98cbf8e215e2f635,Counties and Unitary Authorities (Dec 23) - UK Boundaries Fully Clipped,ArcGISFeatureLayer,71c9876f8b4546889de4f4a5899b50d6,https://nercdsh.dev.azure.manchester.ac.uk/server/rest/services/UPRN_PoC_Web_Layer_UK_v1/FeatureServer/173,,VectorDataset,/Administrative Areas,0,ctyua23cd,CTYUA23CD,,True,False,,,,,area,1
4901,,edbd54d7848e434f98cbf8e215e2f635,Counties and Unitary Authorities (Dec 23) - UK Boundaries Fully Clipped,ArcGISFeatureLayer,71c9876f8b4546889de4f4a5899b50d6,https://nercdsh.dev.azure.manchester.ac.uk/server/rest/services/UPRN_PoC_Web_Layer_UK_v1/FeatureServer/173,,VectorDataset,/Administrative Areas,0,ctyua23nm,CTYUA23NM,,True,False,,,,,area,1
5001,,edbd54d7848e434f98cbf8e215e2f635,Counties and Unitary Authorities (Dec 23) - UK Boundaries Fully Clipped,ArcGISFeatureLayer,71c9876f8b4546889de4f4a5899b50d6,https://nercdsh.dev.azure.manchester.ac.uk/server/rest/services/UPRN_PoC_Web_Layer_UK_v1/FeatureServer/173,,VectorDataset,/Administrative Areas,0,ctyua23nmw,CTYUA23NMW,,True,False,,,,,area,1
5101,,edbd54d7848e434f98cbf8e215e2f635,Counties and Unitary Authorities (Dec 23) - UK Boundaries Fully Clipped,ArcGISFeatureLayer,71c9876f8b4546889de4f4a5899b50d6,https://nercdsh.dev.azure.manchester.ac.uk/server/rest/services/UPRN_PoC_Web_Layer_UK_v1/FeatureServer/173,,VectorDataset,/Administrative Areas,0,bng_e,BNG_E,,False,False,,,,,area,1
5201,,edbd54d7848e434f98cbf8e215e2f635,Counties and Unitary Authorities (Dec 23) - UK Boundaries Fully Clipped,ArcGISFeatureLayer,71c9876f8b4546889de4f4a5899b50d6,https://nercdsh.dev.azure.manchester.ac.uk/server/rest/services/UPRN_PoC_Web_Layer_UK_v1/FeatureServer/173,,VectorDataset,/Administrative Areas,0,bng_n,BNG_N,,False,False,,,,,area,1
5301,,edbd54d7848e434f98cbf8e215e2f635,Counties and Unitary Authorities (Dec 23) - UK Boundaries Fully Clipped,ArcGISFeatureLayer,71c9876f8b4546889de4f4a5899b50d6,https://nercdsh.dev.azure.manchester.ac.uk/server/rest/services/UPRN_PoC_Web_Layer_UK_v1/FeatureServer/173,,VectorDataset,/Administrative Areas,0,long,LONG,,False,False,,,,,area,1
5401,,edbd54d7848e434f98cbf8e215e2f635,Counties and Unitary Authorities (Dec 23) - UK Boundaries Fully Clipped,ArcGISFeatureLayer,71c9876f8b4546889de4f4a5899b50d6,https://nercdsh.dev.azure.manchester.ac.uk/server/rest/services/UPRN_PoC_Web_Layer_UK_v1/FeatureServer/173,,VectorDataset,/Administrative Areas,0,lat,LAT,,False,False,,,,,area,1
5501,,edbd54d7848e434f98cbf8e215e2f635,Counties and Unitary Authorities (Dec 23) - UK Boundaries Fully Clipped,ArcGISFeatureLayer,71c9876f8b4546889de4f4a5899b50d6,https://nercdsh.dev.azure.manchester.ac.uk/server/rest/services/UPRN_PoC_Web_Layer_UK_v1/FeatureServer/173,,VectorDataset,/Administrative Areas,0,globalid,GlobalID,,False,False,,,,,area,1
5601,,edbd54d7848e434f98cbf8e215e2f635,Counties and Unitary Authorities (Dec 23) - UK Boundaries Fully Clipped,ArcGISFeatureLayer,71c9876f8b4546889de4f4a5899b50d6,https://nercdsh.dev.azure.manchester.ac.uk/server/rest/services/UPRN_PoC_Web_Layer_UK_v1/FeatureServer/173,,VectorDataset,/Administrative Areas,0,SHAPE__Area,SHAPE__Area,,False,False,,,,,area,1
5701,,edbd54d7848e434f98cbf8e215e2f635,Counties and Unitary Authorities (Dec 23) - UK Boundaries Fully Clipped,ArcGISFeatureLayer,71c9876f8b4546889de4f4a5899b50d6,https://nercdsh.dev.azure.manchester.ac.uk/server/rest/services/UPRN_PoC_Web_Layer_UK_v1/FeatureServer/173,,VectorDataset,/Administrative Areas,0,st_perimeter(shape),st_perimeter(shape),,False,False,,,,,area,1
5801,,f2dceb074ec443e5b4cba5dd11ac6317,Wards (Dec 23) - UK Boundaries Fully Clipped,ArcGISFeatureLayer,71c9876f8b4546889de4f4a5899b50d6,https://nercdsh.dev.azure.manchester.ac.uk/server/rest/services/UPRN_PoC_Web_Layer_UK_v1/FeatureServer/175,,VectorDataset,/Administrative Areas,0,objectid,OBJECTID,,False,True,,,,,area,1
5901,,f2dceb074ec443e5b4cba5dd11ac6317,Wards (Dec 23) - UK Boundaries Fully Clipped,ArcGISFeatureLayer,71c9876f8b4546889de4f4a5899b50d6,https://nercdsh.dev.azure.manchester.ac.uk/server/rest/services/UPRN_PoC_Web_Layer_UK_v1/FeatureServer/175,,VectorDataset,/Administrative Areas,0,wd_id,WD_ID,,False,True,,,,,area,1
6001,,f2dceb074ec443e5b4cba5dd11ac6317,Wards (Dec 23) - UK Boundaries Fully Clipped,ArcGISFeatureLayer,71c9876f8b4546889de4f4a5899b50d6,https://nercdsh.dev.azure.manchester.ac.uk/server/rest/services/UPRN_PoC_Web_Layer_UK_v1/FeatureServer/175,,VectorDataset,/Administrative Areas,0,wd23cd,WD23CD,,True,True,,,,,area,1
6101,,f2dceb074ec443e5b4cba5dd11ac6317,Wards (Dec 23) - UK Boundaries Fully Clipped,ArcGISFeatureLayer,71c9876f8b4546889de4f4a5899b50d6,https://nercdsh.dev.azure.manchester.ac.uk/server/rest/services/UPRN_PoC_Web_Layer_UK_v1/FeatureServer/175,,VectorDataset,/Administrative Areas,0,wd23nm,WD23NM,,True,True,,,,,area,1
6201,,f2dceb074ec443e5b4cba5dd11ac6317,Wards (Dec 23) - UK Boundaries Fully Clipped,ArcGISFeatureLayer,71c9876f8b4546889de4f4a5899b50d6,https://nercdsh.dev.azure.manchester.ac.uk/server/rest/services/UPRN_PoC_Web_Layer_UK_v1/FeatureServer/175,,VectorDataset,/Administrative Areas,0,wd23nmw,WD23NMW,,True,True,,,,,area,1
6301,,f2dceb074ec443e5b4cba5dd11ac6317,Wards (Dec 23) - UK Boundaries Fully Clipped,ArcGISFeatureLayer,71c9876f8b4546889de4f4a5899b50d6,https://nercdsh.dev.azure.manchester.ac.uk/server/rest/services/UPRN_PoC_Web_Layer_UK_v1/FeatureServer/175,,VectorDataset,/Administrative Areas,0,bng_e,BNG_E,,False,True,,,,,area,1
6401,,f2dceb074ec443e5b4cba5dd11ac6317,Wards (Dec 23) - UK Boundaries Fully Clipped,ArcGISFeatureLayer,71c9876f8b4546889de4f4a5899b50d6,https://nercdsh.dev.azure.manchester.ac.uk/server/rest/services/UPRN_PoC_Web_Layer_UK_v1/FeatureServer/175,,VectorDataset,/Administrative Areas,0,bng_n,BNG_N,,False,True,,,,,area,1
6501,,f2dceb074ec443e5b4cba5dd11ac6317,Wards (Dec 23) - UK Boundaries Fully Clipped,ArcGISFeatureLayer,71c9876f8b4546889de4f4a5899b50d6,https://nercdsh.dev.azure.manchester.ac.uk/server/rest/services/UPRN_PoC_Web_Layer_UK_v1/FeatureServer/175,,VectorDataset,/Administrative Areas,0,long,LONG,,False,True,,,,,area,1
6601,,f2dceb074ec443e5b4cba5dd11ac6317,Wards (Dec 23) - UK Boundaries Fully Clipped,ArcGISFeatureLayer,71c9876f8b4546889de4f4a5899b50d6,https://nercdsh.dev.azure.manchester.ac.uk/server/rest/services/UPRN_PoC_Web_Layer_UK_v1/FeatureServer/175,,VectorDataset,/Administrative Areas,0,lat,LAT,,False,True,,,,,area,1
6701,,f2dceb074ec443e5b4cba5dd11ac6317,Wards (Dec 23) - UK Boundaries Fully Clipped,ArcGISFeatureLayer,71c9876f8b4546889de4f4a5899b50d6,https://nercdsh.dev.azure.manchester.ac.uk/server/rest/services/UPRN_PoC_Web_Layer_UK_v1/FeatureServer/175,,VectorDataset,/Administrative Areas,0,globalid,GlobalID,,False,True,,,,,area,1
6801,,f2dceb074ec443e5b4cba5dd11ac6317,Wards (Dec 23) - UK Boundaries Fully Clipped,ArcGISFeatureLayer,71c9876f8b4546889de4f4a5899b50d6,https://nercdsh.dev.azure.manchester.ac.uk/server/rest/services/UPRN_PoC_Web_Layer_UK_v1/FeatureServer/175,,VectorDataset,/Administrative Areas,0,SHAPE__Area,SHAPE__Area,,False,True,,,,,area,1
6901,,f2dceb074ec443e5b4cba5dd11ac6317,Wards (Dec 23) - UK Boundaries Fully Clipped,ArcGISFeatureLayer,71c9876f8b4546889de4f4a5899b50d6,https://nercdsh.dev.azure.manchester.ac.uk/server/rest/services/UPRN_PoC_Web_Layer_UK_v1/FeatureServer/175,,VectorDataset,/Administrative Areas,0,st_perimeter(shape),st_perimeter(shape),,False,True,,,,,area,1
7001,,4f3a8ce39da34dbbb3ee96a8ccb56585,Middle layer Super Output Areas (Dec 21) - EW Boundaries Fully Clipped V6,ArcGISFeatureLayer,71c9876f8b4546889de4f4a5899b50d6,https://nercdsh.dev.azure.manchester.ac.uk/server/rest/services/UPRN_PoC_Web_Layer_UK_v1/FeatureServer/176,,VectorDataset,/Administrative Areas,0,objectid,OBJECTID,,False,True,,,,,area,1
7101,,4f3a8ce39da34dbbb3ee96a8ccb56585,Middle layer Super Output Areas (Dec 21) - EW Boundaries Fully Clipped V6,ArcGISFeatureLayer,71c9876f8b4546889de4f4a5899b50d6,https://nercdsh.dev.azure.manchester.ac.uk/server/rest/services/UPRN_PoC_Web_Layer_UK_v1/FeatureServer/176,,VectorDataset,/Administrative Areas,0,msoa_id,MSOA_ID,,False,True,,,,,area,1
7201,,4f3a8ce39da34dbbb3ee96a8ccb56585,Middle layer Super Output Areas (Dec 21) - EW Boundaries Fully Clipped V6,ArcGISFeatureLayer,71c9876f8b4546889de4f4a5899b50d6,https://nercdsh.dev.azure.manchester.ac.uk/server/rest/services/UPRN_PoC_Web_Layer_UK_v1/FeatureServer/176,,VectorDataset,/Administrative Areas,0,msoa21cd,MSOA21CD,,True,True,,,,,area,1
7301,,4f3a8ce39da34dbbb3ee96a8ccb56585,Middle layer Super Output Areas (Dec 21) - EW Boundaries Fully Clipped V6,ArcGISFeatureLayer,71c9876f8b4546889de4f4a5899b50d6,https://nercdsh.dev.azure.manchester.ac.uk/server/rest/services/UPRN_PoC_Web_Layer_UK_v1/FeatureServer/176,,VectorDataset,/Administrative Areas,0,msoa21nm,MSOA21NM,,True,True,,,,,area,1
7401,,4f3a8ce39da34dbbb3ee96a8ccb56585,Middle layer Super Output Areas (Dec 21) - EW Boundaries Fully Clipped V6,ArcGISFeatureLayer,71c9876f8b4546889de4f4a5899b50d6,https://nercdsh.dev.azure.manchester.ac.uk/server/rest/services/UPRN_PoC_Web_Layer_UK_v1/FeatureServer/176,,VectorDataset,/Administrative Areas,0,bng_e,BNG_E,,False,True,,,,,area,1
7501,,4f3a8ce39da34dbbb3ee96a8ccb56585,Middle layer Super Output Areas (Dec 21) - EW Boundaries Fully Clipped V6,ArcGISFeatureLayer,71c9876f8b4546889de4f4a5899b50d6,https://nercdsh.dev.azure.manchester.ac.uk/server/rest/services/UPRN_PoC_Web_Layer_UK_v1/FeatureServer/176,,VectorDataset,/Administrative Areas,0,bng_n,BNG_N,,False,True,,,,,area,1
7601,,4f3a8ce39da34dbbb3ee96a8ccb56585,Middle layer Super Output Areas (Dec 21) - EW Boundaries Fully Clipped V6,ArcGISFeatureLayer,71c9876f8b4546889de4f4a5899b50d6,https://nercdsh.dev.azure.manchester.ac.uk/server/rest/services/UPRN_PoC_Web_Layer_UK_v1/FeatureServer/176,,VectorDataset,/Administrative Areas,0,long,LONG,,False,True,,,,,area,1
7701,,4f3a8ce39da34dbbb3ee96a8ccb56585,Middle layer Super Output Areas (Dec 21) - EW Boundaries Fully Clipped V6,ArcGISFeatureLayer,71c9876f8b4546889de4f4a5899b50d6,https://nercdsh.dev.azure.manchester.ac.uk/server/rest/services/UPRN_PoC_Web_Layer_UK_v1/FeatureServer/176,,VectorDataset,/Administrative Areas,0,lat,LAT,,False,True,,,,,area,1
7801,,4f3a8ce39da34dbbb3ee96a8ccb56585,Middle layer Super Output Areas (Dec 21) - EW Boundaries Fully Clipped V6,ArcGISFeatureLayer,71c9876f8b4546889de4f4a5899b50d6,https://nercdsh.dev.azure.manchester.ac.uk/server/rest/services/UPRN_PoC_Web_Layer_UK_v1/FeatureServer/176,,VectorDataset,/Administrative Areas,0,globalid,GlobalID,,False,True,,,,,area,1
7901,,4f3a8ce39da34dbbb3ee96a8ccb56585,Middle layer Super Output Areas (Dec 21) - EW Boundaries Fully Clipped V6,ArcGISFeatureLayer,71c9876f8b4546889de4f4a5899b50d6,https://nercdsh.dev.azure.manchester.ac.uk/server/rest/services/UPRN_PoC_Web_Layer_UK_v1/FeatureServer/176,,VectorDataset,/Administrative Areas,0,SHAPE__Area,SHAPE__Area,,False,True,,,,,area,1
8001,,4f3a8ce39da34dbbb3ee96a8ccb56585,Middle layer Super Output Areas (Dec 21) - EW Boundaries Fully Clipped V6,ArcGISFeatureLayer,71c9876f8b4546889de4f4a5899b50d6,https://nercdsh.dev.azure.manchester.ac.uk/server/rest/services/UPRN_PoC_Web_Layer_UK_v1/FeatureServer/176,,VectorDataset,/Administrative Areas,0,st_perimeter(shape),st_perimeter(shape),,False,True,,,,,area,1
8101,,a2814ce7b8d84409886e0c41504d2379,Lower layer Super Output Areas (Dec 21) - EW Boundaries Fully Clipped V8,ArcGISFeatureLayer,71c9876f8b4546889de4f4a5899b50d6,https://nercdsh.dev.azure.manchester.ac.uk/server/rest/services/UPRN_PoC_Web_Layer_UK_v1/FeatureServer/192,,VectorDataset,/Administrative Areas,0,objectid,OBJECTID,,False,True,,,,,area,1
8201,,a2814ce7b8d84409886e0c41504d2379,Lower layer Super Output Areas (Dec 21) - EW Boundaries Fully Clipped V8,ArcGISFeatureLayer,71c9876f8b4546889de4f4a5899b50d6,https://nercdsh.dev.azure.manchester.ac.uk/server/rest/services/UPRN_PoC_Web_Layer_UK_v1/FeatureServer/192,,VectorDataset,/Administrative Areas,0,lsoa_id,LSOA_ID,,False,True,,,,,area,1
8301,,a2814ce7b8d84409886e0c41504d2379,Lower layer Super Output Areas (Dec 21) - EW Boundaries Fully Clipped V8,ArcGISFeatureLayer,71c9876f8b4546889de4f4a5899b50d6,https://nercdsh.dev.azure.manchester.ac.uk/server/rest/services/UPRN_PoC_Web_Layer_UK_v1/FeatureServer/192,,VectorDataset,/Administrative Areas,0,lsoa21cd,LSOA21CD,,True,True,,,,,area,1
8401,,a2814ce7b8d84409886e0c41504d2379,Lower layer Super Output Areas (Dec 21) - EW Boundaries Fully Clipped V8,ArcGISFeatureLayer,71c9876f8b4546889de4f4a5899b50d6,https://nercdsh.dev.azure.manchester.ac.uk/server/rest/services/UPRN_PoC_Web_Layer_UK_v1/FeatureServer/192,,VectorDataset,/Administrative Areas,0,lsoa21nm,LSOA21NM,,True,True,,,,,area,1
8501,,a2814ce7b8d84409886e0c41504d2379,Lower layer Super Output Areas (Dec 21) - EW Boundaries Fully Clipped V8,ArcGISFeatureLayer,71c9876f8b4546889de4f4a5899b50d6,https://nercdsh.dev.azure.manchester.ac.uk/server/rest/services/UPRN_PoC_Web_Layer_UK_v1/FeatureServer/192,,VectorDataset,/Administrative Areas,0,bng_e,BNG_E,,False,True,,,,,area,1
8601,,a2814ce7b8d84409886e0c41504d2379,Lower layer Super Output Areas (Dec 21) - EW Boundaries Fully Clipped V8,ArcGISFeatureLayer,71c9876f8b4546889de4f4a5899b50d6,https://nercdsh.dev.azure.manchester.ac.uk/server/rest/services/UPRN_PoC_Web_Layer_UK_v1/FeatureServer/192,,VectorDataset,/Administrative Areas,0,bng_n,BNG_N,,False,True,,,,,area,1
8701,,a2814ce7b8d84409886e0c41504d2379,Lower layer Super Output Areas (Dec 21) - EW Boundaries Fully Clipped V8,ArcGISFeatureLayer,71c9876f8b4546889de4f4a5899b50d6,https://nercdsh.dev.azure.manchester.ac.uk/server/rest/services/UPRN_PoC_Web_Layer_UK_v1/FeatureServer/192,,VectorDataset,/Administrative Areas,0,long,LONG,,False,True,,,,,area,1
8801,,a2814ce7b8d84409886e0c41504d2379,Lower layer Super Output Areas (Dec 21) - EW Boundaries Fully Clipped V8,ArcGISFeatureLayer,71c9876f8b4546889de4f4a5899b50d6,https://nercdsh.dev.azure.manchester.ac.uk/server/rest/services/UPRN_PoC_Web_Layer_UK_v1/FeatureServer/192,,VectorDataset,/Administrative Areas,0,lat,LAT,,False,True,,,,,area,1
8901,,a2814ce7b8d84409886e0c41504d2379,Lower layer Super Output Areas (Dec 21) - EW Boundaries Fully Clipped V8,ArcGISFeatureLayer,71c9876f8b4546889de4f4a5899b50d6,https://nercdsh.dev.azure.manchester.ac.uk/server/rest/services/UPRN_PoC_Web_Layer_UK_v1/FeatureServer/192,,VectorDataset,/Administrative Areas,0,globalid,GlobalID,,False,True,,,,,area,1
9001,,a2814ce7b8d84409886e0c41504d2379,Lower layer Super Output Areas (Dec 21) - EW Boundaries Fully Clipped V8,ArcGISFeatureLayer,71c9876f8b4546889de4f4a5899b50d6,https://nercdsh.dev.azure.manchester.ac.uk/server/rest/services/UPRN_PoC_Web_Layer_UK_v1/FeatureServer/192,,VectorDataset,/Administrative Areas,0,SHAPE__Area,SHAPE__Area,,False,True,,,,,area,1
9101,,a2814ce7b8d84409886e0c41504d2379,Lower layer Super Output Areas (Dec 21) - EW Boundaries Fully Clipped V8,ArcGISFeatureLayer,71c9876f8b4546889de4f4a5899b50d6,https://nercdsh.dev.azure.manchester.ac.uk/server/rest/services/UPRN_PoC_Web_Layer_UK_v1/FeatureServer/192,,VectorDataset,/Administrative Areas,0,st_perimeter(shape),st_perimeter(shape),,False,True,,,,,area,1
9201,,948081273f1c4a33a7a7a940d6b541e8,Built Up Areas (Dec 22) GB,ArcGISFeatureLayer,71c9876f8b4546889de4f4a5899b50d6,https://nercdsh.dev.azure.manchester.ac.uk/server/rest/services/UPRN_PoC_Web_Layer_UK_v1/FeatureServer/193,,VectorDataset,/Administrative Areas,0,objectid,OBJECTID,,False,False,,,,,area,1
9301,,948081273f1c4a33a7a7a940d6b541e8,Built Up Areas (Dec 22) GB,ArcGISFeatureLayer,71c9876f8b4546889de4f4a5899b50d6,https://nercdsh.dev.azure.manchester.ac.uk/server/rest/services/UPRN_PoC_Web_Layer_UK_v1/FeatureServer/193,,VectorDataset,/Administrative Areas,0,bua_id,BUA_ID,,False,False,,,,,area,1
9401,,948081273f1c4a33a7a7a940d6b541e8,Built Up Areas (Dec 22) GB,ArcGISFeatureLayer,71c9876f8b4546889de4f4a5899b50d6,https://nercdsh.dev.azure.manchester.ac.uk/server/rest/services/UPRN_PoC_Web_Layer_UK_v1/FeatureServer/193,,VectorDataset,/Administrative Areas,0,bua22cd,BUA22CD,,True,False,,,,,area,1
9501,,948081273f1c4a33a7a7a940d6b541e8,Built Up Areas (Dec 22) GB,ArcGISFeatureLayer,71c9876f8b4546889de4f4a5899b50d6,https://nercdsh.dev.azure.manchester.ac.uk/server/rest/services/UPRN_PoC_Web_Layer_UK_v1/FeatureServer/193,,VectorDataset,/Administrative Areas,0,bua22nm,BUA22NM,,True,False,,,,,area,1
9601,,948081273f1c4a33a7a7a940d6b541e8,Built Up Areas (Dec 22) GB,ArcGISFeatureLayer,71c9876f8b4546889de4f4a5899b50d6,https://nercdsh.dev.azure.manchester.ac.uk/server/rest/services/UPRN_PoC_Web_Layer_UK_v1/FeatureServer/193,,VectorDataset,/Administrative Areas,0,bua22nmw,BUA22NMW,,True,False,,,,,area,1
9701,,948081273f1c4a33a7a7a940d6b541e8,Built Up Areas (Dec 22) GB,ArcGISFeatureLayer,71c9876f8b4546889de4f4a5899b50d6,https://nercdsh.dev.azure.manchester.ac.uk/server/rest/services/UPRN_PoC_Web_Layer_UK_v1/FeatureServer/193,,VectorDataset,/Administrative Areas,0,bua22nmg,BUA22NMG,,True,False,,,,,area,1
9801,,948081273f1c4a33a7a7a940d6b541e8,Built Up Areas (Dec 22) GB,ArcGISFeatureLayer,71c9876f8b4546889de4f4a5899b50d6,https://nercdsh.dev.azure.manchester.ac.uk/server/rest/services/UPRN_PoC_Web_Layer_UK_v1/FeatureServer/193,,VectorDataset,/Administrative Areas,0,bng_e,BNG_E,,False,False,,,,,area,1
9901,,948081273f1c4a33a7a7a940d6b541e8,Built Up Areas (Dec 22) GB,ArcGISFeatureLayer,71c9876f8b4546889de4f4a5899b50d6,https://nercdsh.dev.azure.manchester.ac.uk/server/rest/services/UPRN_PoC_Web_Layer_UK_v1/FeatureServer/193,,VectorDataset,/Administrative Areas,0,bng_n,BNG_N,,False,False,,,,,area,1
10001,,948081273f1c4a33a7a7a940d6b541e8,Built Up Areas (Dec 22) GB,ArcGISFeatureLayer,71c9876f8b4546889de4f4a5899b50d6,https://nercdsh.dev.azure.manchester.ac.uk/server/rest/services/UPRN_PoC_Web_Layer_UK_v1/FeatureServer/193,,VectorDataset,/Administrative Areas,0,long,LONG,,False,False,,,,,area,1
10101,,948081273f1c4a33a7a7a940d6b541e8,Built Up Areas (Dec 22) GB,ArcGISFeatureLayer,71c9876f8b4546889de4f4a5899b50d6,https://nercdsh.dev.azure.manchester.ac.uk/server/rest/services/UPRN_PoC_Web_Layer_UK_v1/FeatureServer/193,,VectorDataset,/Administrative Areas,0,lat,LAT,,False,False,,,,,area,1
10201,,948081273f1c4a33a7a7a940d6b541e8,Built Up Areas (Dec 22) GB,ArcGISFeatureLayer,71c9876f8b4546889de4f4a5899b50d6,https://nercdsh.dev.azure.manchester.ac.uk/server/rest/services/UPRN_PoC_Web_Layer_UK_v1/FeatureServer/193,,VectorDataset,/Administrative Areas,0,globalid,GlobalID,,False,False,,,,,area,1
10301,,948081273f1c4a33a7a7a940d6b541e8,Built Up Areas (Dec 22) GB,ArcGISFeatureLayer,71c9876f8b4546889de4f4a5899b50d6,https://nercdsh.dev.azure.manchester.ac.uk/server/rest/services/UPRN_PoC_Web_Layer_UK_v1/FeatureServer/193,,VectorDataset,/Administrative Areas,0,SHAPE__Area,SHAPE__Area,,False,False,,,,,area,1
10401,,948081273f1c4a33a7a7a940d6b541e8,Built Up Areas (Dec 22) GB,ArcGISFeatureLayer,71c9876f8b4546889de4f4a5899b50d6,https://nercdsh.dev.azure.manchester.ac.uk/server/rest/services/UPRN_PoC_Web_Layer_UK_v1/FeatureServer/193,,VectorDataset,/Administrative Areas,0,st_perimeter(shape),st_perimeter(shape),,False,False,,,,,area,1
10501,,e9337d092df8403fa1e7d17beedde69b,ClimateJust - Grid (England) - Heat,ArcGISFeatureLayer,71c9876f8b4546889de4f4a5899b50d6,https://nercdsh.dev.azure.manchester.ac.uk/server/rest/services/UPRN_PoC_Web_Layer_UK_v1/FeatureServer/20,,VectorDataset,/ClimateJust,0,objectid,OBJECTID,,False,True,False,,,,data,2
10601,,e9337d092df8403fa1e7d17beedde69b,ClimateJust - Grid (England) - Heat,ArcGISFeatureLayer,71c9876f8b4546889de4f4a5899b50d6,https://nercdsh.dev.azure.manchester.ac.uk/server/rest/services/UPRN_PoC_Web_Layer_UK_v1/FeatureServer/20,,VectorDataset,/ClimateJust,0,fullgridid,FullGrid ID,,True,True,True,,,,data,2
10701,,e9337d092df8403fa1e7d17beedde69b,ClimateJust - Grid (England) - Heat,ArcGISFeatureLayer,71c9876f8b4546889de4f4a5899b50d6,https://nercdsh.dev.azure.manchester.ac.uk/server/rest/services/UPRN_PoC_Web_Layer_UK_v1/FeatureServer/20,,VectorDataset,/ClimateJust,0,msoa_numbe,MSOA Number,,True,True,True,,,,data,2
10801,,e9337d092df8403fa1e7d17beedde69b,ClimateJust - Grid (England) - Heat,ArcGISFeatureLayer,71c9876f8b4546889de4f4a5899b50d6,https://nercdsh.dev.azure.manchester.ac.uk/server/rest/services/UPRN_PoC_Web_Layer_UK_v1/FeatureServer/20,,VectorDataset,/ClimateJust,0,r_hzz_cv1,Average vulnerability and mean summer maximum temperature 2050s - Low estimate (10th percentile),,True,True,False,/Heat disadvantage (2011)/Average vulnerability/High emissions scenario,,,data,2
10901,,e9337d092df8403fa1e7d17beedde69b,ClimateJust - Grid (England) - Heat,ArcGISFeatureLayer,71c9876f8b4546889de4f4a5899b50d6,https://nercdsh.dev.azure.manchester.ac.uk/server/rest/services/UPRN_PoC_Web_Layer_UK_v1/FeatureServer/20,,VectorDataset,/ClimateJust,0,r_hzz_cv2,Average vulnerability and mean summer maximum temperature 2050s - Central estimate (50th percentile),,True,True,False,/Heat disadvantage (2011)/Average vulnerability/High emissions scenario,,,data,2
11001,,e9337d092df8403fa1e7d17beedde69b,ClimateJust - Grid (England) - Heat,ArcGISFeatureLayer,71c9876f8b4546889de4f4a5899b50d6,https://nercdsh.dev.azure.manchester.ac.uk/server/rest/services/UPRN_PoC_Web_Layer_UK_v1/FeatureServer/20,,VectorDataset,/ClimateJust,0,r_hzz_cv3,Average vulnerability and mean summer maximum temperature 2050s - High estimate (90th percentile),,True,True,False,/Heat disadvantage (2011)/Average vulnerability/High emissions scenario,,,data,2
11101,,e9337d092df8403fa1e7d17beedde69b,ClimateJust - Grid (England) - Heat,ArcGISFeatureLayer,71c9876f8b4546889de4f4a5899b50d6,https://nercdsh.dev.azure.manchester.ac.uk/server/rest/services/UPRN_PoC_Web_Layer_UK_v1/FeatureServer/20,,VectorDataset,/ClimateJust,0,r_hzz_cv4,Average vulnerability and mean summer maximum temperature 2050s - Low estimate (10th percentile),,True,True,False,/Heat disadvantage (2011)/Average vulnerability/Low emissions scenario,,,data,2
11201,,e9337d092df8403fa1e7d17beedde69b,ClimateJust - Grid (England) - Heat,ArcGISFeatureLayer,71c9876f8b4546889de4f4a5899b50d6,https://nercdsh.dev.azure.manchester.ac.uk/server/rest/services/UPRN_PoC_Web_Layer_UK_v1/FeatureServer/20,,VectorDataset,/ClimateJust,0,r_hzz_cv5,Average vulnerability and mean summer maximum temperature 2050s - Central estimate (50th percentile),,True,True,False,/Heat disadvantage (2011)/Average vulnerability/Low emissions scenario,,,data,2
11301,,e9337d092df8403fa1e7d17beedde69b,ClimateJust - Grid (England) - Heat,ArcGISFeatureLayer,71c9876f8b4546889de4f4a5899b50d6,https://nercdsh.dev.azure.manchester.ac.uk/server/rest/services/UPRN_PoC_Web_Layer_UK_v1/FeatureServer/20,,VectorDataset,/ClimateJust,0,r_hzz_cv6,Average vulnerability and mean summer maximum temperature 2050s - High estimate (90th percentile),,True,True,False,/Heat disadvantage (2011)/Average vulnerability/Low emissions scenario,,,data,2
11401,,e9337d092df8403fa1e7d17beedde69b,ClimateJust - Grid (England) - Heat,ArcGISFeatureLayer,71c9876f8b4546889de4f4a5899b50d6,https://nercdsh.dev.azure.manchester.ac.uk/server/rest/services/UPRN_PoC_Web_Layer_UK_v1/FeatureServer/20,,VectorDataset,/ClimateJust,0,r_hzz_cv7,Average vulnerability and mean summer maximum temperature 2050s - Low estimate (10th percentile),,True,True,False,/Heat disadvantage (2011)/Average vulnerability/Medium emissions scenario,,,data,2
11501,,e9337d092df8403fa1e7d17beedde69b,ClimateJust - Grid (England) - Heat,ArcGISFeatureLayer,71c9876f8b4546889de4f4a5899b50d6,https://nercdsh.dev.azure.manchester.ac.uk/server/rest/services/UPRN_PoC_Web_Layer_UK_v1/FeatureServer/20,,VectorDataset,/ClimateJust,0,r_hzz_cv8,Average vulnerability and mean summer maximum temperature 2050s - Central estimate (50th percentile) RECOMMENDED,,True,True,False,/Heat disadvantage (2011)/Average vulnerability/Medium emissions scenario,,,data,2
11601,,e9337d092df8403fa1e7d17beedde69b,ClimateJust - Grid (England) - Heat,ArcGISFeatureLayer,71c9876f8b4546889de4f4a5899b50d6,https://nercdsh.dev.azure.manchester.ac.uk/server/rest/services/UPRN_PoC_Web_Layer_UK_v1/FeatureServer/20,,VectorDataset,/ClimateJust,0,r_hzz_cv9,Average vulnerability and mean summer maximum temperature 2050s - High estimate (90th percentile),,True,True,False,/Heat disadvantage (2011)/Average vulnerability/Medium emissions scenario,,,data,2
11701,,e9337d092df8403fa1e7d17beedde69b,ClimateJust - Grid (England) - Heat,ArcGISFeatureLayer,71c9876f8b4546889de4f4a5899b50d6,https://nercdsh.dev.azure.manchester.ac.uk/server/rest/services/UPRN_PoC_Web_Layer_UK_v1/FeatureServer/20,,VectorDataset,/ClimateJust,0,r_hzz_cv10,Average vulnerability and change in mean summer maximum temperature baseline to 2050s - Low estimate (10th percentile),,True,True,False,/Heat disadvantage (2011)/Average vulnerability/High emissions scenario,,,data,2
11801,,e9337d092df8403fa1e7d17beedde69b,ClimateJust - Grid (England) - Heat,ArcGISFeatureLayer,71c9876f8b4546889de4f4a5899b50d6,https://nercdsh.dev.azure.manchester.ac.uk/server/rest/services/UPRN_PoC_Web_Layer_UK_v1/FeatureServer/20,,VectorDataset,/ClimateJust,0,r_hzz_cv11,Average vulnerability and change in mean summer maximum temperature baseline to 2050s - Central estimate (50th percentile),,True,True,False,/Heat disadvantage (2011)/Average vulnerability/High emissions scenario,,,data,2
11901,,e9337d092df8403fa1e7d17beedde69b,ClimateJust - Grid (England) - Heat,ArcGISFeatureLayer,71c9876f8b4546889de4f4a5899b50d6,https://nercdsh.dev.azure.manchester.ac.uk/server/rest/services/UPRN_PoC_Web_Layer_UK_v1/FeatureServer/20,,VectorDataset,/ClimateJust,0,r_hzz_cv12,Average vulnerability and change in mean summer maximum temperature baseline to 2050s - High estimate (90th percentile),,True,True,False,/Heat disadvantage (2011)/Average vulnerability/High emissions scenario,,,data,2
12001,,e9337d092df8403fa1e7d17beedde69b,ClimateJust - Grid (England) - Heat,ArcGISFeatureLayer,71c9876f8b4546889de4f4a5899b50d6,https://nercdsh.dev.azure.manchester.ac.uk/server/rest/services/UPRN_PoC_Web_Layer_UK_v1/FeatureServer/20,,VectorDataset,/ClimateJust,0,r_hzz_cv13,Average vulnerability and change in mean summer maximum temperature baseline to 2050s - Low estimate (10th percentile),,True,True,False,/Heat disadvantage (2011)/Average vulnerability/Low emissions scenario,,,data,2
12101,,e9337d092df8403fa1e7d17beedde69b,ClimateJust - Grid (England) - Heat,ArcGISFeatureLayer,71c9876f8b4546889de4f4a5899b50d6,https://nercdsh.dev.azure.manchester.ac.uk/server/rest/services/UPRN_PoC_Web_Layer_UK_v1/FeatureServer/20,,VectorDataset,/ClimateJust,0,r_hzz_cv14,Average vulnerability and change in mean summer maximum temperature baseline to 2050s - Central estimate (50th percentile),,True,True,False,/Heat disadvantage (2011)/Average vulnerability/Low emissions scenario,,,data,2
12201,,e9337d092df8403fa1e7d17beedde69b,ClimateJust - Grid (England) - Heat,ArcGISFeatureLayer,71c9876f8b4546889de4f4a5899b50d6,https://nercdsh.dev.azure.manchester.ac.uk/server/rest/services/UPRN_PoC_Web_Layer_UK_v1/FeatureServer/20,,VectorDataset,/ClimateJust,0,r_hzz_cv15,Average vulnerability and change in mean summer maximum temperature baseline to 2050s - High estimate (90th percentile),,True,True,False,/Heat disadvantage (2011)/Average vulnerability/Low emissions scenario,,,data,2
12301,,e9337d092df8403fa1e7d17beedde69b,ClimateJust - Grid (England) - Heat,ArcGISFeatureLayer,71c9876f8b4546889de4f4a5899b50d6,https://nercdsh.dev.azure.manchester.ac.uk/server/rest/services/UPRN_PoC_Web_Layer_UK_v1/FeatureServer/20,,VectorDataset,/ClimateJust,0,r_hzz_cv16,Average vulnerability and change in mean summer maximum temperature baseline to 2050s - Low estimate (10th percentile),,True,True,False,/Heat disadvantage (2011)/Average vulnerability/Medium emissions scenario,,,data,2
12401,,e9337d092df8403fa1e7d17beedde69b,ClimateJust - Grid (England) - Heat,ArcGISFeatureLayer,71c9876f8b4546889de4f4a5899b50d6,https://nercdsh.dev.azure.manchester.ac.uk/server/rest/services/UPRN_PoC_Web_Layer_UK_v1/FeatureServer/20,,VectorDataset,/ClimateJust,0,r_hzz_cv17,Average vulnerability and change in mean summer maximum temperature baseline to 2050s - Central estimate (50th percentile) RECOMMENDED,,True,True,False,/Heat disadvantage (2011)/Average vulnerability/Medium emissions scenario,,,data,2
12501,,e9337d092df8403fa1e7d17beedde69b,ClimateJust - Grid (England) - Heat,ArcGISFeatureLayer,71c9876f8b4546889de4f4a5899b50d6,https://nercdsh.dev.azure.manchester.ac.uk/server/rest/services/UPRN_PoC_Web_Layer_UK_v1/FeatureServer/20,,VectorDataset,/ClimateJust,0,r_hzz_cv18,Average vulnerability and change in mean summer maximum temperature baseline to 2050s - High estimate (90th percentile),,True,True,False,/Heat disadvantage (2011)/Average vulnerability/Medium emissions scenario,,,data,2
12601,,e9337d092df8403fa1e7d17beedde69b,ClimateJust - Grid (England) - Heat,ArcGISFeatureLayer,71c9876f8b4546889de4f4a5899b50d6,https://nercdsh.dev.azure.manchester.ac.uk/server/rest/services/UPRN_PoC_Web_Layer_UK_v1/FeatureServer/20,,VectorDataset,/ClimateJust,0,r_hzz_cv19,Average vulnerability and change in the temperature of the warmest day baseline to 2050s - Low estimate (10th percentile),,True,True,False,/Heat disadvantage (2011)/Average vulnerability/High emissions scenario,,,data,2
12701,,e9337d092df8403fa1e7d17beedde69b,ClimateJust - Grid (England) - Heat,ArcGISFeatureLayer,71c9876f8b4546889de4f4a5899b50d6,https://nercdsh.dev.azure.manchester.ac.uk/server/rest/services/UPRN_PoC_Web_Layer_UK_v1/FeatureServer/20,,VectorDataset,/ClimateJust,0,r_hzz_cv20,Average vulnerability and change in the temperature of the warmest day baseline to 2050s - Central estimate (50th percentile),,True,True,False,/Heat disadvantage (2011)/Average vulnerability/High emissions scenario,,,data,2
12801,,e9337d092df8403fa1e7d17beedde69b,ClimateJust - Grid (England) - Heat,ArcGISFeatureLayer,71c9876f8b4546889de4f4a5899b50d6,https://nercdsh.dev.azure.manchester.ac.uk/server/rest/services/UPRN_PoC_Web_Layer_UK_v1/FeatureServer/20,,VectorDataset,/ClimateJust,0,r_hzz_cv21,Average vulnerability and change in the temperature of the warmest day baseline to 2050s - High estimate (90th percentile),,True,True,False,/Heat disadvantage (2011)/Average vulnerability/High emissions scenario,,,data,2
12901,,e9337d092df8403fa1e7d17beedde69b,ClimateJust - Grid (England) - Heat,ArcGISFeatureLayer,71c9876f8b4546889de4f4a5899b50d6,https://nercdsh.dev.azure.manchester.ac.uk/server/rest/services/UPRN_PoC_Web_Layer_UK_v1/FeatureServer/20,,VectorDataset,/ClimateJust,0,r_hzz_cv22,Average vulnerability and change in the temperature of the warmest day baseline to 2050s - Low estimate (10th percentile),,True,True,False,/Heat disadvantage (2011)/Average vulnerability/Low emissions scenario,,,data,2
13001,,e9337d092df8403fa1e7d17beedde69b,ClimateJust - Grid (England) - Heat,ArcGISFeatureLayer,71c9876f8b4546889de4f4a5899b50d6,https://nercdsh.dev.azure.manchester.ac.uk/server/rest/services/UPRN_PoC_Web_Layer_UK_v1/FeatureServer/20,,VectorDataset,/ClimateJust,0,r_hzz_cv23,Average vulnerability and change in the temperature of the warmest day baseline to 2050s - Central estimate (50th percentile),,True,True,False,/Heat disadvantage (2011)/Average vulnerability/Low emissions scenario,,,data,2
13101,,e9337d092df8403fa1e7d17beedde69b,ClimateJust - Grid (England) - Heat,ArcGISFeatureLayer,71c9876f8b4546889de4f4a5899b50d6,https://nercdsh.dev.azure.manchester.ac.uk/server/rest/services/UPRN_PoC_Web_Layer_UK_v1/FeatureServer/20,,VectorDataset,/ClimateJust,0,r_hzz_cv24,Average vulnerability and change in the temperature of the warmest day baseline to 2050s - High estimate (90th percentile),,True,True,False,/Heat disadvantage (2011)/Average vulnerability/Low emissions scenario,,,data,2
13201,,e9337d092df8403fa1e7d17beedde69b,ClimateJust - Grid (England) - Heat,ArcGISFeatureLayer,71c9876f8b4546889de4f4a5899b50d6,https://nercdsh.dev.azure.manchester.ac.uk/server/rest/services/UPRN_PoC_Web_Layer_UK_v1/FeatureServer/20,,VectorDataset,/ClimateJust,0,r_hzz_cv25,Average vulnerability and change in the temperature of the warmest day baseline to 2050s - Low estimate (10th percentile),,True,True,False,/Heat disadvantage (2011)/Average vulnerability/Medium emissions scenario,,,data,2
13301,,e9337d092df8403fa1e7d17beedde69b,ClimateJust - Grid (England) - Heat,ArcGISFeatureLayer,71c9876f8b4546889de4f4a5899b50d6,https://nercdsh.dev.azure.manchester.ac.uk/server/rest/services/UPRN_PoC_Web_Layer_UK_v1/FeatureServer/20,,VectorDataset,/ClimateJust,0,r_hzz_cv26,Average vulnerability and change in the temperature of the warmest day baseline to 2050s - Central estimate (50th percentile) RECOMMENDED,,True,True,False,/Heat disadvantage (2011)/Average vulnerability/Medium emissions scenario,,,data,2
13401,,e9337d092df8403fa1e7d17beedde69b,ClimateJust - Grid (England) - Heat,ArcGISFeatureLayer,71c9876f8b4546889de4f4a5899b50d6,https://nercdsh.dev.azure.manchester.ac.uk/server/rest/services/UPRN_PoC_Web_Layer_UK_v1/FeatureServer/20,,VectorDataset,/ClimateJust,0,r_hzz_cv27,Average vulnerability and change in the temperature of the warmest day baseline to 2050s - High estimate (90th percentile),,True,True,False,/Heat disadvantage (2011)/Average vulnerability/Medium emissions scenario,,,data,2
13501,,e9337d092df8403fa1e7d17beedde69b,ClimateJust - Grid (England) - Heat,ArcGISFeatureLayer,71c9876f8b4546889de4f4a5899b50d6,https://nercdsh.dev.azure.manchester.ac.uk/server/rest/services/UPRN_PoC_Web_Layer_UK_v1/FeatureServer/20,,VectorDataset,/ClimateJust,0,r_hzz_cv28,Average vulnerability and change in the temperature of the warmest night baseline to 2050s - Low estimate (10th percentile),,True,True,False,/Heat disadvantage (2011)/Average vulnerability/High emissions scenario,,,data,2
13601,,e9337d092df8403fa1e7d17beedde69b,ClimateJust - Grid (England) - Heat,ArcGISFeatureLayer,71c9876f8b4546889de4f4a5899b50d6,https://nercdsh.dev.azure.manchester.ac.uk/server/rest/services/UPRN_PoC_Web_Layer_UK_v1/FeatureServer/20,,VectorDataset,/ClimateJust,0,r_hzz_cv29,Average vulnerability and change in the temperature of the warmest night baseline to 2050s - Central estimate (50th percentile),,True,True,False,/Heat disadvantage (2011)/Average vulnerability/High emissions scenario,,,data,2
13701,,e9337d092df8403fa1e7d17beedde69b,ClimateJust - Grid (England) - Heat,ArcGISFeatureLayer,71c9876f8b4546889de4f4a5899b50d6,https://nercdsh.dev.azure.manchester.ac.uk/server/rest/services/UPRN_PoC_Web_Layer_UK_v1/FeatureServer/20,,VectorDataset,/ClimateJust,0,r_hzz_cv30,Average vulnerability and change in the temperature of the warmest night baseline to 2050s - High estimate (90th percentile),,True,True,False,/Heat disadvantage (2011)/Average vulnerability/High emissions scenario,,,data,2
13801,,e9337d092df8403fa1e7d17beedde69b,ClimateJust - Grid (England) - Heat,ArcGISFeatureLayer,71c9876f8b4546889de4f4a5899b50d6,https://nercdsh.dev.azure.manchester.ac.uk/server/rest/services/UPRN_PoC_Web_Layer_UK_v1/FeatureServer/20,,VectorDataset,/ClimateJust,0,r_hzz_cv31,Average vulnerability and change in the temperature of the warmest night baseline to 2050s - Low estimate (10th percentile),,True,True,False,/Heat disadvantage (2011)/Average vulnerability/Low emissions scenario,,,data,2
13901,,e9337d092df8403fa1e7d17beedde69b,ClimateJust - Grid (England) - Heat,ArcGISFeatureLayer,71c9876f8b4546889de4f4a5899b50d6,https://nercdsh.dev.azure.manchester.ac.uk/server/rest/services/UPRN_PoC_Web_Layer_UK_v1/FeatureServer/20,,VectorDataset,/ClimateJust,0,r_hzz_cv32,Average vulnerability and change in the temperature of the warmest night baseline to 2050s - Central estimate (50th percentile),,True,True,False,/Heat disadvantage (2011)/Average vulnerability/Low emissions scenario,,,data,2
14001,,e9337d092df8403fa1e7d17beedde69b,ClimateJust - Grid (England) - Heat,ArcGISFeatureLayer,71c9876f8b4546889de4f4a5899b50d6,https://nercdsh.dev.azure.manchester.ac.uk/server/rest/services/UPRN_PoC_Web_Layer_UK_v1/FeatureServer/20,,VectorDataset,/ClimateJust,0,r_hzz_cv33,Average vulnerability and change in the temperature of the warmest night baseline to 2050s - High estimate (90th percentile),,True,True,False,/Heat disadvantage (2011)/Average vulnerability/Low emissions scenario,,,data,2
14101,,e9337d092df8403fa1e7d17beedde69b,ClimateJust - Grid (England) - Heat,ArcGISFeatureLayer,71c9876f8b4546889de4f4a5899b50d6,https://nercdsh.dev.azure.manchester.ac.uk/server/rest/services/UPRN_PoC_Web_Layer_UK_v1/FeatureServer/20,,VectorDataset,/ClimateJust,0,r_hzz_cv34,Average vulnerability and change in the temperature of the warmest night baseline to 2050s - Low estimate (10th percentile),,True,True,False,/Heat disadvantage (2011)/Average vulnerability/Medium emissions scenario,,,data,2
14201,,e9337d092df8403fa1e7d17beedde69b,ClimateJust - Grid (England) - Heat,ArcGISFeatureLayer,71c9876f8b4546889de4f4a5899b50d6,https://nercdsh.dev.azure.manchester.ac.uk/server/rest/services/UPRN_PoC_Web_Layer_UK_v1/FeatureServer/20,,VectorDataset,/ClimateJust,0,r_hzz_cv35,Average vulnerability and change in the temperature of the warmest night baseline to 2050s - Central estimate (50th percentile) RECOMMENDED,,True,True,False,/Heat disadvantage (2011)/Average vulnerability/Medium emissions scenario,,,data,2
14301,,e9337d092df8403fa1e7d17beedde69b,ClimateJust - Grid (England) - Heat,ArcGISFeatureLayer,71c9876f8b4546889de4f4a5899b50d6,https://nercdsh.dev.azure.manchester.ac.uk/server/rest/services/UPRN_PoC_Web_Layer_UK_v1/FeatureServer/20,,VectorDataset,/ClimateJust,0,r_hzz_cv36,Average vulnerability and change in the temperature of the warmest night baseline to 2050s - High estimate (90th percentile),,True,True,False,/Heat disadvantage (2011)/Average vulnerability/Medium emissions scenario,,,data,2
14401,,e9337d092df8403fa1e7d17beedde69b,ClimateJust - Grid (England) - Heat,ArcGISFeatureLayer,71c9876f8b4546889de4f4a5899b50d6,https://nercdsh.dev.azure.manchester.ac.uk/server/rest/services/UPRN_PoC_Web_Layer_UK_v1/FeatureServer/20,,VectorDataset,/ClimateJust,0,rwhzz_cv1,Population weighted vulnerability and mean summer maximum temperature 2050s - Low estimate (10th percentile),,True,True,False,/Heat disadvantage (2011)/Population weighted vulnerability/High emissions scenario,,,data,2
14501,,e9337d092df8403fa1e7d17beedde69b,ClimateJust - Grid (England) - Heat,ArcGISFeatureLayer,71c9876f8b4546889de4f4a5899b50d6,https://nercdsh.dev.azure.manchester.ac.uk/server/rest/services/UPRN_PoC_Web_Layer_UK_v1/FeatureServer/20,,VectorDataset,/ClimateJust,0,rwhzz_cv2,Population weighted vulnerability and mean summer maximum temperature 2050s - Central estimate (50th percentile),,True,True,False,/Heat disadvantage (2011)/Population weighted vulnerability/High emissions scenario/,,,data,2
14601,,e9337d092df8403fa1e7d17beedde69b,ClimateJust - Grid (England) - Heat,ArcGISFeatureLayer,71c9876f8b4546889de4f4a5899b50d6,https://nercdsh.dev.azure.manchester.ac.uk/server/rest/services/UPRN_PoC_Web_Layer_UK_v1/FeatureServer/20,,VectorDataset,/ClimateJust,0,rwhzz_cv3,Population weighted vulnerability and mean summer maximum temperature 2050s - High estimate (90th percentile),,True,True,False,/Heat disadvantage (2011)/Population weighted vulnerability/High emissions scenario,,,data,2
14701,,e9337d092df8403fa1e7d17beedde69b,ClimateJust - Grid (England) - Heat,ArcGISFeatureLayer,71c9876f8b4546889de4f4a5899b50d6,https://nercdsh.dev.azure.manchester.ac.uk/server/rest/services/UPRN_PoC_Web_Layer_UK_v1/FeatureServer/20,,VectorDataset,/ClimateJust,0,rwhzz_cv4,Population weighted vulnerability and mean summer maximum temperature 2050s - Low estimate (10th percentile),,True,True,False,/Heat disadvantage (2011)/Population weighted vulnerability/Low emissions scenario,,,data,2
14801,,e9337d092df8403fa1e7d17beedde69b,ClimateJust - Grid (England) - Heat,ArcGISFeatureLayer,71c9876f8b4546889de4f4a5899b50d6,https://nercdsh.dev.azure.manchester.ac.uk/server/rest/services/UPRN_PoC_Web_Layer_UK_v1/FeatureServer/20,,VectorDataset,/ClimateJust,0,rwhzz_cv5,Population weighted vulnerability and mean summer maximum temperature 2050s - Central estimate (50th percentile),,True,True,False,/Heat disadvantage (2011)/Population weighted vulnerability/Low emissions scenario,,,data,2
14901,,e9337d092df8403fa1e7d17beedde69b,ClimateJust - Grid (England) - Heat,ArcGISFeatureLayer,71c9876f8b4546889de4f4a5899b50d6,https://nercdsh.dev.azure.manchester.ac.uk/server/rest/services/UPRN_PoC_Web_Layer_UK_v1/FeatureServer/20,,VectorDataset,/ClimateJust,0,rwhzz_cv6,Population weighted vulnerability and mean summer maximum temperature 2050s - High estimate (90th percentile),,True,True,False,/Heat disadvantage (2011)/Population weighted vulnerability/Low emissions scenario,,,data,2
15001,,e9337d092df8403fa1e7d17beedde69b,ClimateJust - Grid (England) - Heat,ArcGISFeatureLayer,71c9876f8b4546889de4f4a5899b50d6,https://nercdsh.dev.azure.manchester.ac.uk/server/rest/services/UPRN_PoC_Web_Layer_UK_v1/FeatureServer/20,,VectorDataset,/ClimateJust,0,rwhzz_cv7,Population weighted vulnerability and mean summer maximum temperature 2050s - Low estimate (10th percentile),,True,True,False,/Heat disadvantage (2011)/Population weighted vulnerability/Medium emissions scenario,,,data,2
15101,,e9337d092df8403fa1e7d17beedde69b,ClimateJust - Grid (England) - Heat,ArcGISFeatureLayer,71c9876f8b4546889de4f4a5899b50d6,https://nercdsh.dev.azure.manchester.ac.uk/server/rest/services/UPRN_PoC_Web_Layer_UK_v1/FeatureServer/20,,VectorDataset,/ClimateJust,0,rwhzz_cv8,Population weighted vulnerability and mean summer maximum temperature 2050s - Central estimate (50th percentile) RECOMMENDED,,True,True,False,/Heat disadvantage (2011)/Population weighted vulnerability/Medium emissions scenario,,,data,2
15201,,e9337d092df8403fa1e7d17beedde69b,ClimateJust - Grid (England) - Heat,ArcGISFeatureLayer,71c9876f8b4546889de4f4a5899b50d6,https://nercdsh.dev.azure.manchester.ac.uk/server/rest/services/UPRN_PoC_Web_Layer_UK_v1/FeatureServer/20,,VectorDataset,/ClimateJust,0,rwhzz_cv9,Population weighted vulnerability and mean summer maximum temperature 2050s - High estimate (90th percentile),,True,True,False,/Heat disadvantage (2011)/Population weighted vulnerability/Medium emissions scenario,,,data,2
15301,,e9337d092df8403fa1e7d17beedde69b,ClimateJust - Grid (England) - Heat,ArcGISFeatureLayer,71c9876f8b4546889de4f4a5899b50d6,https://nercdsh.dev.azure.manchester.ac.uk/server/rest/services/UPRN_PoC_Web_Layer_UK_v1/FeatureServer/20,,VectorDataset,/ClimateJust,0,rwhzz_cv10,Population weighted vulnerability and change in mean summer maximum temperature baseline to 2050s - Low estimate (10th percentile),,True,True,False,/Heat disadvantage (2011)/Population weighted vulnerability/High emissions scenario,,,data,2
15401,,e9337d092df8403fa1e7d17beedde69b,ClimateJust - Grid (England) - Heat,ArcGISFeatureLayer,71c9876f8b4546889de4f4a5899b50d6,https://nercdsh.dev.azure.manchester.ac.uk/server/rest/services/UPRN_PoC_Web_Layer_UK_v1/FeatureServer/20,,VectorDataset,/ClimateJust,0,rwhzz_cv11,Population weighted vulnerability and change in mean summer maximum temperature baseline to 2050s - Central estimate (50th percentile),,True,True,False,/Heat disadvantage (2011)/Population weighted vulnerability/High emissions scenario,,,data,2
15501,,e9337d092df8403fa1e7d17beedde69b,ClimateJust - Grid (England) - Heat,ArcGISFeatureLayer,71c9876f8b4546889de4f4a5899b50d6,https://nercdsh.dev.azure.manchester.ac.uk/server/rest/services/UPRN_PoC_Web_Layer_UK_v1/FeatureServer/20,,VectorDataset,/ClimateJust,0,rwhzz_cv12,Population weighted vulnerability and change in mean summer maximum temperature baseline to 2050s - High estimate (90th percentile),,True,True,False,/Heat disadvantage (2011)Population weighted vulnerability/High emissions scenario,,,data,2
15601,,e9337d092df8403fa1e7d17beedde69b,ClimateJust - Grid (England) - Heat,ArcGISFeatureLayer,71c9876f8b4546889de4f4a5899b50d6,https://nercdsh.dev.azure.manchester.ac.uk/server/rest/services/UPRN_PoC_Web_Layer_UK_v1/FeatureServer/20,,VectorDataset,/ClimateJust,0,rwhzz_cv13,Population weighted vulnerability and change in mean summer maximum temperature baseline to 2050s - Low estimate (10th percentile),,True,True,False,/Heat disadvantage (2011)/Population weighted vulnerability/Low emissions scenario,,,data,2
15701,,e9337d092df8403fa1e7d17beedde69b,ClimateJust - Grid (England) - Heat,ArcGISFeatureLayer,71c9876f8b4546889de4f4a5899b50d6,https://nercdsh.dev.azure.manchester.ac.uk/server/rest/services/UPRN_PoC_Web_Layer_UK_v1/FeatureServer/20,,VectorDataset,/ClimateJust,0,rwhzz_cv14,Population weighted vulnerability and change in mean summer maximum temperature baseline to 2050s - Central estimate (50th percentile),,True,True,False,/Heat disadvantage (2011)/Population weighted vulnerability/Low emissions scenario,,,data,2
15801,,e9337d092df8403fa1e7d17beedde69b,ClimateJust - Grid (England) - Heat,ArcGISFeatureLayer,71c9876f8b4546889de4f4a5899b50d6,https://nercdsh.dev.azure.manchester.ac.uk/server/rest/services/UPRN_PoC_Web_Layer_UK_v1/FeatureServer/20,,VectorDataset,/ClimateJust,0,rwhzz_cv15,Population weighted vulnerability and change in mean summer maximum temperature baseline to 2050s - High estimate (90th percentile),,True,True,False,/Heat disadvantage (2011)/Population weighted vulnerability/Low emissions scenario,,,data,2
15901,,e9337d092df8403fa1e7d17beedde69b,ClimateJust - Grid (England) - Heat,ArcGISFeatureLayer,71c9876f8b4546889de4f4a5899b50d6,https://nercdsh.dev.azure.manchester.ac.uk/server/rest/services/UPRN_PoC_Web_Layer_UK_v1/FeatureServer/20,,VectorDataset,/ClimateJust,0,rwhzz_cv16,Population weighted vulnerability and change in mean summer maximum temperature baseline to 2050s - Low estimate (10th percentile),,True,True,False,/Heat disadvantage (2011)/Population weighted vulnerability/Medium emissions scenario,,,data,2
16001,,e9337d092df8403fa1e7d17beedde69b,ClimateJust - Grid (England) - Heat,ArcGISFeatureLayer,71c9876f8b4546889de4f4a5899b50d6,https://nercdsh.dev.azure.manchester.ac.uk/server/rest/services/UPRN_PoC_Web_Layer_UK_v1/FeatureServer/20,,VectorDataset,/ClimateJust,0,rwhzz_cv17,Population weighted vulnerability and change in mean summer maximum temperature baseline to 2050s - Central estimate (50th percentile) RECOMMENDED,,True,True,False,/Heat disadvantage (2011)/Population weighted vulnerability/Medium emissions scenario,,,data,2
16101,,e9337d092df8403fa1e7d17beedde69b,ClimateJust - Grid (England) - Heat,ArcGISFeatureLayer,71c9876f8b4546889de4f4a5899b50d6,https://nercdsh.dev.azure.manchester.ac.uk/server/rest/services/UPRN_PoC_Web_Layer_UK_v1/FeatureServer/20,,VectorDataset,/ClimateJust,0,rwhzz_cv18,Population weighted vulnerability and change in mean summer maximum temperature baseline to 2050s - High estimate (90th percentile),,True,True,False,/Heat disadvantage (2011)/Population weighted vulnerability/Medium emissions scenario,,,data,2
16201,,e9337d092df8403fa1e7d17beedde69b,ClimateJust - Grid (England) - Heat,ArcGISFeatureLayer,71c9876f8b4546889de4f4a5899b50d6,https://nercdsh.dev.azure.manchester.ac.uk/server/rest/services/UPRN_PoC_Web_Layer_UK_v1/FeatureServer/20,,VectorDataset,/ClimateJust,0,rwhzz_cv19,Population weighted vulnerability and change in the temperature of the warmest day baseline to 2050s - Low estimate (10th percentile),,True,True,False,/Heat disadvantage (2011)/Population weighted vulnerability/High emissions scenario,,,data,2
16301,,e9337d092df8403fa1e7d17beedde69b,ClimateJust - Grid (England) - Heat,ArcGISFeatureLayer,71c9876f8b4546889de4f4a5899b50d6,https://nercdsh.dev.azure.manchester.ac.uk/server/rest/services/UPRN_PoC_Web_Layer_UK_v1/FeatureServer/20,,VectorDataset,/ClimateJust,0,rwhzz_cv20,Population weighted vulnerability and change in the temperature of the warmest day baseline to 2050s - Central estimate (50th percentile),,True,True,False,/Heat disadvantage (2011)/Population weighted vulnerability/High emissions scenario,,,data,2
16401,,e9337d092df8403fa1e7d17beedde69b,ClimateJust - Grid (England) - Heat,ArcGISFeatureLayer,71c9876f8b4546889de4f4a5899b50d6,https://nercdsh.dev.azure.manchester.ac.uk/server/rest/services/UPRN_PoC_Web_Layer_UK_v1/FeatureServer/20,,VectorDataset,/ClimateJust,0,rwhzz_cv21,Population weighted vulnerability and change in the temperature of the warmest day baseline to 2050s -High estimate (90th percentile),,True,True,False,/Heat disadvantage (2011)/Population weighted vulnerability/High emissions scenario,,,data,2
16501,,e9337d092df8403fa1e7d17beedde69b,ClimateJust - Grid (England) - Heat,ArcGISFeatureLayer,71c9876f8b4546889de4f4a5899b50d6,https://nercdsh.dev.azure.manchester.ac.uk/server/rest/services/UPRN_PoC_Web_Layer_UK_v1/FeatureServer/20,,VectorDataset,/ClimateJust,0,rwhzz_cv22,Population weighted vulnerability and change in the temperature of the warmest day baseline to 2050s - Low estimate (10th percentile),,True,True,False,/Heat disadvantage (2011)/Population weighted vulnerability/Low emissions scenario,,,data,2
16601,,e9337d092df8403fa1e7d17beedde69b,ClimateJust - Grid (England) - Heat,ArcGISFeatureLayer,71c9876f8b4546889de4f4a5899b50d6,https://nercdsh.dev.azure.manchester.ac.uk/server/rest/services/UPRN_PoC_Web_Layer_UK_v1/FeatureServer/20,,VectorDataset,/ClimateJust,0,zrwhzz_cv2,Population weighted vulnerability and change in the temperature of the warmest day baseline to 2050s - Central estimate (50th percentile),,True,True,False,/Heat disadvantage (2011)/Population weighted vulnerability/Low emissions scenario,,,data,2
16701,,e9337d092df8403fa1e7d17beedde69b,ClimateJust - Grid (England) - Heat,ArcGISFeatureLayer,71c9876f8b4546889de4f4a5899b50d6,https://nercdsh.dev.azure.manchester.ac.uk/server/rest/services/UPRN_PoC_Web_Layer_UK_v1/FeatureServer/20,,VectorDataset,/ClimateJust,0,rwhzz_cv24,Population weighted vulnerability and change in the temperature of the warmest day baseline to 2050s - High estimate (90th percentile),,True,True,False,/Heat disadvantage (2011)/Population weighted vulnerability/Low emissions scenario,,,data,2
16801,,e9337d092df8403fa1e7d17beedde69b,ClimateJust - Grid (England) - Heat,ArcGISFeatureLayer,71c9876f8b4546889de4f4a5899b50d6,https://nercdsh.dev.azure.manchester.ac.uk/server/rest/services/UPRN_PoC_Web_Layer_UK_v1/FeatureServer/20,,VectorDataset,/ClimateJust,0,rwhzz_cv25,Population weighted vulnerability and change in the temperature of the warmest day baseline to 2050s - Low estimate (10th percentile),,True,True,False,/Heat disadvantage (2011)/Population weighted vulnerability/Medium emissions scenario,,,data,2
16901,,e9337d092df8403fa1e7d17beedde69b,ClimateJust - Grid (England) - Heat,ArcGISFeatureLayer,71c9876f8b4546889de4f4a5899b50d6,https://nercdsh.dev.azure.manchester.ac.uk/server/rest/services/UPRN_PoC_Web_Layer_UK_v1/FeatureServer/20,,VectorDataset,/ClimateJust,0,rwhzz_cv26,Population weighted vulnerability and change in the temperature of the warmest day baseline to 2050s - Central estimate (50th percentile) RECOMMENDED,,True,True,False,/Heat disadvantage (2011)/Population weighted vulnerability/Medium emissions scenario,,,data,2
17001,,e9337d092df8403fa1e7d17beedde69b,ClimateJust - Grid (England) - Heat,ArcGISFeatureLayer,71c9876f8b4546889de4f4a5899b50d6,https://nercdsh.dev.azure.manchester.ac.uk/server/rest/services/UPRN_PoC_Web_Layer_UK_v1/FeatureServer/20,,VectorDataset,/ClimateJust,0,rwhzz_cv27,Population weighted vulnerability and change in the temperature of the warmest day baseline to 2050s - High estimate (90th percentile),,True,True,False,/Heat disadvantage (2011)/Population weighted vulnerability/Medium emissions scenario,,,data,2
17101,,e9337d092df8403fa1e7d17beedde69b,ClimateJust - Grid (England) - Heat,ArcGISFeatureLayer,71c9876f8b4546889de4f4a5899b50d6,https://nercdsh.dev.azure.manchester.ac.uk/server/rest/services/UPRN_PoC_Web_Layer_UK_v1/FeatureServer/20,,VectorDataset,/ClimateJust,0,rwhzz_cv28,Population weighted vulnerability and change in the temperature of the warmest night baseline to 2050s - Low estimate (10th percentile),,True,True,False,/Heat disadvantage (2011)/Population weighted vulnerability/High emissions scenario,,,data,2
17201,,e9337d092df8403fa1e7d17beedde69b,ClimateJust - Grid (England) - Heat,ArcGISFeatureLayer,71c9876f8b4546889de4f4a5899b50d6,https://nercdsh.dev.azure.manchester.ac.uk/server/rest/services/UPRN_PoC_Web_Layer_UK_v1/FeatureServer/20,,VectorDataset,/ClimateJust,0,rwhzz_cv29,Population weighted vulnerability and change in the temperature of the warmest night baseline to 2050s - Central estimate (50th percentile),,True,True,False,/Heat disadvantage (2011)/Population weighted vulnerability/High emissions scenario,,,data,2
17301,,e9337d092df8403fa1e7d17beedde69b,ClimateJust - Grid (England) - Heat,ArcGISFeatureLayer,71c9876f8b4546889de4f4a5899b50d6,https://nercdsh.dev.azure.manchester.ac.uk/server/rest/services/UPRN_PoC_Web_Layer_UK_v1/FeatureServer/20,,VectorDataset,/ClimateJust,0,rwhzz_cv30,Population weighted vulnerability and change in the temperature of the warmest night baseline to 2050s - High estimate (90th percentile),,True,True,False,/Heat disadvantage (2011)/Population weighted vulnerability/High emissions scenario,,,data,2
17401,,e9337d092df8403fa1e7d17beedde69b,ClimateJust - Grid (England) - Heat,ArcGISFeatureLayer,71c9876f8b4546889de4f4a5899b50d6,https://nercdsh.dev.azure.manchester.ac.uk/server/rest/services/UPRN_PoC_Web_Layer_UK_v1/FeatureServer/20,,VectorDataset,/ClimateJust,0,rwhzz_cv31,Population weighted vulnerability and change in the temperature of the warmest night baseline to 2050s - Low estimate (10th percentile),,True,True,False,/Heat disadvantage (2011)/Population weighted vulnerability/Low emissions scenario,,,data,2
17501,,e9337d092df8403fa1e7d17beedde69b,ClimateJust - Grid (England) - Heat,ArcGISFeatureLayer,71c9876f8b4546889de4f4a5899b50d6,https://nercdsh.dev.azure.manchester.ac.uk/server/rest/services/UPRN_PoC_Web_Layer_UK_v1/FeatureServer/20,,VectorDataset,/ClimateJust,0,rwhzz_cv32,Population weighted vulnerability and change in the temperature of the warmest night baseline to 2050s - Central estimate (50th percentile),,True,True,False,/Heat disadvantage (2011)/Population weighted vulnerability/Low emissions scenario,,,data,2
17601,,e9337d092df8403fa1e7d17beedde69b,ClimateJust - Grid (England) - Heat,ArcGISFeatureLayer,71c9876f8b4546889de4f4a5899b50d6,https://nercdsh.dev.azure.manchester.ac.uk/server/rest/services/UPRN_PoC_Web_Layer_UK_v1/FeatureServer/20,,VectorDataset,/ClimateJust,0,rwhzz_cv33,Population weighted vulnerability and change in the temperature of the warmest night baseline to 2050s - High estimate (90th percentile),,True,True,False,/Heat disadvantage (2011)/Population weighted vulnerability/Low emissions scenario,,,data,2
17701,,e9337d092df8403fa1e7d17beedde69b,ClimateJust - Grid (England) - Heat,ArcGISFeatureLayer,71c9876f8b4546889de4f4a5899b50d6,https://nercdsh.dev.azure.manchester.ac.uk/server/rest/services/UPRN_PoC_Web_Layer_UK_v1/FeatureServer/20,,VectorDataset,/ClimateJust,0,rwhzz_cv34,Population weighted vulnerability and change in the temperature of the warmest night baseline to 2050s - Low estimate (10th percentile),,True,True,False,/Heat disadvantage (2011)/Population weighted vulnerability/Medium emissions scenario,,,data,2
17801,,e9337d092df8403fa1e7d17beedde69b,ClimateJust - Grid (England) - Heat,ArcGISFeatureLayer,71c9876f8b4546889de4f4a5899b50d6,https://nercdsh.dev.azure.manchester.ac.uk/server/rest/services/UPRN_PoC_Web_Layer_UK_v1/FeatureServer/20,,VectorDataset,/ClimateJust,0,rwhzz_cv35,Population weighted vulnerability and change in the temperature of the warmest night baseline to 2050s - Central estimate (50th percentile) RECOMMENDED,,True,True,False,/Heat disadvantage (2011)/Population weighted vulnerability/Medium emissions scenario,,,data,2
17901,,e9337d092df8403fa1e7d17beedde69b,ClimateJust - Grid (England) - Heat,ArcGISFeatureLayer,71c9876f8b4546889de4f4a5899b50d6,https://nercdsh.dev.azure.manchester.ac.uk/server/rest/services/UPRN_PoC_Web_Layer_UK_v1/FeatureServer/20,,VectorDataset,/ClimateJust,0,rwhzz_cv36,Population weighted vulnerability and change in the temperature of the warmest night baseline to 2050s - High estimate (90th percentile),,True,True,False,/Heat disadvantage (2011)/Population weighted vulnerability/Medium emissions scenario,,,data,2
18001,,e9337d092df8403fa1e7d17beedde69b,ClimateJust - Grid (England) - Heat,ArcGISFeatureLayer,71c9876f8b4546889de4f4a5899b50d6,https://nercdsh.dev.azure.manchester.ac.uk/server/rest/services/UPRN_PoC_Web_Layer_UK_v1/FeatureServer/20,,VectorDataset,/ClimateJust,0,zabsh10day,Mean summer maximum temperature 2050s (10th percentile) (z-score),,True,True,False,/Heat exposure (2011)/High emissions scenario,,,data,2
18101,,e9337d092df8403fa1e7d17beedde69b,ClimateJust - Grid (England) - Heat,ArcGISFeatureLayer,71c9876f8b4546889de4f4a5899b50d6,https://nercdsh.dev.azure.manchester.ac.uk/server/rest/services/UPRN_PoC_Web_Layer_UK_v1/FeatureServer/20,,VectorDataset,/ClimateJust,0,zabsh50day,Mean summer maximum temperature 2050s (50th percentile) (z-score),,True,True,False,/Heat exposure (2011)/High emissions scenario,,,data,2
18201,,e9337d092df8403fa1e7d17beedde69b,ClimateJust - Grid (England) - Heat,ArcGISFeatureLayer,71c9876f8b4546889de4f4a5899b50d6,https://nercdsh.dev.azure.manchester.ac.uk/server/rest/services/UPRN_PoC_Web_Layer_UK_v1/FeatureServer/20,,VectorDataset,/ClimateJust,0,zabsh90day,Mean summer maximum temperature 2050s (90th percentile) (z-score),,True,True,False,/Heat exposure (2011)/High emissions scenario,,,data,2
18301,,e9337d092df8403fa1e7d17beedde69b,ClimateJust - Grid (England) - Heat,ArcGISFeatureLayer,71c9876f8b4546889de4f4a5899b50d6,https://nercdsh.dev.azure.manchester.ac.uk/server/rest/services/UPRN_PoC_Web_Layer_UK_v1/FeatureServer/20,,VectorDataset,/ClimateJust,0,zabsl10day,Mean summer maximum temperature 2050s (10th percentile) (z-score),,True,True,False,/Heat exposure (2011)/Low emissions scenario,,,data,2
18401,,e9337d092df8403fa1e7d17beedde69b,ClimateJust - Grid (England) - Heat,ArcGISFeatureLayer,71c9876f8b4546889de4f4a5899b50d6,https://nercdsh.dev.azure.manchester.ac.uk/server/rest/services/UPRN_PoC_Web_Layer_UK_v1/FeatureServer/20,,VectorDataset,/ClimateJust,0,zabsl50day,Mean summer maximum temperature 2050s (50th percentile) (z-score),,True,True,False,/Heat exposure (2011)/Low emissions scenario,,,data,2
18501,,e9337d092df8403fa1e7d17beedde69b,ClimateJust - Grid (England) - Heat,ArcGISFeatureLayer,71c9876f8b4546889de4f4a5899b50d6,https://nercdsh.dev.azure.manchester.ac.uk/server/rest/services/UPRN_PoC_Web_Layer_UK_v1/FeatureServer/20,,VectorDataset,/ClimateJust,0,zabsl90day,Mean summer maximum temperature 2050s (90th percentile) (z-score),,True,True,False,/Heat exposure (2011)/Low emissions scenario,,,data,2
18601,,e9337d092df8403fa1e7d17beedde69b,ClimateJust - Grid (England) - Heat,ArcGISFeatureLayer,71c9876f8b4546889de4f4a5899b50d6,https://nercdsh.dev.azure.manchester.ac.uk/server/rest/services/UPRN_PoC_Web_Layer_UK_v1/FeatureServer/20,,VectorDataset,/ClimateJust,0,zabsm10day,Mean summer maximum temperature 2050s (10th percentile) (z-score),,True,True,False,/Heat exposure (2011)/Medium emissions scenario,,,data,2
18701,,e9337d092df8403fa1e7d17beedde69b,ClimateJust - Grid (England) - Heat,ArcGISFeatureLayer,71c9876f8b4546889de4f4a5899b50d6,https://nercdsh.dev.azure.manchester.ac.uk/server/rest/services/UPRN_PoC_Web_Layer_UK_v1/FeatureServer/20,,VectorDataset,/ClimateJust,0,zabsm50day,Mean summer maximum temperature 2050s (50th percentile) (z-score),,True,True,False,/Heat exposure (2011)/Medium emissions scenario,,,data,2
18801,,e9337d092df8403fa1e7d17beedde69b,ClimateJust - Grid (England) - Heat,ArcGISFeatureLayer,71c9876f8b4546889de4f4a5899b50d6,https://nercdsh.dev.azure.manchester.ac.uk/server/rest/services/UPRN_PoC_Web_Layer_UK_v1/FeatureServer/20,,VectorDataset,/ClimateJust,0,zabsm90day,Mean summer maximum temperature 2050s (90th percentile) (z-score),,True,True,False,/Heat exposure (2011)/Medium emissions scenario,,,data,2
18901,,e9337d092df8403fa1e7d17beedde69b,ClimateJust - Grid (England) - Heat,ArcGISFeatureLayer,71c9876f8b4546889de4f4a5899b50d6,https://nercdsh.dev.azure.manchester.ac.uk/server/rest/services/UPRN_PoC_Web_Layer_UK_v1/FeatureServer/20,,VectorDataset,/ClimateJust,0,zchh10day,Change in mean summer maximum temperature baseline to 2050s (10th percentile) (z-score),,True,True,False,/Heat exposure (2011)/High emissions scenario,,,data,2
19001,,e9337d092df8403fa1e7d17beedde69b,ClimateJust - Grid (England) - Heat,ArcGISFeatureLayer,71c9876f8b4546889de4f4a5899b50d6,https://nercdsh.dev.azure.manchester.ac.uk/server/rest/services/UPRN_PoC_Web_Layer_UK_v1/FeatureServer/20,,VectorDataset,/ClimateJust,0,zchh50day,Change in mean summer maximum temperature baseline to 2050s (50th percentile) (z-score),,True,True,False,/Heat exposure (2011)/High emissions scenario,,,data,2
19101,,e9337d092df8403fa1e7d17beedde69b,ClimateJust - Grid (England) - Heat,ArcGISFeatureLayer,71c9876f8b4546889de4f4a5899b50d6,https://nercdsh.dev.azure.manchester.ac.uk/server/rest/services/UPRN_PoC_Web_Layer_UK_v1/FeatureServer/20,,VectorDataset,/ClimateJust,0,zchh90day,Change in mean summer maximum temperature baseline to 2050s (90th percentile) (z-score),,True,True,False,/Heat exposure (2011)/High emissions scenario,,,data,2
19201,,e9337d092df8403fa1e7d17beedde69b,ClimateJust - Grid (England) - Heat,ArcGISFeatureLayer,71c9876f8b4546889de4f4a5899b50d6,https://nercdsh.dev.azure.manchester.ac.uk/server/rest/services/UPRN_PoC_Web_Layer_UK_v1/FeatureServer/20,,VectorDataset,/ClimateJust,0,zchl10day,Change in mean summer maximum temperature baseline to 2050s (10th percentile) (z-score),,True,True,False,/Heat exposure (2011)/Low emissions scenario,,,data,2
19301,,e9337d092df8403fa1e7d17beedde69b,ClimateJust - Grid (England) - Heat,ArcGISFeatureLayer,71c9876f8b4546889de4f4a5899b50d6,https://nercdsh.dev.azure.manchester.ac.uk/server/rest/services/UPRN_PoC_Web_Layer_UK_v1/FeatureServer/20,,VectorDataset,/ClimateJust,0,zchl50day,Change in mean summer maximum temperature baseline to 2050s (50th percentile) (z-score),,True,True,False,/Heat exposure (2011)/Low emissions scenario,,,data,2
19401,,e9337d092df8403fa1e7d17beedde69b,ClimateJust - Grid (England) - Heat,ArcGISFeatureLayer,71c9876f8b4546889de4f4a5899b50d6,https://nercdsh.dev.azure.manchester.ac.uk/server/rest/services/UPRN_PoC_Web_Layer_UK_v1/FeatureServer/20,,VectorDataset,/ClimateJust,0,zchl90day,Change in mean summer maximum temperature baseline to 2050s (90th percentile) (z-score),,True,True,False,/Heat exposure (2011)/Low emissions scenario,,,data,2
19501,,e9337d092df8403fa1e7d17beedde69b,ClimateJust - Grid (England) - Heat,ArcGISFeatureLayer,71c9876f8b4546889de4f4a5899b50d6,https://nercdsh.dev.azure.manchester.ac.uk/server/rest/services/UPRN_PoC_Web_Layer_UK_v1/FeatureServer/20,,VectorDataset,/ClimateJust,0,zchm10day,Change in mean summer maximum temperature baseline to 2050s (10th percentile) (z-score),,True,True,False,/Heat exposure (2011)/Medium emissions scenario,,,data,2
19601,,e9337d092df8403fa1e7d17beedde69b,ClimateJust - Grid (England) - Heat,ArcGISFeatureLayer,71c9876f8b4546889de4f4a5899b50d6,https://nercdsh.dev.azure.manchester.ac.uk/server/rest/services/UPRN_PoC_Web_Layer_UK_v1/FeatureServer/20,,VectorDataset,/ClimateJust,0,zchm50day,Change in mean summer maximum temperature baseline to 2050s (50th percentile) (z-score),,True,True,False,/Heat exposure (2011)/Medium emissions scenario,,,data,2
19701,,e9337d092df8403fa1e7d17beedde69b,ClimateJust - Grid (England) - Heat,ArcGISFeatureLayer,71c9876f8b4546889de4f4a5899b50d6,https://nercdsh.dev.azure.manchester.ac.uk/server/rest/services/UPRN_PoC_Web_Layer_UK_v1/FeatureServer/20,,VectorDataset,/ClimateJust,0,zchm90day,Change in mean summer maximum temperature baseline to 2050s (90th percentile) (z-score),,True,True,False,/Heat exposure (2011)/Medium emissions scenario,,,data,2
19801,,e9337d092df8403fa1e7d17beedde69b,ClimateJust - Grid (England) - Heat,ArcGISFeatureLayer,71c9876f8b4546889de4f4a5899b50d6,https://nercdsh.dev.azure.manchester.ac.uk/server/rest/services/UPRN_PoC_Web_Layer_UK_v1/FeatureServer/20,,VectorDataset,/ClimateJust,0,zchh10wd,Change in the temperature of the warmest day baseline to 2050s (10th percentile) (z-score),,True,True,False,/Heat exposure (2011)/High emissions scenario ,,,data,2
19901,,e9337d092df8403fa1e7d17beedde69b,ClimateJust - Grid (England) - Heat,ArcGISFeatureLayer,71c9876f8b4546889de4f4a5899b50d6,https://nercdsh.dev.azure.manchester.ac.uk/server/rest/services/UPRN_PoC_Web_Layer_UK_v1/FeatureServer/20,,VectorDataset,/ClimateJust,0,zchh50wd,Change in the temperature of the warmest day baseline to 2050s (50th percentile) (z-score),,True,True,False,/Heat exposure (2011)/High emissions scenario ,,,data,2
20001,,e9337d092df8403fa1e7d17beedde69b,ClimateJust - Grid (England) - Heat,ArcGISFeatureLayer,71c9876f8b4546889de4f4a5899b50d6,https://nercdsh.dev.azure.manchester.ac.uk/server/rest/services/UPRN_PoC_Web_Layer_UK_v1/FeatureServer/20,,VectorDataset,/ClimateJust,0,zchh90wd,Change in the temperature of the warmest day baseline to 2050s (90th percentile) (z-score),,True,True,False,/Heat exposure (2011)/High emissions scenario ,,,data,2
20101,,e9337d092df8403fa1e7d17beedde69b,ClimateJust - Grid (England) - Heat,ArcGISFeatureLayer,71c9876f8b4546889de4f4a5899b50d6,https://nercdsh.dev.azure.manchester.ac.uk/server/rest/services/UPRN_PoC_Web_Layer_UK_v1/FeatureServer/20,,VectorDataset,/ClimateJust,0,zchl10wd,Change in the temperature of the warmest day baseline to 2050s (10th percentile) (z-score),,True,True,False,/Heat exposure (2011)/Low  emissions scenario,,,data,2
20201,,e9337d092df8403fa1e7d17beedde69b,ClimateJust - Grid (England) - Heat,ArcGISFeatureLayer,71c9876f8b4546889de4f4a5899b50d6,https://nercdsh.dev.azure.manchester.ac.uk/server/rest/services/UPRN_PoC_Web_Layer_UK_v1/FeatureServer/20,,VectorDataset,/ClimateJust,0,zchl50wd,Change in the temperature of the warmest day baseline to 2050s (50th percentile) (z-score),,True,True,False,/Heat exposure (2011)/Low  emissions scenario,,,data,2
20301,,e9337d092df8403fa1e7d17beedde69b,ClimateJust - Grid (England) - Heat,ArcGISFeatureLayer,71c9876f8b4546889de4f4a5899b50d6,https://nercdsh.dev.azure.manchester.ac.uk/server/rest/services/UPRN_PoC_Web_Layer_UK_v1/FeatureServer/20,,VectorDataset,/ClimateJust,0,zchl90wd,Change in the temperature of the warmest day baseline to 2050s (90th percentile) (z-score),,True,True,False,/Heat exposure (2011)/Low  emissions scenario,,,data,2
20401,,e9337d092df8403fa1e7d17beedde69b,ClimateJust - Grid (England) - Heat,ArcGISFeatureLayer,71c9876f8b4546889de4f4a5899b50d6,https://nercdsh.dev.azure.manchester.ac.uk/server/rest/services/UPRN_PoC_Web_Layer_UK_v1/FeatureServer/20,,VectorDataset,/ClimateJust,0,zchm10wd,Change in the temperature of the warmest day baseline to 2050s (10th percentile) (z-score),,True,True,False,/Heat exposure (2011)/Medium emissions scenario,,,data,2
20501,,e9337d092df8403fa1e7d17beedde69b,ClimateJust - Grid (England) - Heat,ArcGISFeatureLayer,71c9876f8b4546889de4f4a5899b50d6,https://nercdsh.dev.azure.manchester.ac.uk/server/rest/services/UPRN_PoC_Web_Layer_UK_v1/FeatureServer/20,,VectorDataset,/ClimateJust,0,zchm50wd,Change in the temperature of the warmest day baseline to 2050s (50th percentile) (z-score),,True,True,False,/Heat exposure (2011)/Medium emissions scenario,,,data,2
20601,,e9337d092df8403fa1e7d17beedde69b,ClimateJust - Grid (England) - Heat,ArcGISFeatureLayer,71c9876f8b4546889de4f4a5899b50d6,https://nercdsh.dev.azure.manchester.ac.uk/server/rest/services/UPRN_PoC_Web_Layer_UK_v1/FeatureServer/20,,VectorDataset,/ClimateJust,0,zchm90wd,Change in the temperature of the warmest day baseline to 2050s (90th percentile) (z-score),,True,True,False,/Heat exposure (2011)/Medium emissions scenario,,,data,2
20701,,e9337d092df8403fa1e7d17beedde69b,ClimateJust - Grid (England) - Heat,ArcGISFeatureLayer,71c9876f8b4546889de4f4a5899b50d6,https://nercdsh.dev.azure.manchester.ac.uk/server/rest/services/UPRN_PoC_Web_Layer_UK_v1/FeatureServer/20,,VectorDataset,/ClimateJust,0,zchh10wn,Change in temperature of the warmest night baseline to 2050s (10th percentile) (z-score),,True,True,False,/Heat exposure (2011)/High emissions scenario,,,data,2
20801,,e9337d092df8403fa1e7d17beedde69b,ClimateJust - Grid (England) - Heat,ArcGISFeatureLayer,71c9876f8b4546889de4f4a5899b50d6,https://nercdsh.dev.azure.manchester.ac.uk/server/rest/services/UPRN_PoC_Web_Layer_UK_v1/FeatureServer/20,,VectorDataset,/ClimateJust,0,zchh50wn,Change in temperature of the warmest night baseline to 2050s (50th percentile) (z-score),,True,True,False,/Heat exposure (2011)/High emissions scenario,,,data,2
20901,,e9337d092df8403fa1e7d17beedde69b,ClimateJust - Grid (England) - Heat,ArcGISFeatureLayer,71c9876f8b4546889de4f4a5899b50d6,https://nercdsh.dev.azure.manchester.ac.uk/server/rest/services/UPRN_PoC_Web_Layer_UK_v1/FeatureServer/20,,VectorDataset,/ClimateJust,0,zchh90wn,Change in temperature of the warmest night baseline to 2050s (90th percentile) (z-score),,True,True,False,/Heat exposure (2011)/High emissions scenario,,,data,2
21001,,e9337d092df8403fa1e7d17beedde69b,ClimateJust - Grid (England) - Heat,ArcGISFeatureLayer,71c9876f8b4546889de4f4a5899b50d6,https://nercdsh.dev.azure.manchester.ac.uk/server/rest/services/UPRN_PoC_Web_Layer_UK_v1/FeatureServer/20,,VectorDataset,/ClimateJust,0,zchl10wn,Change in temperature of the warmest night baseline to 2050s (10th percentile) (z-score),,True,True,False,/Heat exposure (2011)/Low emissions scenario,,,data,2
21101,,e9337d092df8403fa1e7d17beedde69b,ClimateJust - Grid (England) - Heat,ArcGISFeatureLayer,71c9876f8b4546889de4f4a5899b50d6,https://nercdsh.dev.azure.manchester.ac.uk/server/rest/services/UPRN_PoC_Web_Layer_UK_v1/FeatureServer/20,,VectorDataset,/ClimateJust,0,zchl50wn,Change in temperature of the warmest night baseline to 2050s (50th percentile) (z-score),,True,True,False,/Heat exposure (2011)/Low emissions scenario,,,data,2
21201,,e9337d092df8403fa1e7d17beedde69b,ClimateJust - Grid (England) - Heat,ArcGISFeatureLayer,71c9876f8b4546889de4f4a5899b50d6,https://nercdsh.dev.azure.manchester.ac.uk/server/rest/services/UPRN_PoC_Web_Layer_UK_v1/FeatureServer/20,,VectorDataset,/ClimateJust,0,zchl90wn,Change in temperature of the warmest night baseline to 2050s (90th percentile) (z-score),,True,True,False,/Heat exposure (2011)/Low emissions scenario,,,data,2
21301,,e9337d092df8403fa1e7d17beedde69b,ClimateJust - Grid (England) - Heat,ArcGISFeatureLayer,71c9876f8b4546889de4f4a5899b50d6,https://nercdsh.dev.azure.manchester.ac.uk/server/rest/services/UPRN_PoC_Web_Layer_UK_v1/FeatureServer/20,,VectorDataset,/ClimateJust,0,zchm10wn,Change in temperature of the warmest night baseline to 2050s (10th percentile) (z-score),,True,True,False,/Heat exposure (2011)/Medium emissions scenario,,,data,2
21401,,e9337d092df8403fa1e7d17beedde69b,ClimateJust - Grid (England) - Heat,ArcGISFeatureLayer,71c9876f8b4546889de4f4a5899b50d6,https://nercdsh.dev.azure.manchester.ac.uk/server/rest/services/UPRN_PoC_Web_Layer_UK_v1/FeatureServer/20,,VectorDataset,/ClimateJust,0,zchm50wn,Change in temperature of the warmest night baseline to 2050s (50th percentile) (z-score),,True,True,False,/Heat exposure (2011)/Medium emissions scenario,,,data,2
21501,,e9337d092df8403fa1e7d17beedde69b,ClimateJust - Grid (England) - Heat,ArcGISFeatureLayer,71c9876f8b4546889de4f4a5899b50d6,https://nercdsh.dev.azure.manchester.ac.uk/server/rest/services/UPRN_PoC_Web_Layer_UK_v1/FeatureServer/20,,VectorDataset,/ClimateJust,0,zchm90wn,Change in temperature of the warmest night baseline to 2050s (90th percentile) (z-score),,True,True,False,/Heat exposure (2011)/Medium emissions scenario,,,data,2
21601,,e9337d092df8403fa1e7d17beedde69b,ClimateJust - Grid (England) - Heat,ArcGISFeatureLayer,71c9876f8b4546889de4f4a5899b50d6,https://nercdsh.dev.azure.manchester.ac.uk/server/rest/services/UPRN_PoC_Web_Layer_UK_v1/FeatureServer/20,,VectorDataset,/ClimateJust,0,perimeterepsg27700,Perimeter (EPSG 27700),,False,True,False,,,,data,2
21701,,e9337d092df8403fa1e7d17beedde69b,ClimateJust - Grid (England) - Heat,ArcGISFeatureLayer,71c9876f8b4546889de4f4a5899b50d6,https://nercdsh.dev.azure.manchester.ac.uk/server/rest/services/UPRN_PoC_Web_Layer_UK_v1/FeatureServer/20,,VectorDataset,/ClimateJust,0,areaepsg27700,Area (EPSG 27700),,False,True,False,,,,data,2
21801,,e9337d092df8403fa1e7d17beedde69b,ClimateJust - Grid (England) - Heat,ArcGISFeatureLayer,71c9876f8b4546889de4f4a5899b50d6,https://nercdsh.dev.azure.manchester.ac.uk/server/rest/services/UPRN_PoC_Web_Layer_UK_v1/FeatureServer/20,,VectorDataset,/ClimateJust,0,SHAPE__Area,SHAPE__Area,,False,True,False,,,,data,2
21901,,e9337d092df8403fa1e7d17beedde69b,ClimateJust - Grid (England) - Heat,ArcGISFeatureLayer,71c9876f8b4546889de4f4a5899b50d6,https://nercdsh.dev.azure.manchester.ac.uk/server/rest/services/UPRN_PoC_Web_Layer_UK_v1/FeatureServer/20,,VectorDataset,/ClimateJust,0,st_perimeter(shape),st_perimeter(shape),,False,True,False,,,,data,2
22001,,59689d4a1bce44aa9c2f4d4e6fecaa70,ClimateJust - LSOAs (EN) (2011 - 2022 V3) - 2022 Data,ArcGISFeatureLayer,71c9876f8b4546889de4f4a5899b50d6,https://nercdsh.dev.azure.manchester.ac.uk/server/rest/services/UPRN_PoC_Web_Layer_UK_v1/FeatureServer/21,,VectorDataset,/ClimateJust,0,objectid,OBJECTID,,False,True,False,,,,data,2
22101,,59689d4a1bce44aa9c2f4d4e6fecaa70,ClimateJust - LSOAs (EN) (2011 - 2022 V3) - 2022 Data,ArcGISFeatureLayer,71c9876f8b4546889de4f4a5899b50d6,https://nercdsh.dev.azure.manchester.ac.uk/server/rest/services/UPRN_PoC_Web_Layer_UK_v1/FeatureServer/21,,VectorDataset,/ClimateJust,0,globalid,GlobalID,,False,True,False,,,,data,2
22201,,59689d4a1bce44aa9c2f4d4e6fecaa70,ClimateJust - LSOAs (EN) (2011 - 2022 V3) - 2022 Data,ArcGISFeatureLayer,71c9876f8b4546889de4f4a5899b50d6,https://nercdsh.dev.azure.manchester.ac.uk/server/rest/services/UPRN_PoC_Web_Layer_UK_v1/FeatureServer/21,,VectorDataset,/ClimateJust,0,lsoa11cd,LSOA Code (2011) (V3),,True,True,True,,,,data,2
22301,,59689d4a1bce44aa9c2f4d4e6fecaa70,ClimateJust - LSOAs (EN) (2011 - 2022 V3) - 2022 Data,ArcGISFeatureLayer,71c9876f8b4546889de4f4a5899b50d6,https://nercdsh.dev.azure.manchester.ac.uk/server/rest/services/UPRN_PoC_Web_Layer_UK_v1/FeatureServer/21,,VectorDataset,/ClimateJust,0,lsoa11nm,LSOA Name (2011) (V3),,True,True,True,,,,data,2
22401,,59689d4a1bce44aa9c2f4d4e6fecaa70,ClimateJust - LSOAs (EN) (2011 - 2022 V3) - 2022 Data,ArcGISFeatureLayer,71c9876f8b4546889de4f4a5899b50d6,https://nercdsh.dev.azure.manchester.ac.uk/server/rest/services/UPRN_PoC_Web_Layer_UK_v1/FeatureServer/21,,VectorDataset,/ClimateJust,0,sensitivityssfvi,Sensitivity Index,,True,True,False,,,,data,2
22501,,59689d4a1bce44aa9c2f4d4e6fecaa70,ClimateJust - LSOAs (EN) (2011 - 2022 V3) - 2022 Data,ArcGISFeatureLayer,71c9876f8b4546889de4f4a5899b50d6,https://nercdsh.dev.azure.manchester.ac.uk/server/rest/services/UPRN_PoC_Web_Layer_UK_v1/FeatureServer/21,,VectorDataset,/ClimateJust,0,inabilitytopreparessfvi,Inability to Prepare Index,,True,True,False,,,,data,2
22601,,59689d4a1bce44aa9c2f4d4e6fecaa70,ClimateJust - LSOAs (EN) (2011 - 2022 V3) - 2022 Data,ArcGISFeatureLayer,71c9876f8b4546889de4f4a5899b50d6,https://nercdsh.dev.azure.manchester.ac.uk/server/rest/services/UPRN_PoC_Web_Layer_UK_v1/FeatureServer/21,,VectorDataset,/ClimateJust,0,inabilitytorespondssfvi,Inability to Respond Index,,True,True,False,,,,data,2
22701,,59689d4a1bce44aa9c2f4d4e6fecaa70,ClimateJust - LSOAs (EN) (2011 - 2022 V3) - 2022 Data,ArcGISFeatureLayer,71c9876f8b4546889de4f4a5899b50d6,https://nercdsh.dev.azure.manchester.ac.uk/server/rest/services/UPRN_PoC_Web_Layer_UK_v1/FeatureServer/21,,VectorDataset,/ClimateJust,0,inabilitytorecoverssfvi,Inability to Recover Index,,True,True,False,,,,data,2
22801,,59689d4a1bce44aa9c2f4d4e6fecaa70,ClimateJust - LSOAs (EN) (2011 - 2022 V3) - 2022 Data,ArcGISFeatureLayer,71c9876f8b4546889de4f4a5899b50d6,https://nercdsh.dev.azure.manchester.ac.uk/server/rest/services/UPRN_PoC_Web_Layer_UK_v1/FeatureServer/21,,VectorDataset,/ClimateJust,0,enhancedexposuressfvi,Enhanced Exposure Index,,True,True,False,,,,data,2
22901,,59689d4a1bce44aa9c2f4d4e6fecaa70,ClimateJust - LSOAs (EN) (2011 - 2022 V3) - 2022 Data,ArcGISFeatureLayer,71c9876f8b4546889de4f4a5899b50d6,https://nercdsh.dev.azure.manchester.ac.uk/server/rest/services/UPRN_PoC_Web_Layer_UK_v1/FeatureServer/21,,VectorDataset,/ClimateJust,0,ssfvi,Socio-Spatial Flood Vulnerability Index,,True,True,False,,,,data,2
23001,,59689d4a1bce44aa9c2f4d4e6fecaa70,ClimateJust - LSOAs (EN) (2011 - 2022 V3) - 2022 Data,ArcGISFeatureLayer,71c9876f8b4546889de4f4a5899b50d6,https://nercdsh.dev.azure.manchester.ac.uk/server/rest/services/UPRN_PoC_Web_Layer_UK_v1/FeatureServer/21,,VectorDataset,/ClimateJust,0,population,Population,,True,True,False,,,,data,2
23101,,59689d4a1bce44aa9c2f4d4e6fecaa70,ClimateJust - LSOAs (EN) (2011 - 2022 V3) - 2022 Data,ArcGISFeatureLayer,71c9876f8b4546889de4f4a5899b50d6,https://nercdsh.dev.azure.manchester.ac.uk/server/rest/services/UPRN_PoC_Web_Layer_UK_v1/FeatureServer/21,,VectorDataset,/ClimateJust,0,populationexposed,Population Exposed (Count),,True,True,False,,,,data,2
23201,,59689d4a1bce44aa9c2f4d4e6fecaa70,ClimateJust - LSOAs (EN) (2011 - 2022 V3) - 2022 Data,ArcGISFeatureLayer,71c9876f8b4546889de4f4a5899b50d6,https://nercdsh.dev.azure.manchester.ac.uk/server/rest/services/UPRN_PoC_Web_Layer_UK_v1/FeatureServer/21,,VectorDataset,/ClimateJust,0,exposedpopdefended,Exposed Population Defended (Count),,True,True,False,,,,data,2
23301,,59689d4a1bce44aa9c2f4d4e6fecaa70,ClimateJust - LSOAs (EN) (2011 - 2022 V3) - 2022 Data,ArcGISFeatureLayer,71c9876f8b4546889de4f4a5899b50d6,https://nercdsh.dev.azure.manchester.ac.uk/server/rest/services/UPRN_PoC_Web_Layer_UK_v1/FeatureServer/21,,VectorDataset,/ClimateJust,0,exposedpopundefended,Exposed Population Undefended (Count),,True,True,False,,,,data,2
23401,,59689d4a1bce44aa9c2f4d4e6fecaa70,ClimateJust - LSOAs (EN) (2011 - 2022 V3) - 2022 Data,ArcGISFeatureLayer,71c9876f8b4546889de4f4a5899b50d6,https://nercdsh.dev.azure.manchester.ac.uk/server/rest/services/UPRN_PoC_Web_Layer_UK_v1/FeatureServer/21,,VectorDataset,/ClimateJust,0,zpopulationexposed,Population Exposed (Z-Score),,True,True,False,,,,data,2
23501,,59689d4a1bce44aa9c2f4d4e6fecaa70,ClimateJust - LSOAs (EN) (2011 - 2022 V3) - 2022 Data,ArcGISFeatureLayer,71c9876f8b4546889de4f4a5899b50d6,https://nercdsh.dev.azure.manchester.ac.uk/server/rest/services/UPRN_PoC_Web_Layer_UK_v1/FeatureServer/21,,VectorDataset,/ClimateJust,0,zexposedpopundefended,Exposed Population Undefended (Z-Score),,True,True,False,,,,data,2
23601,,59689d4a1bce44aa9c2f4d4e6fecaa70,ClimateJust - LSOAs (EN) (2011 - 2022 V3) - 2022 Data,ArcGISFeatureLayer,71c9876f8b4546889de4f4a5899b50d6,https://nercdsh.dev.azure.manchester.ac.uk/server/rest/services/UPRN_PoC_Web_Layer_UK_v1/FeatureServer/21,,VectorDataset,/ClimateJust,0,zdisadvantageexposed,"Disadvantage (all potentially exposed, Z-Score)",,True,True,False,,,,data,2
23701,,59689d4a1bce44aa9c2f4d4e6fecaa70,ClimateJust - LSOAs (EN) (2011 - 2022 V3) - 2022 Data,ArcGISFeatureLayer,71c9876f8b4546889de4f4a5899b50d6,https://nercdsh.dev.azure.manchester.ac.uk/server/rest/services/UPRN_PoC_Web_Layer_UK_v1/FeatureServer/21,,VectorDataset,/ClimateJust,0,zdisadvantageundefended,"Disadvantage (all potentially undefended, Z-Score)",,True,True,False,,,,data,2
23801,,59689d4a1bce44aa9c2f4d4e6fecaa70,ClimateJust - LSOAs (EN) (2011 - 2022 V3) - 2022 Data,ArcGISFeatureLayer,71c9876f8b4546889de4f4a5899b50d6,https://nercdsh.dev.azure.manchester.ac.uk/server/rest/services/UPRN_PoC_Web_Layer_UK_v1/FeatureServer/21,,VectorDataset,/ClimateJust,0,agevulnerability,Vulnerability due to age,,True,True,False,,,,data,2
23901,,59689d4a1bce44aa9c2f4d4e6fecaa70,ClimateJust - LSOAs (EN) (2011 - 2022 V3) - 2022 Data,ArcGISFeatureLayer,71c9876f8b4546889de4f4a5899b50d6,https://nercdsh.dev.azure.manchester.ac.uk/server/rest/services/UPRN_PoC_Web_Layer_UK_v1/FeatureServer/21,,VectorDataset,/ClimateJust,0,healthvulnerability,Vulnerability due to health,,True,True,False,,,,data,2
24001,,59689d4a1bce44aa9c2f4d4e6fecaa70,ClimateJust - LSOAs (EN) (2011 - 2022 V3) - 2022 Data,ArcGISFeatureLayer,71c9876f8b4546889de4f4a5899b50d6,https://nercdsh.dev.azure.manchester.ac.uk/server/rest/services/UPRN_PoC_Web_Layer_UK_v1/FeatureServer/21,,VectorDataset,/ClimateJust,0,incomevulnerability,Vulnerability due to income,,True,True,False,,,,data,2
24101,,59689d4a1bce44aa9c2f4d4e6fecaa70,ClimateJust - LSOAs (EN) (2011 - 2022 V3) - 2022 Data,ArcGISFeatureLayer,71c9876f8b4546889de4f4a5899b50d6,https://nercdsh.dev.azure.manchester.ac.uk/server/rest/services/UPRN_PoC_Web_Layer_UK_v1/FeatureServer/21,,VectorDataset,/ClimateJust,0,propertytenurevulnerability,Vulnerability due to property tenure,,True,True,False,,,,data,2
24201,,59689d4a1bce44aa9c2f4d4e6fecaa70,ClimateJust - LSOAs (EN) (2011 - 2022 V3) - 2022 Data,ArcGISFeatureLayer,71c9876f8b4546889de4f4a5899b50d6,https://nercdsh.dev.azure.manchester.ac.uk/server/rest/services/UPRN_PoC_Web_Layer_UK_v1/FeatureServer/21,,VectorDataset,/ClimateJust,0,languagevulnerability,Vulnerability due to issues of information use,,True,True,False,,,,data,2
24301,,59689d4a1bce44aa9c2f4d4e6fecaa70,ClimateJust - LSOAs (EN) (2011 - 2022 V3) - 2022 Data,ArcGISFeatureLayer,71c9876f8b4546889de4f4a5899b50d6,https://nercdsh.dev.azure.manchester.ac.uk/server/rest/services/UPRN_PoC_Web_Layer_UK_v1/FeatureServer/21,,VectorDataset,/ClimateJust,0,internetvulnerability,Vulnerability due to lack of internet access,,True,True,False,,,,data,2
24401,,59689d4a1bce44aa9c2f4d4e6fecaa70,ClimateJust - LSOAs (EN) (2011 - 2022 V3) - 2022 Data,ArcGISFeatureLayer,71c9876f8b4546889de4f4a5899b50d6,https://nercdsh.dev.azure.manchester.ac.uk/server/rest/services/UPRN_PoC_Web_Layer_UK_v1/FeatureServer/21,,VectorDataset,/ClimateJust,0,knowledgefloodvulnerability,Vulnerability due to lack of local knowledge,,True,True,False,,,,data,2
24501,,59689d4a1bce44aa9c2f4d4e6fecaa70,ClimateJust - LSOAs (EN) (2011 - 2022 V3) - 2022 Data,ArcGISFeatureLayer,71c9876f8b4546889de4f4a5899b50d6,https://nercdsh.dev.azure.manchester.ac.uk/server/rest/services/UPRN_PoC_Web_Layer_UK_v1/FeatureServer/21,,VectorDataset,/ClimateJust,0,socialnetworksvulnerability,Vulnerability due to lack of social networks,,True,True,False,,,,data,2
24601,,59689d4a1bce44aa9c2f4d4e6fecaa70,ClimateJust - LSOAs (EN) (2011 - 2022 V3) - 2022 Data,ArcGISFeatureLayer,71c9876f8b4546889de4f4a5899b50d6,https://nercdsh.dev.azure.manchester.ac.uk/server/rest/services/UPRN_PoC_Web_Layer_UK_v1/FeatureServer/21,,VectorDataset,/ClimateJust,0,mobilityvulnerability,Vulnerability due to lack of physical mobility,,True,True,False,,,,data,2
24701,,59689d4a1bce44aa9c2f4d4e6fecaa70,ClimateJust - LSOAs (EN) (2011 - 2022 V3) - 2022 Data,ArcGISFeatureLayer,71c9876f8b4546889de4f4a5899b50d6,https://nercdsh.dev.azure.manchester.ac.uk/server/rest/services/UPRN_PoC_Web_Layer_UK_v1/FeatureServer/21,,VectorDataset,/ClimateJust,0,crimevulnerability,Vulnerability due to crime,,True,True,False,,,,data,2
24801,,59689d4a1bce44aa9c2f4d4e6fecaa70,ClimateJust - LSOAs (EN) (2011 - 2022 V3) - 2022 Data,ArcGISFeatureLayer,71c9876f8b4546889de4f4a5899b50d6,https://nercdsh.dev.azure.manchester.ac.uk/server/rest/services/UPRN_PoC_Web_Layer_UK_v1/FeatureServer/21,,VectorDataset,/ClimateJust,0,pharmacyaccessvulnerability,Vulnerability due to lack of pharmacy access,,True,True,False,,,,data,2
24901,,59689d4a1bce44aa9c2f4d4e6fecaa70,ClimateJust - LSOAs (EN) (2011 - 2022 V3) - 2022 Data,ArcGISFeatureLayer,71c9876f8b4546889de4f4a5899b50d6,https://nercdsh.dev.azure.manchester.ac.uk/server/rest/services/UPRN_PoC_Web_Layer_UK_v1/FeatureServer/21,,VectorDataset,/ClimateJust,0,housepricesvulnerability,Vulnerability due to house prices,,True,True,False,,,,data,2
25001,,59689d4a1bce44aa9c2f4d4e6fecaa70,ClimateJust - LSOAs (EN) (2011 - 2022 V3) - 2022 Data,ArcGISFeatureLayer,71c9876f8b4546889de4f4a5899b50d6,https://nercdsh.dev.azure.manchester.ac.uk/server/rest/services/UPRN_PoC_Web_Layer_UK_v1/FeatureServer/21,,VectorDataset,/ClimateJust,0,physenvironmentvulnerability,Vulnerability due to physical environment,,True,True,False,,,,data,2
25101,,59689d4a1bce44aa9c2f4d4e6fecaa70,ClimateJust - LSOAs (EN) (2011 - 2022 V3) - 2022 Data,ArcGISFeatureLayer,71c9876f8b4546889de4f4a5899b50d6,https://nercdsh.dev.azure.manchester.ac.uk/server/rest/services/UPRN_PoC_Web_Layer_UK_v1/FeatureServer/21,,VectorDataset,/ClimateJust,0,housingfloodvulnerability,Vulnerability due to housing characteristics,,True,True,False,,,,data,2
25201,,59689d4a1bce44aa9c2f4d4e6fecaa70,ClimateJust - LSOAs (EN) (2011 - 2022 V3) - 2022 Data,ArcGISFeatureLayer,71c9876f8b4546889de4f4a5899b50d6,https://nercdsh.dev.azure.manchester.ac.uk/server/rest/services/UPRN_PoC_Web_Layer_UK_v1/FeatureServer/21,,VectorDataset,/ClimateJust,0,zyoungchildren,Young children (Z-Score),,True,True,False,,,,data,2
25301,,59689d4a1bce44aa9c2f4d4e6fecaa70,ClimateJust - LSOAs (EN) (2011 - 2022 V3) - 2022 Data,ArcGISFeatureLayer,71c9876f8b4546889de4f4a5899b50d6,https://nercdsh.dev.azure.manchester.ac.uk/server/rest/services/UPRN_PoC_Web_Layer_UK_v1/FeatureServer/21,,VectorDataset,/ClimateJust,0,zpeopleover75,Older people (Z-Score),,True,True,False,,,,data,2
25401,,59689d4a1bce44aa9c2f4d4e6fecaa70,ClimateJust - LSOAs (EN) (2011 - 2022 V3) - 2022 Data,ArcGISFeatureLayer,71c9876f8b4546889de4f4a5899b50d6,https://nercdsh.dev.azure.manchester.ac.uk/server/rest/services/UPRN_PoC_Web_Layer_UK_v1/FeatureServer/21,,VectorDataset,/ClimateJust,0,zemergencyhospitaladmiss,Rate of emergency admission to hospital (Z-Score),,True,True,False,,,,data,2
25501,,59689d4a1bce44aa9c2f4d4e6fecaa70,ClimateJust - LSOAs (EN) (2011 - 2022 V3) - 2022 Data,ArcGISFeatureLayer,71c9876f8b4546889de4f4a5899b50d6,https://nercdsh.dev.azure.manchester.ac.uk/server/rest/services/UPRN_PoC_Web_Layer_UK_v1/FeatureServer/21,,VectorDataset,/ClimateJust,0,zdisabilityillhealth,Comparative illness and disability ratio (Z-Score),,True,True,False,,,,data,2
25601,,59689d4a1bce44aa9c2f4d4e6fecaa70,ClimateJust - LSOAs (EN) (2011 - 2022 V3) - 2022 Data,ArcGISFeatureLayer,71c9876f8b4546889de4f4a5899b50d6,https://nercdsh.dev.azure.manchester.ac.uk/server/rest/services/UPRN_PoC_Web_Layer_UK_v1/FeatureServer/21,,VectorDataset,/ClimateJust,0,zmoodanxietydisorders,Mood and Anxiety Disorder Indicator (Z-Score),,True,True,False,,,,data,2
25701,,59689d4a1bce44aa9c2f4d4e6fecaa70,ClimateJust - LSOAs (EN) (2011 - 2022 V3) - 2022 Data,ArcGISFeatureLayer,71c9876f8b4546889de4f4a5899b50d6,https://nercdsh.dev.azure.manchester.ac.uk/server/rest/services/UPRN_PoC_Web_Layer_UK_v1/FeatureServer/21,,VectorDataset,/ClimateJust,0,zmedicalcareresidents,Employment deprived people in an area (Z-Score),,True,True,False,,,,data,2
25801,,59689d4a1bce44aa9c2f4d4e6fecaa70,ClimateJust - LSOAs (EN) (2011 - 2022 V3) - 2022 Data,ArcGISFeatureLayer,71c9876f8b4546889de4f4a5899b50d6,https://nercdsh.dev.azure.manchester.ac.uk/server/rest/services/UPRN_PoC_Web_Layer_UK_v1/FeatureServer/21,,VectorDataset,/ClimateJust,0,zyearspotentiallifelost,Years of Potential Life Lost (Z-Score),,True,True,False,,,,data,2
25901,,59689d4a1bce44aa9c2f4d4e6fecaa70,ClimateJust - LSOAs (EN) (2011 - 2022 V3) - 2022 Data,ArcGISFeatureLayer,71c9876f8b4546889de4f4a5899b50d6,https://nercdsh.dev.azure.manchester.ac.uk/server/rest/services/UPRN_PoC_Web_Layer_UK_v1/FeatureServer/21,,VectorDataset,/ClimateJust,0,zhomelessness,Homelessness indicator (Z-Score),,True,True,False,,,,data,2
26001,,59689d4a1bce44aa9c2f4d4e6fecaa70,ClimateJust - LSOAs (EN) (2011 - 2022 V3) - 2022 Data,ArcGISFeatureLayer,71c9876f8b4546889de4f4a5899b50d6,https://nercdsh.dev.azure.manchester.ac.uk/server/rest/services/UPRN_PoC_Web_Layer_UK_v1/FeatureServer/21,,VectorDataset,/ClimateJust,0,zemploymentdeprivation,Employment deprived people in an area (Z-Score),,True,True,False,,,,data,2
26101,,59689d4a1bce44aa9c2f4d4e6fecaa70,ClimateJust - LSOAs (EN) (2011 - 2022 V3) - 2022 Data,ArcGISFeatureLayer,71c9876f8b4546889de4f4a5899b50d6,https://nercdsh.dev.azure.manchester.ac.uk/server/rest/services/UPRN_PoC_Web_Layer_UK_v1/FeatureServer/21,,VectorDataset,/ClimateJust,0,zincomedeprivation,Income deprived people in an area (Z-Score),,True,True,False,,,,data,2
26201,,59689d4a1bce44aa9c2f4d4e6fecaa70,ClimateJust - LSOAs (EN) (2011 - 2022 V3) - 2022 Data,ArcGISFeatureLayer,71c9876f8b4546889de4f4a5899b50d6,https://nercdsh.dev.azure.manchester.ac.uk/server/rest/services/UPRN_PoC_Web_Layer_UK_v1/FeatureServer/21,,VectorDataset,/ClimateJust,0,zolderadultincomedeprivation,Income deprived older people in an area (Z-Score),,True,True,False,,,,data,2
26301,,59689d4a1bce44aa9c2f4d4e6fecaa70,ClimateJust - LSOAs (EN) (2011 - 2022 V3) - 2022 Data,ArcGISFeatureLayer,71c9876f8b4546889de4f4a5899b50d6,https://nercdsh.dev.azure.manchester.ac.uk/server/rest/services/UPRN_PoC_Web_Layer_UK_v1/FeatureServer/21,,VectorDataset,/ClimateJust,0,zsocialrenting,Social renters (Z-Score),,True,True,False,,,,data,2
26401,,59689d4a1bce44aa9c2f4d4e6fecaa70,ClimateJust - LSOAs (EN) (2011 - 2022 V3) - 2022 Data,ArcGISFeatureLayer,71c9876f8b4546889de4f4a5899b50d6,https://nercdsh.dev.azure.manchester.ac.uk/server/rest/services/UPRN_PoC_Web_Layer_UK_v1/FeatureServer/21,,VectorDataset,/ClimateJust,0,zprivaterenting,Private renters (Z-Score),,True,True,False,,,,data,2
26501,,59689d4a1bce44aa9c2f4d4e6fecaa70,ClimateJust - LSOAs (EN) (2011 - 2022 V3) - 2022 Data,ArcGISFeatureLayer,71c9876f8b4546889de4f4a5899b50d6,https://nercdsh.dev.azure.manchester.ac.uk/server/rest/services/UPRN_PoC_Web_Layer_UK_v1/FeatureServer/21,,VectorDataset,/ClimateJust,0,zenglishproficiency,Level of proficiency in English (Z-Score),,True,True,False,,,,data,2
26601,,59689d4a1bce44aa9c2f4d4e6fecaa70,ClimateJust - LSOAs (EN) (2011 - 2022 V3) - 2022 Data,ArcGISFeatureLayer,71c9876f8b4546889de4f4a5899b50d6,https://nercdsh.dev.azure.manchester.ac.uk/server/rest/services/UPRN_PoC_Web_Layer_UK_v1/FeatureServer/21,,VectorDataset,/ClimateJust,0,zsubstandardbroadband,Sub-standard Broadband (Z-Score),,True,True,False,,,,data,2
26701,,59689d4a1bce44aa9c2f4d4e6fecaa70,ClimateJust - LSOAs (EN) (2011 - 2022 V3) - 2022 Data,ArcGISFeatureLayer,71c9876f8b4546889de4f4a5899b50d6,https://nercdsh.dev.azure.manchester.ac.uk/server/rest/services/UPRN_PoC_Web_Layer_UK_v1/FeatureServer/21,,VectorDataset,/ClimateJust,0,zavailsuperfastbroadband,Availability of superfast broadband (Z-Score),,True,True,False,,,,data,2
26801,,59689d4a1bce44aa9c2f4d4e6fecaa70,ClimateJust - LSOAs (EN) (2011 - 2022 V3) - 2022 Data,ArcGISFeatureLayer,71c9876f8b4546889de4f4a5899b50d6,https://nercdsh.dev.azure.manchester.ac.uk/server/rest/services/UPRN_PoC_Web_Layer_UK_v1/FeatureServer/21,,VectorDataset,/ClimateJust,0,zpopulationtransience,Population Transience (Z-Score),,True,True,False,,,,data,2
26901,,59689d4a1bce44aa9c2f4d4e6fecaa70,ClimateJust - LSOAs (EN) (2011 - 2022 V3) - 2022 Data,ArcGISFeatureLayer,71c9876f8b4546889de4f4a5899b50d6,https://nercdsh.dev.azure.manchester.ac.uk/server/rest/services/UPRN_PoC_Web_Layer_UK_v1/FeatureServer/21,,VectorDataset,/ClimateJust,0,zdirectfloodexperience,Number of properties within historical flood boundary (Z-Score),,True,True,False,,,,data,2
27001,,59689d4a1bce44aa9c2f4d4e6fecaa70,ClimateJust - LSOAs (EN) (2011 - 2022 V3) - 2022 Data,ArcGISFeatureLayer,71c9876f8b4546889de4f4a5899b50d6,https://nercdsh.dev.azure.manchester.ac.uk/server/rest/services/UPRN_PoC_Web_Layer_UK_v1/FeatureServer/21,,VectorDataset,/ClimateJust,0,zfloodwarnings,Flood alert and warning areas (Z-Score),,True,True,False,,,,data,2
27101,,59689d4a1bce44aa9c2f4d4e6fecaa70,ClimateJust - LSOAs (EN) (2011 - 2022 V3) - 2022 Data,ArcGISFeatureLayer,71c9876f8b4546889de4f4a5899b50d6,https://nercdsh.dev.azure.manchester.ac.uk/server/rest/services/UPRN_PoC_Web_Layer_UK_v1/FeatureServer/21,,VectorDataset,/ClimateJust,0,zsinglepensionerhouseholds,pensioner households (Z-Score),,True,True,False,,,,data,2
27201,,59689d4a1bce44aa9c2f4d4e6fecaa70,ClimateJust - LSOAs (EN) (2011 - 2022 V3) - 2022 Data,ArcGISFeatureLayer,71c9876f8b4546889de4f4a5899b50d6,https://nercdsh.dev.azure.manchester.ac.uk/server/rest/services/UPRN_PoC_Web_Layer_UK_v1/FeatureServer/21,,VectorDataset,/ClimateJust,0,zlackschoolrelatednetworks,Lack of school-related networks (Z-Score),,True,True,False,,,,data,2
27301,,59689d4a1bce44aa9c2f4d4e6fecaa70,ClimateJust - LSOAs (EN) (2011 - 2022 V3) - 2022 Data,ArcGISFeatureLayer,71c9876f8b4546889de4f4a5899b50d6,https://nercdsh.dev.azure.manchester.ac.uk/server/rest/services/UPRN_PoC_Web_Layer_UK_v1/FeatureServer/21,,VectorDataset,/ClimateJust,0,zlackprivatetransport,Lack of private transport (Z-Score),,True,True,False,,,,data,2
27401,,59689d4a1bce44aa9c2f4d4e6fecaa70,ClimateJust - LSOAs (EN) (2011 - 2022 V3) - 2022 Data,ArcGISFeatureLayer,71c9876f8b4546889de4f4a5899b50d6,https://nercdsh.dev.azure.manchester.ac.uk/server/rest/services/UPRN_PoC_Web_Layer_UK_v1/FeatureServer/21,,VectorDataset,/ClimateJust,0,zworkplaceaccessibilitywalkpt,Workplace accessibility by walking or public transport (Z-Score),,True,True,False,,,,data,2
27501,,59689d4a1bce44aa9c2f4d4e6fecaa70,ClimateJust - LSOAs (EN) (2011 - 2022 V3) - 2022 Data,ArcGISFeatureLayer,71c9876f8b4546889de4f4a5899b50d6,https://nercdsh.dev.azure.manchester.ac.uk/server/rest/services/UPRN_PoC_Web_Layer_UK_v1/FeatureServer/21,,VectorDataset,/ClimateJust,0,zworkplaceaccessibilitycar,Workplace accessibility by car (Z-Score),,True,True,False,,,,data,2
27601,,59689d4a1bce44aa9c2f4d4e6fecaa70,ClimateJust - LSOAs (EN) (2011 - 2022 V3) - 2022 Data,ArcGISFeatureLayer,71c9876f8b4546889de4f4a5899b50d6,https://nercdsh.dev.azure.manchester.ac.uk/server/rest/services/UPRN_PoC_Web_Layer_UK_v1/FeatureServer/21,,VectorDataset,/ClimateJust,0,zcrime,ZCrime,,True,True,False,,,,data,2
27701,,59689d4a1bce44aa9c2f4d4e6fecaa70,ClimateJust - LSOAs (EN) (2011 - 2022 V3) - 2022 Data,ArcGISFeatureLayer,71c9876f8b4546889de4f4a5899b50d6,https://nercdsh.dev.azure.manchester.ac.uk/server/rest/services/UPRN_PoC_Web_Layer_UK_v1/FeatureServer/21,,VectorDataset,/ClimateJust,0,zaccessibilitypharmacies,Mean distance to a pharmacy (Z-Score),,True,True,False,,,,data,2
27801,,59689d4a1bce44aa9c2f4d4e6fecaa70,ClimateJust - LSOAs (EN) (2011 - 2022 V3) - 2022 Data,ArcGISFeatureLayer,71c9876f8b4546889de4f4a5899b50d6,https://nercdsh.dev.azure.manchester.ac.uk/server/rest/services/UPRN_PoC_Web_Layer_UK_v1/FeatureServer/21,,VectorDataset,/ClimateJust,0,zhousingtrap,Median price paid for residential properties (Z-Score),,True,True,False,,,,data,2
27901,,59689d4a1bce44aa9c2f4d4e6fecaa70,ClimateJust - LSOAs (EN) (2011 - 2022 V3) - 2022 Data,ArcGISFeatureLayer,71c9876f8b4546889de4f4a5899b50d6,https://nercdsh.dev.azure.manchester.ac.uk/server/rest/services/UPRN_PoC_Web_Layer_UK_v1/FeatureServer/21,,VectorDataset,/ClimateJust,0,zurbancover,Built up area (Z-Score),,True,True,False,,,,data,2
28001,,59689d4a1bce44aa9c2f4d4e6fecaa70,ClimateJust - LSOAs (EN) (2011 - 2022 V3) - 2022 Data,ArcGISFeatureLayer,71c9876f8b4546889de4f4a5899b50d6,https://nercdsh.dev.azure.manchester.ac.uk/server/rest/services/UPRN_PoC_Web_Layer_UK_v1/FeatureServer/21,,VectorDataset,/ClimateJust,0,zlackprivategreenspaceflood,Lack of domestic gardens (Z-Score),,True,True,False,,,,data,2
28101,,59689d4a1bce44aa9c2f4d4e6fecaa70,ClimateJust - LSOAs (EN) (2011 - 2022 V3) - 2022 Data,ArcGISFeatureLayer,71c9876f8b4546889de4f4a5899b50d6,https://nercdsh.dev.azure.manchester.ac.uk/server/rest/services/UPRN_PoC_Web_Layer_UK_v1/FeatureServer/21,,VectorDataset,/ClimateJust,0,zaveragecommunitygreenspace,"Median combined size of parks and public gardens and playing fields within 1,000 m radius (Z-Score)",,True,True,False,,,,data,2
28201,,59689d4a1bce44aa9c2f4d4e6fecaa70,ClimateJust - LSOAs (EN) (2011 - 2022 V3) - 2022 Data,ArcGISFeatureLayer,71c9876f8b4546889de4f4a5899b50d6,https://nercdsh.dev.azure.manchester.ac.uk/server/rest/services/UPRN_PoC_Web_Layer_UK_v1/FeatureServer/21,,VectorDataset,/ClimateJust,0,zcaravanortemporarystructures,Caravan or other mobile or temporary structures (Z-Score),,True,True,False,,,,data,2
28301,,59689d4a1bce44aa9c2f4d4e6fecaa70,ClimateJust - LSOAs (EN) (2011 - 2022 V3) - 2022 Data,ArcGISFeatureLayer,71c9876f8b4546889de4f4a5899b50d6,https://nercdsh.dev.azure.manchester.ac.uk/server/rest/services/UPRN_PoC_Web_Layer_UK_v1/FeatureServer/21,,VectorDataset,/ClimateJust,0,youngchildren,Young children (% people under 5 years),,True,True,False,,,,data,2
28401,,59689d4a1bce44aa9c2f4d4e6fecaa70,ClimateJust - LSOAs (EN) (2011 - 2022 V3) - 2022 Data,ArcGISFeatureLayer,71c9876f8b4546889de4f4a5899b50d6,https://nercdsh.dev.azure.manchester.ac.uk/server/rest/services/UPRN_PoC_Web_Layer_UK_v1/FeatureServer/21,,VectorDataset,/ClimateJust,0,peopleover75,Older people (% people over 75 years),,True,True,False,,,,data,2
28501,,59689d4a1bce44aa9c2f4d4e6fecaa70,ClimateJust - LSOAs (EN) (2011 - 2022 V3) - 2022 Data,ArcGISFeatureLayer,71c9876f8b4546889de4f4a5899b50d6,https://nercdsh.dev.azure.manchester.ac.uk/server/rest/services/UPRN_PoC_Web_Layer_UK_v1/FeatureServer/21,,VectorDataset,/ClimateJust,0,emergencyhospitaladmiss,Rate of emergency admission to hospital,,True,True,False,,,,data,2
28601,,59689d4a1bce44aa9c2f4d4e6fecaa70,ClimateJust - LSOAs (EN) (2011 - 2022 V3) - 2022 Data,ArcGISFeatureLayer,71c9876f8b4546889de4f4a5899b50d6,https://nercdsh.dev.azure.manchester.ac.uk/server/rest/services/UPRN_PoC_Web_Layer_UK_v1/FeatureServer/21,,VectorDataset,/ClimateJust,0,disabilityandillhealth,Comparative illness and disability ratio,,True,True,False,,,,data,2
28701,,59689d4a1bce44aa9c2f4d4e6fecaa70,ClimateJust - LSOAs (EN) (2011 - 2022 V3) - 2022 Data,ArcGISFeatureLayer,71c9876f8b4546889de4f4a5899b50d6,https://nercdsh.dev.azure.manchester.ac.uk/server/rest/services/UPRN_PoC_Web_Layer_UK_v1/FeatureServer/21,,VectorDataset,/ClimateJust,0,moodanxietydisorders,Mood and Anxiety Disorder Indicator,,True,True,False,,,,data,2
28801,,59689d4a1bce44aa9c2f4d4e6fecaa70,ClimateJust - LSOAs (EN) (2011 - 2022 V3) - 2022 Data,ArcGISFeatureLayer,71c9876f8b4546889de4f4a5899b50d6,https://nercdsh.dev.azure.manchester.ac.uk/server/rest/services/UPRN_PoC_Web_Layer_UK_v1/FeatureServer/21,,VectorDataset,/ClimateJust,0,medicalcareresidents,Medical and Care Residents (Score),,True,True,False,,,,data,2
28901,,59689d4a1bce44aa9c2f4d4e6fecaa70,ClimateJust - LSOAs (EN) (2011 - 2022 V3) - 2022 Data,ArcGISFeatureLayer,71c9876f8b4546889de4f4a5899b50d6,https://nercdsh.dev.azure.manchester.ac.uk/server/rest/services/UPRN_PoC_Web_Layer_UK_v1/FeatureServer/21,,VectorDataset,/ClimateJust,0,yearsofpotentiallifelost,Years of Potential Life Lost (Score),,True,True,False,,,,data,2
29001,,59689d4a1bce44aa9c2f4d4e6fecaa70,ClimateJust - LSOAs (EN) (2011 - 2022 V3) - 2022 Data,ArcGISFeatureLayer,71c9876f8b4546889de4f4a5899b50d6,https://nercdsh.dev.azure.manchester.ac.uk/server/rest/services/UPRN_PoC_Web_Layer_UK_v1/FeatureServer/21,,VectorDataset,/ClimateJust,0,homelessness,Homelessness rate (rate per 1000 households),,True,True,False,,,,data,2
29101,,59689d4a1bce44aa9c2f4d4e6fecaa70,ClimateJust - LSOAs (EN) (2011 - 2022 V3) - 2022 Data,ArcGISFeatureLayer,71c9876f8b4546889de4f4a5899b50d6,https://nercdsh.dev.azure.manchester.ac.uk/server/rest/services/UPRN_PoC_Web_Layer_UK_v1/FeatureServer/21,,VectorDataset,/ClimateJust,0,employmentdeprivation,Employment deprived people in an area (% of working population),,True,True,False,,,,data,2
29201,,59689d4a1bce44aa9c2f4d4e6fecaa70,ClimateJust - LSOAs (EN) (2011 - 2022 V3) - 2022 Data,ArcGISFeatureLayer,71c9876f8b4546889de4f4a5899b50d6,https://nercdsh.dev.azure.manchester.ac.uk/server/rest/services/UPRN_PoC_Web_Layer_UK_v1/FeatureServer/21,,VectorDataset,/ClimateJust,0,incomedeprivation,Income deprived people in an area (% of zone population),,True,True,False,,,,data,2
29301,,59689d4a1bce44aa9c2f4d4e6fecaa70,ClimateJust - LSOAs (EN) (2011 - 2022 V3) - 2022 Data,ArcGISFeatureLayer,71c9876f8b4546889de4f4a5899b50d6,https://nercdsh.dev.azure.manchester.ac.uk/server/rest/services/UPRN_PoC_Web_Layer_UK_v1/FeatureServer/21,,VectorDataset,/ClimateJust,0,olderadultincomedeprivation,Income deprived older people in an area (% of people 60 or over),,True,True,False,,,,data,2
29401,,59689d4a1bce44aa9c2f4d4e6fecaa70,ClimateJust - LSOAs (EN) (2011 - 2022 V3) - 2022 Data,ArcGISFeatureLayer,71c9876f8b4546889de4f4a5899b50d6,https://nercdsh.dev.azure.manchester.ac.uk/server/rest/services/UPRN_PoC_Web_Layer_UK_v1/FeatureServer/21,,VectorDataset,/ClimateJust,0,socialrentershh,Social renters (% Households renting from Social or Council landlords),,True,True,False,,,,data,2
29501,,59689d4a1bce44aa9c2f4d4e6fecaa70,ClimateJust - LSOAs (EN) (2011 - 2022 V3) - 2022 Data,ArcGISFeatureLayer,71c9876f8b4546889de4f4a5899b50d6,https://nercdsh.dev.azure.manchester.ac.uk/server/rest/services/UPRN_PoC_Web_Layer_UK_v1/FeatureServer/21,,VectorDataset,/ClimateJust,0,privaterentershh,Private renters (% Households),,True,True,False,,,,data,2
29601,,59689d4a1bce44aa9c2f4d4e6fecaa70,ClimateJust - LSOAs (EN) (2011 - 2022 V3) - 2022 Data,ArcGISFeatureLayer,71c9876f8b4546889de4f4a5899b50d6,https://nercdsh.dev.azure.manchester.ac.uk/server/rest/services/UPRN_PoC_Web_Layer_UK_v1/FeatureServer/21,,VectorDataset,/ClimateJust,0,englishproficiency,Level of proficiency in English (% population),,True,True,False,,,,data,2
29701,,59689d4a1bce44aa9c2f4d4e6fecaa70,ClimateJust - LSOAs (EN) (2011 - 2022 V3) - 2022 Data,ArcGISFeatureLayer,71c9876f8b4546889de4f4a5899b50d6,https://nercdsh.dev.azure.manchester.ac.uk/server/rest/services/UPRN_PoC_Web_Layer_UK_v1/FeatureServer/21,,VectorDataset,/ClimateJust,0,substandardbroadband,Sub-standard Broadband (% premises below the Universal Service Obligation),,True,True,False,,,,data,2
29801,,59689d4a1bce44aa9c2f4d4e6fecaa70,ClimateJust - LSOAs (EN) (2011 - 2022 V3) - 2022 Data,ArcGISFeatureLayer,71c9876f8b4546889de4f4a5899b50d6,https://nercdsh.dev.azure.manchester.ac.uk/server/rest/services/UPRN_PoC_Web_Layer_UK_v1/FeatureServer/21,,VectorDataset,/ClimateJust,0,availsuperfastbroadband,Availability of superfast broadband (% Premises),,True,True,False,,,,data,2
29901,,59689d4a1bce44aa9c2f4d4e6fecaa70,ClimateJust - LSOAs (EN) (2011 - 2022 V3) - 2022 Data,ArcGISFeatureLayer,71c9876f8b4546889de4f4a5899b50d6,https://nercdsh.dev.azure.manchester.ac.uk/server/rest/services/UPRN_PoC_Web_Layer_UK_v1/FeatureServer/21,,VectorDataset,/ClimateJust,0,populationtransience,Population Transience (Residential Mobility Index),,True,True,False,,,,data,2
30001,,59689d4a1bce44aa9c2f4d4e6fecaa70,ClimateJust - LSOAs (EN) (2011 - 2022 V3) - 2022 Data,ArcGISFeatureLayer,71c9876f8b4546889de4f4a5899b50d6,https://nercdsh.dev.azure.manchester.ac.uk/server/rest/services/UPRN_PoC_Web_Layer_UK_v1/FeatureServer/21,,VectorDataset,/ClimateJust,0,directfloodexperience,Number of properties within historical flood boundary,,True,True,False,,,,data,2
30101,,59689d4a1bce44aa9c2f4d4e6fecaa70,ClimateJust - LSOAs (EN) (2011 - 2022 V3) - 2022 Data,ArcGISFeatureLayer,71c9876f8b4546889de4f4a5899b50d6,https://nercdsh.dev.azure.manchester.ac.uk/server/rest/services/UPRN_PoC_Web_Layer_UK_v1/FeatureServer/21,,VectorDataset,/ClimateJust,0,floodwarnings,Flood alert and warning areas (% area not covered),,True,True,False,,,,data,2
30201,,59689d4a1bce44aa9c2f4d4e6fecaa70,ClimateJust - LSOAs (EN) (2011 - 2022 V3) - 2022 Data,ArcGISFeatureLayer,71c9876f8b4546889de4f4a5899b50d6,https://nercdsh.dev.azure.manchester.ac.uk/server/rest/services/UPRN_PoC_Web_Layer_UK_v1/FeatureServer/21,,VectorDataset,/ClimateJust,0,singlepensionerhouseholds,pensioner households (%),,True,True,False,,,,data,2
30301,,59689d4a1bce44aa9c2f4d4e6fecaa70,ClimateJust - LSOAs (EN) (2011 - 2022 V3) - 2022 Data,ArcGISFeatureLayer,71c9876f8b4546889de4f4a5899b50d6,https://nercdsh.dev.azure.manchester.ac.uk/server/rest/services/UPRN_PoC_Web_Layer_UK_v1/FeatureServer/21,,VectorDataset,/ClimateJust,0,lackschoolrelatednetworks,Lack of school-related networks (% children not of primary school age),,True,True,False,,,,data,2
30401,,59689d4a1bce44aa9c2f4d4e6fecaa70,ClimateJust - LSOAs (EN) (2011 - 2022 V3) - 2022 Data,ArcGISFeatureLayer,71c9876f8b4546889de4f4a5899b50d6,https://nercdsh.dev.azure.manchester.ac.uk/server/rest/services/UPRN_PoC_Web_Layer_UK_v1/FeatureServer/21,,VectorDataset,/ClimateJust,0,lackprivatetransport,Lack of private transport (% households with no car or van),,True,True,False,,,,data,2
30501,,59689d4a1bce44aa9c2f4d4e6fecaa70,ClimateJust - LSOAs (EN) (2011 - 2022 V3) - 2022 Data,ArcGISFeatureLayer,71c9876f8b4546889de4f4a5899b50d6,https://nercdsh.dev.azure.manchester.ac.uk/server/rest/services/UPRN_PoC_Web_Layer_UK_v1/FeatureServer/21,,VectorDataset,/ClimateJust,0,workplaceaccessibilitywalkpt,"Workplace accessibility by walking or public transport (travel time, destination and origin indicators)",,True,True,False,,,,data,2
30601,,59689d4a1bce44aa9c2f4d4e6fecaa70,ClimateJust - LSOAs (EN) (2011 - 2022 V3) - 2022 Data,ArcGISFeatureLayer,71c9876f8b4546889de4f4a5899b50d6,https://nercdsh.dev.azure.manchester.ac.uk/server/rest/services/UPRN_PoC_Web_Layer_UK_v1/FeatureServer/21,,VectorDataset,/ClimateJust,0,workplaceaccessibilitycar,"Workplace accessibility by car (travel time, destination and origin indicators)",,True,True,False,,,,data,2
30701,,59689d4a1bce44aa9c2f4d4e6fecaa70,ClimateJust - LSOAs (EN) (2011 - 2022 V3) - 2022 Data,ArcGISFeatureLayer,71c9876f8b4546889de4f4a5899b50d6,https://nercdsh.dev.azure.manchester.ac.uk/server/rest/services/UPRN_PoC_Web_Layer_UK_v1/FeatureServer/21,,VectorDataset,/ClimateJust,0,crime,Index of Multiple Deprivation crime score,,True,True,False,,,,data,2
30801,,59689d4a1bce44aa9c2f4d4e6fecaa70,ClimateJust - LSOAs (EN) (2011 - 2022 V3) - 2022 Data,ArcGISFeatureLayer,71c9876f8b4546889de4f4a5899b50d6,https://nercdsh.dev.azure.manchester.ac.uk/server/rest/services/UPRN_PoC_Web_Layer_UK_v1/FeatureServer/21,,VectorDataset,/ClimateJust,0,accessibilitypharmacies,Mean distance to a pharmacy (km),,True,True,False,,,,data,2
30901,,59689d4a1bce44aa9c2f4d4e6fecaa70,ClimateJust - LSOAs (EN) (2011 - 2022 V3) - 2022 Data,ArcGISFeatureLayer,71c9876f8b4546889de4f4a5899b50d6,https://nercdsh.dev.azure.manchester.ac.uk/server/rest/services/UPRN_PoC_Web_Layer_UK_v1/FeatureServer/21,,VectorDataset,/ClimateJust,0,housingtrap,Median price paid for residential properties (Â£),,True,True,False,,,,data,2
31001,,59689d4a1bce44aa9c2f4d4e6fecaa70,ClimateJust - LSOAs (EN) (2011 - 2022 V3) - 2022 Data,ArcGISFeatureLayer,71c9876f8b4546889de4f4a5899b50d6,https://nercdsh.dev.azure.manchester.ac.uk/server/rest/services/UPRN_PoC_Web_Layer_UK_v1/FeatureServer/21,,VectorDataset,/ClimateJust,0,urbancover,Built up area (% not greenspace),,True,True,False,,,,data,2
31101,,59689d4a1bce44aa9c2f4d4e6fecaa70,ClimateJust - LSOAs (EN) (2011 - 2022 V3) - 2022 Data,ArcGISFeatureLayer,71c9876f8b4546889de4f4a5899b50d6,https://nercdsh.dev.azure.manchester.ac.uk/server/rest/services/UPRN_PoC_Web_Layer_UK_v1/FeatureServer/21,,VectorDataset,/ClimateJust,0,lackprivategreenspaceflood,Lack of domestic gardens (% dwellings without gardens),,True,True,False,,,,data,2
31201,,59689d4a1bce44aa9c2f4d4e6fecaa70,ClimateJust - LSOAs (EN) (2011 - 2022 V3) - 2022 Data,ArcGISFeatureLayer,71c9876f8b4546889de4f4a5899b50d6,https://nercdsh.dev.azure.manchester.ac.uk/server/rest/services/UPRN_PoC_Web_Layer_UK_v1/FeatureServer/21,,VectorDataset,/ClimateJust,0,averagecommunitygreenspace,"Median combined size of parks and public gardens and playing fields within 1,000 m radius (m2)",,True,True,False,,,,data,2
31301,,59689d4a1bce44aa9c2f4d4e6fecaa70,ClimateJust - LSOAs (EN) (2011 - 2022 V3) - 2022 Data,ArcGISFeatureLayer,71c9876f8b4546889de4f4a5899b50d6,https://nercdsh.dev.azure.manchester.ac.uk/server/rest/services/UPRN_PoC_Web_Layer_UK_v1/FeatureServer/21,,VectorDataset,/ClimateJust,0,caravanortemporarystructures,Caravan or other mobile or temporary structures (% of all households),,True,True,False,,,,data,2
31401,,59689d4a1bce44aa9c2f4d4e6fecaa70,ClimateJust - LSOAs (EN) (2011 - 2022 V3) - 2022 Data,ArcGISFeatureLayer,71c9876f8b4546889de4f4a5899b50d6,https://nercdsh.dev.azure.manchester.ac.uk/server/rest/services/UPRN_PoC_Web_Layer_UK_v1/FeatureServer/21,,VectorDataset,/ClimateJust,0,tmaxp95recentpast,Recent past 30 year mean 1990 - 2019 (â„ƒ),,True,True,False,,,,data,2
31501,,59689d4a1bce44aa9c2f4d4e6fecaa70,ClimateJust - LSOAs (EN) (2011 - 2022 V3) - 2022 Data,ArcGISFeatureLayer,71c9876f8b4546889de4f4a5899b50d6,https://nercdsh.dev.azure.manchester.ac.uk/server/rest/services/UPRN_PoC_Web_Layer_UK_v1/FeatureServer/21,,VectorDataset,/ClimateJust,0,tmaxp95future15,1.5â„ƒ warmer world (â„ƒ),,True,True,False,,,,data,2
31601,,59689d4a1bce44aa9c2f4d4e6fecaa70,ClimateJust - LSOAs (EN) (2011 - 2022 V3) - 2022 Data,ArcGISFeatureLayer,71c9876f8b4546889de4f4a5899b50d6,https://nercdsh.dev.azure.manchester.ac.uk/server/rest/services/UPRN_PoC_Web_Layer_UK_v1/FeatureServer/21,,VectorDataset,/ClimateJust,0,tmaxp95future20,2â„ƒ warmer world (â„ƒ),,True,True,False,,,,data,2
31701,,59689d4a1bce44aa9c2f4d4e6fecaa70,ClimateJust - LSOAs (EN) (2011 - 2022 V3) - 2022 Data,ArcGISFeatureLayer,71c9876f8b4546889de4f4a5899b50d6,https://nercdsh.dev.azure.manchester.ac.uk/server/rest/services/UPRN_PoC_Web_Layer_UK_v1/FeatureServer/21,,VectorDataset,/ClimateJust,0,tmaxp95future30,3â„ƒ warmer world (â„ƒ),,True,True,False,,,,data,2
31801,,59689d4a1bce44aa9c2f4d4e6fecaa70,ClimateJust - LSOAs (EN) (2011 - 2022 V3) - 2022 Data,ArcGISFeatureLayer,71c9876f8b4546889de4f4a5899b50d6,https://nercdsh.dev.azure.manchester.ac.uk/server/rest/services/UPRN_PoC_Web_Layer_UK_v1/FeatureServer/21,,VectorDataset,/ClimateJust,0,ztmaxp95recentpast,"Average temperature of top 5% hottest days, recent past 30 year mean 1990 - 2019 (Score)",,True,True,False,,,,data,2
31901,,59689d4a1bce44aa9c2f4d4e6fecaa70,ClimateJust - LSOAs (EN) (2011 - 2022 V3) - 2022 Data,ArcGISFeatureLayer,71c9876f8b4546889de4f4a5899b50d6,https://nercdsh.dev.azure.manchester.ac.uk/server/rest/services/UPRN_PoC_Web_Layer_UK_v1/FeatureServer/21,,VectorDataset,/ClimateJust,0,ztmaxp95future15,"Average temperature of top 5% hottest days, 1.5â„ƒ warmer world (Score)",,True,True,False,,,,data,2
32001,,59689d4a1bce44aa9c2f4d4e6fecaa70,ClimateJust - LSOAs (EN) (2011 - 2022 V3) - 2022 Data,ArcGISFeatureLayer,71c9876f8b4546889de4f4a5899b50d6,https://nercdsh.dev.azure.manchester.ac.uk/server/rest/services/UPRN_PoC_Web_Layer_UK_v1/FeatureServer/21,,VectorDataset,/ClimateJust,0,ztmaxp95future20,"Average temperature of top 5% hottest days, 2â„ƒ warmer world (Score)",,True,True,False,,,,data,2
32101,,59689d4a1bce44aa9c2f4d4e6fecaa70,ClimateJust - LSOAs (EN) (2011 - 2022 V3) - 2022 Data,ArcGISFeatureLayer,71c9876f8b4546889de4f4a5899b50d6,https://nercdsh.dev.azure.manchester.ac.uk/server/rest/services/UPRN_PoC_Web_Layer_UK_v1/FeatureServer/21,,VectorDataset,/ClimateJust,0,ztmaxp95future30,"Average temperature of top 5% hottest days, 3â„ƒ warmer world (score)",,True,True,False,,,,data,2
32201,,59689d4a1bce44aa9c2f4d4e6fecaa70,ClimateJust - LSOAs (EN) (2011 - 2022 V3) - 2022 Data,ArcGISFeatureLayer,71c9876f8b4546889de4f4a5899b50d6,https://nercdsh.dev.azure.manchester.ac.uk/server/rest/services/UPRN_PoC_Web_Layer_UK_v1/FeatureServer/21,,VectorDataset,/ClimateJust,0,zheatdisadvantagerecentpast,"Heat Disadvantage, recent past 30 year mean 1990 - 2019",,True,True,False,,,,data,2
32301,,59689d4a1bce44aa9c2f4d4e6fecaa70,ClimateJust - LSOAs (EN) (2011 - 2022 V3) - 2022 Data,ArcGISFeatureLayer,71c9876f8b4546889de4f4a5899b50d6,https://nercdsh.dev.azure.manchester.ac.uk/server/rest/services/UPRN_PoC_Web_Layer_UK_v1/FeatureServer/21,,VectorDataset,/ClimateJust,0,zheatdisadvantagefuture15,"Heat Disadvantage, 1.5â„ƒ warmer world",,True,True,False,,,,data,2
32401,,59689d4a1bce44aa9c2f4d4e6fecaa70,ClimateJust - LSOAs (EN) (2011 - 2022 V3) - 2022 Data,ArcGISFeatureLayer,71c9876f8b4546889de4f4a5899b50d6,https://nercdsh.dev.azure.manchester.ac.uk/server/rest/services/UPRN_PoC_Web_Layer_UK_v1/FeatureServer/21,,VectorDataset,/ClimateJust,0,zheatdisadvantagefuture20,"Heat Disadvantage, 2â„ƒ warmer world",,True,True,False,,,,data,2
32501,,59689d4a1bce44aa9c2f4d4e6fecaa70,ClimateJust - LSOAs (EN) (2011 - 2022 V3) - 2022 Data,ArcGISFeatureLayer,71c9876f8b4546889de4f4a5899b50d6,https://nercdsh.dev.azure.manchester.ac.uk/server/rest/services/UPRN_PoC_Web_Layer_UK_v1/FeatureServer/21,,VectorDataset,/ClimateJust,0,zheatdisadvantagefuture30,"Heat Disadvantage, 3â„ƒ warmer world",,True,True,False,,,,data,2
32601,,59689d4a1bce44aa9c2f4d4e6fecaa70,ClimateJust - LSOAs (EN) (2011 - 2022 V3) - 2022 Data,ArcGISFeatureLayer,71c9876f8b4546889de4f4a5899b50d6,https://nercdsh.dev.azure.manchester.ac.uk/server/rest/services/UPRN_PoC_Web_Layer_UK_v1/FeatureServer/21,,VectorDataset,/ClimateJust,0,zartmaxp95recentpast,Recent past 30 year mean 1990 - 2019 (All-relative Z-Score),,True,True,False,,,,data,2
32701,,59689d4a1bce44aa9c2f4d4e6fecaa70,ClimateJust - LSOAs (EN) (2011 - 2022 V3) - 2022 Data,ArcGISFeatureLayer,71c9876f8b4546889de4f4a5899b50d6,https://nercdsh.dev.azure.manchester.ac.uk/server/rest/services/UPRN_PoC_Web_Layer_UK_v1/FeatureServer/21,,VectorDataset,/ClimateJust,0,zartmaxp95future15,1.5â„ƒ warmer world (All-relative Z-Score),,True,True,False,,,,data,2
32801,,59689d4a1bce44aa9c2f4d4e6fecaa70,ClimateJust - LSOAs (EN) (2011 - 2022 V3) - 2022 Data,ArcGISFeatureLayer,71c9876f8b4546889de4f4a5899b50d6,https://nercdsh.dev.azure.manchester.ac.uk/server/rest/services/UPRN_PoC_Web_Layer_UK_v1/FeatureServer/21,,VectorDataset,/ClimateJust,0,zartmaxp95future20,2â„ƒ warmer world (All-relative Z-Score),,True,True,False,,,,data,2
32901,,59689d4a1bce44aa9c2f4d4e6fecaa70,ClimateJust - LSOAs (EN) (2011 - 2022 V3) - 2022 Data,ArcGISFeatureLayer,71c9876f8b4546889de4f4a5899b50d6,https://nercdsh.dev.azure.manchester.ac.uk/server/rest/services/UPRN_PoC_Web_Layer_UK_v1/FeatureServer/21,,VectorDataset,/ClimateJust,0,zartmaxp95future30,3â„ƒ warmer world (All-relative Z-Score),,True,True,False,,,,data,2
33001,,59689d4a1bce44aa9c2f4d4e6fecaa70,ClimateJust - LSOAs (EN) (2011 - 2022 V3) - 2022 Data,ArcGISFeatureLayer,71c9876f8b4546889de4f4a5899b50d6,https://nercdsh.dev.azure.manchester.ac.uk/server/rest/services/UPRN_PoC_Web_Layer_UK_v1/FeatureServer/21,,VectorDataset,/ClimateJust,0,zarheatdisadvantagerecentpast,"Relative heat Disadvantage, recent past 30 year mean 1990 - 2019",,True,True,False,,,,data,2
33101,,59689d4a1bce44aa9c2f4d4e6fecaa70,ClimateJust - LSOAs (EN) (2011 - 2022 V3) - 2022 Data,ArcGISFeatureLayer,71c9876f8b4546889de4f4a5899b50d6,https://nercdsh.dev.azure.manchester.ac.uk/server/rest/services/UPRN_PoC_Web_Layer_UK_v1/FeatureServer/21,,VectorDataset,/ClimateJust,0,zarheatdisadvantagefuture15,"Relative heat Disadvantage, 1.5â„ƒ warmer world",,True,True,False,,,,data,2
33201,,59689d4a1bce44aa9c2f4d4e6fecaa70,ClimateJust - LSOAs (EN) (2011 - 2022 V3) - 2022 Data,ArcGISFeatureLayer,71c9876f8b4546889de4f4a5899b50d6,https://nercdsh.dev.azure.manchester.ac.uk/server/rest/services/UPRN_PoC_Web_Layer_UK_v1/FeatureServer/21,,VectorDataset,/ClimateJust,0,zarheatdisadvantagefuture20,"Relative heat Disadvantage, 2â„ƒ warmer world",,True,True,False,,,,data,2
33301,,59689d4a1bce44aa9c2f4d4e6fecaa70,ClimateJust - LSOAs (EN) (2011 - 2022 V3) - 2022 Data,ArcGISFeatureLayer,71c9876f8b4546889de4f4a5899b50d6,https://nercdsh.dev.azure.manchester.ac.uk/server/rest/services/UPRN_PoC_Web_Layer_UK_v1/FeatureServer/21,,VectorDataset,/ClimateJust,0,zarheatdisadvantagefuture30,"Relative heat Disadvantage, 3â„ƒ warmer world",,True,True,False,,,,data,2
33401,,59689d4a1bce44aa9c2f4d4e6fecaa70,ClimateJust - LSOAs (EN) (2011 - 2022 V3) - 2022 Data,ArcGISFeatureLayer,71c9876f8b4546889de4f4a5899b50d6,https://nercdsh.dev.azure.manchester.ac.uk/server/rest/services/UPRN_PoC_Web_Layer_UK_v1/FeatureServer/21,,VectorDataset,/ClimateJust,0,sshvi,Socio Spatial Heat Vulnerability Index,,True,True,False,,,,data,2
33501,,59689d4a1bce44aa9c2f4d4e6fecaa70,ClimateJust - LSOAs (EN) (2011 - 2022 V3) - 2022 Data,ArcGISFeatureLayer,71c9876f8b4546889de4f4a5899b50d6,https://nercdsh.dev.azure.manchester.ac.uk/server/rest/services/UPRN_PoC_Web_Layer_UK_v1/FeatureServer/21,,VectorDataset,/ClimateJust,0,sensitivitysshvi,Sensitivity Index,,True,True,False,,,,data,2
33601,,59689d4a1bce44aa9c2f4d4e6fecaa70,ClimateJust - LSOAs (EN) (2011 - 2022 V3) - 2022 Data,ArcGISFeatureLayer,71c9876f8b4546889de4f4a5899b50d6,https://nercdsh.dev.azure.manchester.ac.uk/server/rest/services/UPRN_PoC_Web_Layer_UK_v1/FeatureServer/21,,VectorDataset,/ClimateJust,0,inabilitytopreparesshvi,Inability to Prepare Index,,True,True,False,,,,data,2
33701,,59689d4a1bce44aa9c2f4d4e6fecaa70,ClimateJust - LSOAs (EN) (2011 - 2022 V3) - 2022 Data,ArcGISFeatureLayer,71c9876f8b4546889de4f4a5899b50d6,https://nercdsh.dev.azure.manchester.ac.uk/server/rest/services/UPRN_PoC_Web_Layer_UK_v1/FeatureServer/21,,VectorDataset,/ClimateJust,0,inabilitytorespondsshvi,Inability to Respond Index,,True,True,False,,,,data,2
33801,,59689d4a1bce44aa9c2f4d4e6fecaa70,ClimateJust - LSOAs (EN) (2011 - 2022 V3) - 2022 Data,ArcGISFeatureLayer,71c9876f8b4546889de4f4a5899b50d6,https://nercdsh.dev.azure.manchester.ac.uk/server/rest/services/UPRN_PoC_Web_Layer_UK_v1/FeatureServer/21,,VectorDataset,/ClimateJust,0,inabilitytorecoversshvi,Inability to Recover Index,,True,True,False,,,,data,2
33901,,59689d4a1bce44aa9c2f4d4e6fecaa70,ClimateJust - LSOAs (EN) (2011 - 2022 V3) - 2022 Data,ArcGISFeatureLayer,71c9876f8b4546889de4f4a5899b50d6,https://nercdsh.dev.azure.manchester.ac.uk/server/rest/services/UPRN_PoC_Web_Layer_UK_v1/FeatureServer/21,,VectorDataset,/ClimateJust,0,enhancedexposuresshvi,Enhanced Exposure Index,,True,True,False,,,,data,2
34001,,59689d4a1bce44aa9c2f4d4e6fecaa70,ClimateJust - LSOAs (EN) (2011 - 2022 V3) - 2022 Data,ArcGISFeatureLayer,71c9876f8b4546889de4f4a5899b50d6,https://nercdsh.dev.azure.manchester.ac.uk/server/rest/services/UPRN_PoC_Web_Layer_UK_v1/FeatureServer/21,,VectorDataset,/ClimateJust,0,knowledgeheatvulnerability,Vulnerability due to lack of local knowledge,,True,True,False,,,,data,2
34101,,59689d4a1bce44aa9c2f4d4e6fecaa70,ClimateJust - LSOAs (EN) (2011 - 2022 V3) - 2022 Data,ArcGISFeatureLayer,71c9876f8b4546889de4f4a5899b50d6,https://nercdsh.dev.azure.manchester.ac.uk/server/rest/services/UPRN_PoC_Web_Layer_UK_v1/FeatureServer/21,,VectorDataset,/ClimateJust,0,infrastructuralvulnerability,Vulnerability due to infrastructural condition,,True,True,False,,,,data,2
34201,,59689d4a1bce44aa9c2f4d4e6fecaa70,ClimateJust - LSOAs (EN) (2011 - 2022 V3) - 2022 Data,ArcGISFeatureLayer,71c9876f8b4546889de4f4a5899b50d6,https://nercdsh.dev.azure.manchester.ac.uk/server/rest/services/UPRN_PoC_Web_Layer_UK_v1/FeatureServer/21,,VectorDataset,/ClimateJust,0,gpaccessvulnerability,Vulnerability due to lack of access to general practitioner (GP),,True,True,False,,,,data,2
34301,,59689d4a1bce44aa9c2f4d4e6fecaa70,ClimateJust - LSOAs (EN) (2011 - 2022 V3) - 2022 Data,ArcGISFeatureLayer,71c9876f8b4546889de4f4a5899b50d6,https://nercdsh.dev.azure.manchester.ac.uk/server/rest/services/UPRN_PoC_Web_Layer_UK_v1/FeatureServer/21,,VectorDataset,/ClimateJust,0,hospitalaccessvulnerability,Vulnerability due to lack of access to local hospital,,True,True,False,,,,data,2
34401,,59689d4a1bce44aa9c2f4d4e6fecaa70,ClimateJust - LSOAs (EN) (2011 - 2022 V3) - 2022 Data,ArcGISFeatureLayer,71c9876f8b4546889de4f4a5899b50d6,https://nercdsh.dev.azure.manchester.ac.uk/server/rest/services/UPRN_PoC_Web_Layer_UK_v1/FeatureServer/21,,VectorDataset,/ClimateJust,0,housingheatvulnerability,Vulnerability due to housing characteristics,,True,True,False,,,,data,2
34501,,59689d4a1bce44aa9c2f4d4e6fecaa70,ClimateJust - LSOAs (EN) (2011 - 2022 V3) - 2022 Data,ArcGISFeatureLayer,71c9876f8b4546889de4f4a5899b50d6,https://nercdsh.dev.azure.manchester.ac.uk/server/rest/services/UPRN_PoC_Web_Layer_UK_v1/FeatureServer/21,,VectorDataset,/ClimateJust,0,zretailunitsdensity,Density of retail units (Number of enterprises divided by the area of MSOA) (Z-Score),,True,True,False,,,,data,2
34601,,59689d4a1bce44aa9c2f4d4e6fecaa70,ClimateJust - LSOAs (EN) (2011 - 2022 V3) - 2022 Data,ArcGISFeatureLayer,71c9876f8b4546889de4f4a5899b50d6,https://nercdsh.dev.azure.manchester.ac.uk/server/rest/services/UPRN_PoC_Web_Layer_UK_v1/FeatureServer/21,,VectorDataset,/ClimateJust,0,zchangeinenterprises,Change in the number of enterprises (%) (Z-Score),,True,True,False,,,,data,2
34701,,59689d4a1bce44aa9c2f4d4e6fecaa70,ClimateJust - LSOAs (EN) (2011 - 2022 V3) - 2022 Data,ArcGISFeatureLayer,71c9876f8b4546889de4f4a5899b50d6,https://nercdsh.dev.azure.manchester.ac.uk/server/rest/services/UPRN_PoC_Web_Layer_UK_v1/FeatureServer/21,,VectorDataset,/ClimateJust,0,zlackprivategreenspaceheat,Lack of domestic gardens (% dwellings without gardens) (Z-Score),,True,True,False,,,,data,2
34801,,59689d4a1bce44aa9c2f4d4e6fecaa70,ClimateJust - LSOAs (EN) (2011 - 2022 V3) - 2022 Data,ArcGISFeatureLayer,71c9876f8b4546889de4f4a5899b50d6,https://nercdsh.dev.azure.manchester.ac.uk/server/rest/services/UPRN_PoC_Web_Layer_UK_v1/FeatureServer/21,,VectorDataset,/ClimateJust,0,zlacklocalgreenspace,Lack of local greenspace access (Z-Score),,True,True,False,,,,data,2
34901,,59689d4a1bce44aa9c2f4d4e6fecaa70,ClimateJust - LSOAs (EN) (2011 - 2022 V3) - 2022 Data,ArcGISFeatureLayer,71c9876f8b4546889de4f4a5899b50d6,https://nercdsh.dev.azure.manchester.ac.uk/server/rest/services/UPRN_PoC_Web_Layer_UK_v1/FeatureServer/21,,VectorDataset,/ClimateJust,0,ztraveltimetogpwalkpt,Travel time to nearest GP by walk/public transport (minutes) (Z-Score),,True,True,False,,,,data,2
35001,,59689d4a1bce44aa9c2f4d4e6fecaa70,ClimateJust - LSOAs (EN) (2011 - 2022 V3) - 2022 Data,ArcGISFeatureLayer,71c9876f8b4546889de4f4a5899b50d6,https://nercdsh.dev.azure.manchester.ac.uk/server/rest/services/UPRN_PoC_Web_Layer_UK_v1/FeatureServer/21,,VectorDataset,/ClimateJust,0,zpeoplelackgpaccess,People lacking easy GP access (%) (Z-Score),,True,True,False,,,,data,2
35101,,59689d4a1bce44aa9c2f4d4e6fecaa70,ClimateJust - LSOAs (EN) (2011 - 2022 V3) - 2022 Data,ArcGISFeatureLayer,71c9876f8b4546889de4f4a5899b50d6,https://nercdsh.dev.azure.manchester.ac.uk/server/rest/services/UPRN_PoC_Web_Layer_UK_v1/FeatureServer/21,,VectorDataset,/ClimateJust,0,zgps15minwalkpt,Number of GPs within 15 minutes by walk/public transport (Z-Score),,True,True,False,,,,data,2
35201,,59689d4a1bce44aa9c2f4d4e6fecaa70,ClimateJust - LSOAs (EN) (2011 - 2022 V3) - 2022 Data,ArcGISFeatureLayer,71c9876f8b4546889de4f4a5899b50d6,https://nercdsh.dev.azure.manchester.ac.uk/server/rest/services/UPRN_PoC_Web_Layer_UK_v1/FeatureServer/21,,VectorDataset,/ClimateJust,0,zgps15mincar,Number of GPs within 15 minutes by car (Z-Score),,True,True,False,,,,data,2
35301,,59689d4a1bce44aa9c2f4d4e6fecaa70,ClimateJust - LSOAs (EN) (2011 - 2022 V3) - 2022 Data,ArcGISFeatureLayer,71c9876f8b4546889de4f4a5899b50d6,https://nercdsh.dev.azure.manchester.ac.uk/server/rest/services/UPRN_PoC_Web_Layer_UK_v1/FeatureServer/21,,VectorDataset,/ClimateJust,0,ztraveltimetohospitalwalkpt,Travel time to nearest hospital by walk/public transport (minutes) (Z-Score),,True,True,False,,,,data,2
35401,,59689d4a1bce44aa9c2f4d4e6fecaa70,ClimateJust - LSOAs (EN) (2011 - 2022 V3) - 2022 Data,ArcGISFeatureLayer,71c9876f8b4546889de4f4a5899b50d6,https://nercdsh.dev.azure.manchester.ac.uk/server/rest/services/UPRN_PoC_Web_Layer_UK_v1/FeatureServer/21,,VectorDataset,/ClimateJust,0,ztraveltimetohospitalcar,Travel time to nearest hospital by car (minutes) (Z-Score),,True,True,False,,,,data,2
35501,,59689d4a1bce44aa9c2f4d4e6fecaa70,ClimateJust - LSOAs (EN) (2011 - 2022 V3) - 2022 Data,ArcGISFeatureLayer,71c9876f8b4546889de4f4a5899b50d6,https://nercdsh.dev.azure.manchester.ac.uk/server/rest/services/UPRN_PoC_Web_Layer_UK_v1/FeatureServer/21,,VectorDataset,/ClimateJust,0,zpeoplelackhospitalaccess,People lacking easy hospital access (%) (Z-Score),,True,True,False,,,,data,2
35601,,59689d4a1bce44aa9c2f4d4e6fecaa70,ClimateJust - LSOAs (EN) (2011 - 2022 V3) - 2022 Data,ArcGISFeatureLayer,71c9876f8b4546889de4f4a5899b50d6,https://nercdsh.dev.azure.manchester.ac.uk/server/rest/services/UPRN_PoC_Web_Layer_UK_v1/FeatureServer/21,,VectorDataset,/ClimateJust,0,zhospitals30minwalkpt,Number of hospitals within 30 minutes by walk/public transport (Z-Score),,True,True,False,,,,data,2
35701,,59689d4a1bce44aa9c2f4d4e6fecaa70,ClimateJust - LSOAs (EN) (2011 - 2022 V3) - 2022 Data,ArcGISFeatureLayer,71c9876f8b4546889de4f4a5899b50d6,https://nercdsh.dev.azure.manchester.ac.uk/server/rest/services/UPRN_PoC_Web_Layer_UK_v1/FeatureServer/21,,VectorDataset,/ClimateJust,0,zhospitals30mincar,Number of hospitals within 30 minutes by car (Z-Score),,True,True,False,,,,data,2
35801,,59689d4a1bce44aa9c2f4d4e6fecaa70,ClimateJust - LSOAs (EN) (2011 - 2022 V3) - 2022 Data,ArcGISFeatureLayer,71c9876f8b4546889de4f4a5899b50d6,https://nercdsh.dev.azure.manchester.ac.uk/server/rest/services/UPRN_PoC_Web_Layer_UK_v1/FeatureServer/21,,VectorDataset,/ClimateJust,0,zovercrowding,People in overcrowded households (%) (Z-Score),,True,True,False,,,,data,2
35901,,59689d4a1bce44aa9c2f4d4e6fecaa70,ClimateJust - LSOAs (EN) (2011 - 2022 V3) - 2022 Data,ArcGISFeatureLayer,71c9876f8b4546889de4f4a5899b50d6,https://nercdsh.dev.azure.manchester.ac.uk/server/rest/services/UPRN_PoC_Web_Layer_UK_v1/FeatureServer/21,,VectorDataset,/ClimateJust,0,zhighrisehomes,Number of flats without gardens (Proxy for high-rise flats) (Z-Score),,True,True,False,,,,data,2
36001,,59689d4a1bce44aa9c2f4d4e6fecaa70,ClimateJust - LSOAs (EN) (2011 - 2022 V3) - 2022 Data,ArcGISFeatureLayer,71c9876f8b4546889de4f4a5899b50d6,https://nercdsh.dev.azure.manchester.ac.uk/server/rest/services/UPRN_PoC_Web_Layer_UK_v1/FeatureServer/21,,VectorDataset,/ClimateJust,0,retailunitsdensity,Density of retail units (Number of enterprises divided by the area of MSOA),,True,True,False,,,,data,2
36101,,59689d4a1bce44aa9c2f4d4e6fecaa70,ClimateJust - LSOAs (EN) (2011 - 2022 V3) - 2022 Data,ArcGISFeatureLayer,71c9876f8b4546889de4f4a5899b50d6,https://nercdsh.dev.azure.manchester.ac.uk/server/rest/services/UPRN_PoC_Web_Layer_UK_v1/FeatureServer/21,,VectorDataset,/ClimateJust,0,changeinenterprises,Change in the number of enterprises (%),,True,True,False,,,,data,2
36201,,59689d4a1bce44aa9c2f4d4e6fecaa70,ClimateJust - LSOAs (EN) (2011 - 2022 V3) - 2022 Data,ArcGISFeatureLayer,71c9876f8b4546889de4f4a5899b50d6,https://nercdsh.dev.azure.manchester.ac.uk/server/rest/services/UPRN_PoC_Web_Layer_UK_v1/FeatureServer/21,,VectorDataset,/ClimateJust,0,lackprivategreenspaceheat,Lack of domestic gardens (% dwellings without gardens),,True,True,False,,,,data,2
36301,,59689d4a1bce44aa9c2f4d4e6fecaa70,ClimateJust - LSOAs (EN) (2011 - 2022 V3) - 2022 Data,ArcGISFeatureLayer,71c9876f8b4546889de4f4a5899b50d6,https://nercdsh.dev.azure.manchester.ac.uk/server/rest/services/UPRN_PoC_Web_Layer_UK_v1/FeatureServer/21,,VectorDataset,/ClimateJust,0,lacklocalgreenspace,Lack of local greenspace access (%),,True,True,False,,,,data,2
36401,,59689d4a1bce44aa9c2f4d4e6fecaa70,ClimateJust - LSOAs (EN) (2011 - 2022 V3) - 2022 Data,ArcGISFeatureLayer,71c9876f8b4546889de4f4a5899b50d6,https://nercdsh.dev.azure.manchester.ac.uk/server/rest/services/UPRN_PoC_Web_Layer_UK_v1/FeatureServer/21,,VectorDataset,/ClimateJust,0,traveltimetogpwalkpt,Travel time to nearest GP by walk/public transport (minutes),,True,True,False,,,,data,2
36501,,59689d4a1bce44aa9c2f4d4e6fecaa70,ClimateJust - LSOAs (EN) (2011 - 2022 V3) - 2022 Data,ArcGISFeatureLayer,71c9876f8b4546889de4f4a5899b50d6,https://nercdsh.dev.azure.manchester.ac.uk/server/rest/services/UPRN_PoC_Web_Layer_UK_v1/FeatureServer/21,,VectorDataset,/ClimateJust,0,peoplelackgpaccess,People lacking easy GP access (%),,True,True,False,,,,data,2
36601,,59689d4a1bce44aa9c2f4d4e6fecaa70,ClimateJust - LSOAs (EN) (2011 - 2022 V3) - 2022 Data,ArcGISFeatureLayer,71c9876f8b4546889de4f4a5899b50d6,https://nercdsh.dev.azure.manchester.ac.uk/server/rest/services/UPRN_PoC_Web_Layer_UK_v1/FeatureServer/21,,VectorDataset,/ClimateJust,0,gps15minwalkpt,Number of GPs within 15 minutes by walk/public transport,,True,True,False,,,,data,2
36701,,59689d4a1bce44aa9c2f4d4e6fecaa70,ClimateJust - LSOAs (EN) (2011 - 2022 V3) - 2022 Data,ArcGISFeatureLayer,71c9876f8b4546889de4f4a5899b50d6,https://nercdsh.dev.azure.manchester.ac.uk/server/rest/services/UPRN_PoC_Web_Layer_UK_v1/FeatureServer/21,,VectorDataset,/ClimateJust,0,gps15mincar,Number of GPs within 15 minutes by car,,True,True,False,,,,data,2
36801,,59689d4a1bce44aa9c2f4d4e6fecaa70,ClimateJust - LSOAs (EN) (2011 - 2022 V3) - 2022 Data,ArcGISFeatureLayer,71c9876f8b4546889de4f4a5899b50d6,https://nercdsh.dev.azure.manchester.ac.uk/server/rest/services/UPRN_PoC_Web_Layer_UK_v1/FeatureServer/21,,VectorDataset,/ClimateJust,0,traveltimetohospitalwalkpt,Travel time to nearest hospital by walk/public transport (minutes),,True,True,False,,,,data,2
36901,,59689d4a1bce44aa9c2f4d4e6fecaa70,ClimateJust - LSOAs (EN) (2011 - 2022 V3) - 2022 Data,ArcGISFeatureLayer,71c9876f8b4546889de4f4a5899b50d6,https://nercdsh.dev.azure.manchester.ac.uk/server/rest/services/UPRN_PoC_Web_Layer_UK_v1/FeatureServer/21,,VectorDataset,/ClimateJust,0,traveltimetohospitalcar,Travel time to nearest hospital by car (minutes),,True,True,False,,,,data,2
37001,,59689d4a1bce44aa9c2f4d4e6fecaa70,ClimateJust - LSOAs (EN) (2011 - 2022 V3) - 2022 Data,ArcGISFeatureLayer,71c9876f8b4546889de4f4a5899b50d6,https://nercdsh.dev.azure.manchester.ac.uk/server/rest/services/UPRN_PoC_Web_Layer_UK_v1/FeatureServer/21,,VectorDataset,/ClimateJust,0,peoplelackhospitalaccess,People lacking easy hospital access (%),,True,True,False,,,,data,2
37101,,59689d4a1bce44aa9c2f4d4e6fecaa70,ClimateJust - LSOAs (EN) (2011 - 2022 V3) - 2022 Data,ArcGISFeatureLayer,71c9876f8b4546889de4f4a5899b50d6,https://nercdsh.dev.azure.manchester.ac.uk/server/rest/services/UPRN_PoC_Web_Layer_UK_v1/FeatureServer/21,,VectorDataset,/ClimateJust,0,hospitals30minwalkpt,Number of hospitals within 30 minutes by walk/public transport,,True,True,False,,,,data,2
37201,,59689d4a1bce44aa9c2f4d4e6fecaa70,ClimateJust - LSOAs (EN) (2011 - 2022 V3) - 2022 Data,ArcGISFeatureLayer,71c9876f8b4546889de4f4a5899b50d6,https://nercdsh.dev.azure.manchester.ac.uk/server/rest/services/UPRN_PoC_Web_Layer_UK_v1/FeatureServer/21,,VectorDataset,/ClimateJust,0,hospitals30mincar,Number of hospitals within 30 minutes by car,,True,True,False,,,,data,2
37301,,59689d4a1bce44aa9c2f4d4e6fecaa70,ClimateJust - LSOAs (EN) (2011 - 2022 V3) - 2022 Data,ArcGISFeatureLayer,71c9876f8b4546889de4f4a5899b50d6,https://nercdsh.dev.azure.manchester.ac.uk/server/rest/services/UPRN_PoC_Web_Layer_UK_v1/FeatureServer/21,,VectorDataset,/ClimateJust,0,overcrowding,Household overcrowding indicator,,True,True,False,,,,data,2
37401,,59689d4a1bce44aa9c2f4d4e6fecaa70,ClimateJust - LSOAs (EN) (2011 - 2022 V3) - 2022 Data,ArcGISFeatureLayer,71c9876f8b4546889de4f4a5899b50d6,https://nercdsh.dev.azure.manchester.ac.uk/server/rest/services/UPRN_PoC_Web_Layer_UK_v1/FeatureServer/21,,VectorDataset,/ClimateJust,0,highrisehomes,High rise homes (% households with lowest floor 5th floor or above),,True,True,False,,,,data,2
37501,,59689d4a1bce44aa9c2f4d4e6fecaa70,ClimateJust - LSOAs (EN) (2011 - 2022 V3) - 2022 Data,ArcGISFeatureLayer,71c9876f8b4546889de4f4a5899b50d6,https://nercdsh.dev.azure.manchester.ac.uk/server/rest/services/UPRN_PoC_Web_Layer_UK_v1/FeatureServer/21,,VectorDataset,/ClimateJust,0,perimeterepsg27700,Perimeter (EPSG 27700),,False,True,False,,,,data,2
37601,,59689d4a1bce44aa9c2f4d4e6fecaa70,ClimateJust - LSOAs (EN) (2011 - 2022 V3) - 2022 Data,ArcGISFeatureLayer,71c9876f8b4546889de4f4a5899b50d6,https://nercdsh.dev.azure.manchester.ac.uk/server/rest/services/UPRN_PoC_Web_Layer_UK_v1/FeatureServer/21,,VectorDataset,/ClimateJust,0,areaepsg27700,Area (EPSG 27700),,False,True,False,,,,data,2
37701,,59689d4a1bce44aa9c2f4d4e6fecaa70,ClimateJust - LSOAs (EN) (2011 - 2022 V3) - 2022 Data,ArcGISFeatureLayer,71c9876f8b4546889de4f4a5899b50d6,https://nercdsh.dev.azure.manchester.ac.uk/server/rest/services/UPRN_PoC_Web_Layer_UK_v1/FeatureServer/21,,VectorDataset,/ClimateJust,0,SHAPE__Area,SHAPE__Area,,False,True,False,,,,data,2
37801,,59689d4a1bce44aa9c2f4d4e6fecaa70,ClimateJust - LSOAs (EN) (2011 - 2022 V3) - 2022 Data,ArcGISFeatureLayer,71c9876f8b4546889de4f4a5899b50d6,https://nercdsh.dev.azure.manchester.ac.uk/server/rest/services/UPRN_PoC_Web_Layer_UK_v1/FeatureServer/21,,VectorDataset,/ClimateJust,0,st_perimeter(shape),st_perimeter(shape),,False,True,False,,,,data,2
37901,,dc6c35466a24495799c01a47ba3dc5ac,ClimateJust - MSOAs (England) (2011) - SHVI,ArcGISFeatureLayer,71c9876f8b4546889de4f4a5899b50d6,https://nercdsh.dev.azure.manchester.ac.uk/server/rest/services/UPRN_PoC_Web_Layer_UK_v1/FeatureServer/22,,VectorDataset,/ClimateJust,0,objectid,OBJECTID,,False,True,False,,,,data,2
38001,,dc6c35466a24495799c01a47ba3dc5ac,ClimateJust - MSOAs (England) (2011) - SHVI,ArcGISFeatureLayer,71c9876f8b4546889de4f4a5899b50d6,https://nercdsh.dev.azure.manchester.ac.uk/server/rest/services/UPRN_PoC_Web_Layer_UK_v1/FeatureServer/22,,VectorDataset,/ClimateJust,0,msoa11cd,MSOA Code (2011),,True,True,True,,,,data,2
38101,,dc6c35466a24495799c01a47ba3dc5ac,ClimateJust - MSOAs (England) (2011) - SHVI,ArcGISFeatureLayer,71c9876f8b4546889de4f4a5899b50d6,https://nercdsh.dev.azure.manchester.ac.uk/server/rest/services/UPRN_PoC_Web_Layer_UK_v1/FeatureServer/22,,VectorDataset,/ClimateJust,0,msoa11nm,MSOA Name (2011),,True,True,True,,,,data,2
38201,,dc6c35466a24495799c01a47ba3dc5ac,ClimateJust - MSOAs (England) (2011) - SHVI,ArcGISFeatureLayer,71c9876f8b4546889de4f4a5899b50d6,https://nercdsh.dev.azure.manchester.ac.uk/server/rest/services/UPRN_PoC_Web_Layer_UK_v1/FeatureServer/22,,VectorDataset,/ClimateJust,0,bornoutsideukireland,Born outside UK/Ireland (%),,True,True,False,,,,data,2
38301,,dc6c35466a24495799c01a47ba3dc5ac,ClimateJust - MSOAs (England) (2011) - SHVI,ArcGISFeatureLayer,71c9876f8b4546889de4f4a5899b50d6,https://nercdsh.dev.azure.manchester.ac.uk/server/rest/services/UPRN_PoC_Web_Layer_UK_v1/FeatureServer/22,,VectorDataset,/ClimateJust,0,builtuparea_notbluespace,Built up area (% area not blue space),,True,True,False,,,,data,2
38401,,dc6c35466a24495799c01a47ba3dc5ac,ClimateJust - MSOAs (England) (2011) - SHVI,ArcGISFeatureLayer,71c9876f8b4546889de4f4a5899b50d6,https://nercdsh.dev.azure.manchester.ac.uk/server/rest/services/UPRN_PoC_Web_Layer_UK_v1/FeatureServer/22,,VectorDataset,/ClimateJust,0,builtuparea_notgreenspace,Built up area (% not greenspace),,True,True,False,,,,data,2
38501,,dc6c35466a24495799c01a47ba3dc5ac,ClimateJust - MSOAs (England) (2011) - SHVI,ArcGISFeatureLayer,71c9876f8b4546889de4f4a5899b50d6,https://nercdsh.dev.azure.manchester.ac.uk/server/rest/services/UPRN_PoC_Web_Layer_UK_v1/FeatureServer/22,,VectorDataset,/ClimateJust,0,changeinenterprises,% change in the number of enterprises,,True,True,False,,,,data,2
38601,,dc6c35466a24495799c01a47ba3dc5ac,ClimateJust - MSOAs (England) (2011) - SHVI,ArcGISFeatureLayer,71c9876f8b4546889de4f4a5899b50d6,https://nercdsh.dev.azure.manchester.ac.uk/server/rest/services/UPRN_PoC_Web_Layer_UK_v1/FeatureServer/22,,VectorDataset,/ClimateJust,0,distancetocoast,Distance to coast (km),,True,True,False,,,,data,2
38701,,dc6c35466a24495799c01a47ba3dc5ac,ClimateJust - MSOAs (England) (2011) - SHVI,ArcGISFeatureLayer,71c9876f8b4546889de4f4a5899b50d6,https://nercdsh.dev.azure.manchester.ac.uk/server/rest/services/UPRN_PoC_Web_Layer_UK_v1/FeatureServer/22,,VectorDataset,/ClimateJust,0,elevation,Elevation (m),,True,True,False,,,,data,2
38801,,dc6c35466a24495799c01a47ba3dc5ac,ClimateJust - MSOAs (England) (2011) - SHVI,ArcGISFeatureLayer,71c9876f8b4546889de4f4a5899b50d6,https://nercdsh.dev.azure.manchester.ac.uk/server/rest/services/UPRN_PoC_Web_Layer_UK_v1/FeatureServer/22,,VectorDataset,/ClimateJust,0,enhancedexposuretoheatindex,Enhanced exposure to heat index,,True,True,False,,,,data,2
38901,,dc6c35466a24495799c01a47ba3dc5ac,ClimateJust - MSOAs (England) (2011) - SHVI,ArcGISFeatureLayer,71c9876f8b4546889de4f4a5899b50d6,https://nercdsh.dev.azure.manchester.ac.uk/server/rest/services/UPRN_PoC_Web_Layer_UK_v1/FeatureServer/22,,VectorDataset,/ClimateJust,0,highrisehomes,High rise homes (% households with lowest floor 5th floor or above),,True,True,False,,,,data,2
39001,,dc6c35466a24495799c01a47ba3dc5ac,ClimateJust - MSOAs (England) (2011) - SHVI,ArcGISFeatureLayer,71c9876f8b4546889de4f4a5899b50d6,https://nercdsh.dev.azure.manchester.ac.uk/server/rest/services/UPRN_PoC_Web_Layer_UK_v1/FeatureServer/22,,VectorDataset,/ClimateJust,0,hospitalsbycar_lt30,Number of hospitals within 30 minutes by car,,True,True,False,,,,data,2
39101,,dc6c35466a24495799c01a47ba3dc5ac,ClimateJust - MSOAs (England) (2011) - SHVI,ArcGISFeatureLayer,71c9876f8b4546889de4f4a5899b50d6,https://nercdsh.dev.azure.manchester.ac.uk/server/rest/services/UPRN_PoC_Web_Layer_UK_v1/FeatureServer/22,,VectorDataset,/ClimateJust,0,hospitalsbywalktransport_lt30,Number of hospitals within 30 minutes by walk/public transport,,True,True,False,,,,data,2
39201,,dc6c35466a24495799c01a47ba3dc5ac,ClimateJust - MSOAs (England) (2011) - SHVI,ArcGISFeatureLayer,71c9876f8b4546889de4f4a5899b50d6,https://nercdsh.dev.azure.manchester.ac.uk/server/rest/services/UPRN_PoC_Web_Layer_UK_v1/FeatureServer/22,,VectorDataset,/ClimateJust,0,inabilitytoprepareindex,Inability to Prepare index,,True,True,False,,,,data,2
39301,,dc6c35466a24495799c01a47ba3dc5ac,ClimateJust - MSOAs (England) (2011) - SHVI,ArcGISFeatureLayer,71c9876f8b4546889de4f4a5899b50d6,https://nercdsh.dev.azure.manchester.ac.uk/server/rest/services/UPRN_PoC_Web_Layer_UK_v1/FeatureServer/22,,VectorDataset,/ClimateJust,0,inabilitytorecoverindex,Inability to Recover index,,True,True,False,,,,data,2
39401,,dc6c35466a24495799c01a47ba3dc5ac,ClimateJust - MSOAs (England) (2011) - SHVI,ArcGISFeatureLayer,71c9876f8b4546889de4f4a5899b50d6,https://nercdsh.dev.azure.manchester.ac.uk/server/rest/services/UPRN_PoC_Web_Layer_UK_v1/FeatureServer/22,,VectorDataset,/ClimateJust,0,inabilitytorespondindex,Inability to Respond index,,True,True,False,,,,data,2
39501,,dc6c35466a24495799c01a47ba3dc5ac,ClimateJust - MSOAs (England) (2011) - SHVI,ArcGISFeatureLayer,71c9876f8b4546889de4f4a5899b50d6,https://nercdsh.dev.azure.manchester.ac.uk/server/rest/services/UPRN_PoC_Web_Layer_UK_v1/FeatureServer/22,,VectorDataset,/ClimateJust,0,lackofcarers,Lack of carers (% people not providing unpaid care),,True,True,False,,,,data,2
39601,,dc6c35466a24495799c01a47ba3dc5ac,ClimateJust - MSOAs (England) (2011) - SHVI,ArcGISFeatureLayer,71c9876f8b4546889de4f4a5899b50d6,https://nercdsh.dev.azure.manchester.ac.uk/server/rest/services/UPRN_PoC_Web_Layer_UK_v1/FeatureServer/22,,VectorDataset,/ClimateJust,0,lackofdomesticgardens,Lack of domestic gardens (area of building/domestic gardens),,True,True,False,,,,data,2
39701,,dc6c35466a24495799c01a47ba3dc5ac,ClimateJust - MSOAs (England) (2011) - SHVI,ArcGISFeatureLayer,71c9876f8b4546889de4f4a5899b50d6,https://nercdsh.dev.azure.manchester.ac.uk/server/rest/services/UPRN_PoC_Web_Layer_UK_v1/FeatureServer/22,,VectorDataset,/ClimateJust,0,lowroaddensity,Low road density (% area not road),,True,True,False,,,,data,2
39801,,dc6c35466a24495799c01a47ba3dc5ac,ClimateJust - MSOAs (England) (2011) - SHVI,ArcGISFeatureLayer,71c9876f8b4546889de4f4a5899b50d6,https://nercdsh.dev.azure.manchester.ac.uk/server/rest/services/UPRN_PoC_Web_Layer_UK_v1/FeatureServer/22,,VectorDataset,/ClimateJust,0,populationtogpbycar_lt15,Number of GPs within 15 minutes by car,,True,True,False,,,,data,2
39901,,dc6c35466a24495799c01a47ba3dc5ac,ClimateJust - MSOAs (England) (2011) - SHVI,ArcGISFeatureLayer,71c9876f8b4546889de4f4a5899b50d6,https://nercdsh.dev.azure.manchester.ac.uk/server/rest/services/UPRN_PoC_Web_Layer_UK_v1/FeatureServer/22,,VectorDataset,/ClimateJust,0,populationtogpbywalkortrans_lt1,Number of GPs within 15 minutes by walk/public transport,,True,True,False,,,,data,2
40001,,dc6c35466a24495799c01a47ba3dc5ac,ClimateJust - MSOAs (England) (2011) - SHVI,ArcGISFeatureLayer,71c9876f8b4546889de4f4a5899b50d6,https://nercdsh.dev.azure.manchester.ac.uk/server/rest/services/UPRN_PoC_Web_Layer_UK_v1/FeatureServer/22,,VectorDataset,/ClimateJust,0,populationtogpbywalkortrans_mt1,% of at risk population (no car) outside of 15 minutes by walk/public transport to nearest GP,,True,True,False,,,,data,2
40101,,dc6c35466a24495799c01a47ba3dc5ac,ClimateJust - MSOAs (England) (2011) - SHVI,ArcGISFeatureLayer,71c9876f8b4546889de4f4a5899b50d6,https://nercdsh.dev.azure.manchester.ac.uk/server/rest/services/UPRN_PoC_Web_Layer_UK_v1/FeatureServer/22,,VectorDataset,/ClimateJust,0,populationtohospitalbycar_mt30,% of at risk population outside of 30 minutes by walk/PT to nearest hospital,,True,True,False,,,,data,2
40201,,dc6c35466a24495799c01a47ba3dc5ac,ClimateJust - MSOAs (England) (2011) - SHVI,ArcGISFeatureLayer,71c9876f8b4546889de4f4a5899b50d6,https://nercdsh.dev.azure.manchester.ac.uk/server/rest/services/UPRN_PoC_Web_Layer_UK_v1/FeatureServer/22,,VectorDataset,/ClimateJust,0,populationworkingawayfromhome,Working away from home (% not working at ,,True,True,False,,,,data,2
40301,,dc6c35466a24495799c01a47ba3dc5ac,ClimateJust - MSOAs (England) (2011) - SHVI,ArcGISFeatureLayer,71c9876f8b4546889de4f4a5899b50d6,https://nercdsh.dev.azure.manchester.ac.uk/server/rest/services/UPRN_PoC_Web_Layer_UK_v1/FeatureServer/22,,VectorDataset,/ClimateJust,0,retailunitsdensity,Density of retail units,,True,True,False,,,,data,2
40401,,dc6c35466a24495799c01a47ba3dc5ac,ClimateJust - MSOAs (England) (2011) - SHVI,ArcGISFeatureLayer,71c9876f8b4546889de4f4a5899b50d6,https://nercdsh.dev.azure.manchester.ac.uk/server/rest/services/UPRN_PoC_Web_Layer_UK_v1/FeatureServer/22,,VectorDataset,/ClimateJust,0,sensitivityindex,Sensitivity index,,True,True,False,,,,data,2
40501,,dc6c35466a24495799c01a47ba3dc5ac,ClimateJust - MSOAs (England) (2011) - SHVI,ArcGISFeatureLayer,71c9876f8b4546889de4f4a5899b50d6,https://nercdsh.dev.azure.manchester.ac.uk/server/rest/services/UPRN_PoC_Web_Layer_UK_v1/FeatureServer/22,,VectorDataset,/ClimateJust,0,singlepensioner_hh,Single pensioner households (%),,True,True,False,,,,data,2
40601,,dc6c35466a24495799c01a47ba3dc5ac,ClimateJust - MSOAs (England) (2011) - SHVI,ArcGISFeatureLayer,71c9876f8b4546889de4f4a5899b50d6,https://nercdsh.dev.azure.manchester.ac.uk/server/rest/services/UPRN_PoC_Web_Layer_UK_v1/FeatureServer/22,,VectorDataset,/ClimateJust,0,socialheatvulnerabilityindex,Social Heat Vulnerability Index,,True,True,False,,,,data,2
40701,,dc6c35466a24495799c01a47ba3dc5ac,ClimateJust - MSOAs (England) (2011) - SHVI,ArcGISFeatureLayer,71c9876f8b4546889de4f4a5899b50d6,https://nercdsh.dev.azure.manchester.ac.uk/server/rest/services/UPRN_PoC_Web_Layer_UK_v1/FeatureServer/22,,VectorDataset,/ClimateJust,0,traveltimetogpbywalkortrans,Travel time to nearest GP by walk/public transport,,True,True,False,,,,data,2
40801,,dc6c35466a24495799c01a47ba3dc5ac,ClimateJust - MSOAs (England) (2011) - SHVI,ArcGISFeatureLayer,71c9876f8b4546889de4f4a5899b50d6,https://nercdsh.dev.azure.manchester.ac.uk/server/rest/services/UPRN_PoC_Web_Layer_UK_v1/FeatureServer/22,,VectorDataset,/ClimateJust,0,traveltimetohospitalbycar,Travel time to nearest hospital by car,,True,True,False,,,,data,2
40901,,dc6c35466a24495799c01a47ba3dc5ac,ClimateJust - MSOAs (England) (2011) - SHVI,ArcGISFeatureLayer,71c9876f8b4546889de4f4a5899b50d6,https://nercdsh.dev.azure.manchester.ac.uk/server/rest/services/UPRN_PoC_Web_Layer_UK_v1/FeatureServer/22,,VectorDataset,/ClimateJust,0,traveltimetohospitalbywort,Travel time to nearest hospital by walk/public transport,,True,True,False,,,,data,2
41001,,dc6c35466a24495799c01a47ba3dc5ac,ClimateJust - MSOAs (England) (2011) - SHVI,ArcGISFeatureLayer,71c9876f8b4546889de4f4a5899b50d6,https://nercdsh.dev.azure.manchester.ac.uk/server/rest/services/UPRN_PoC_Web_Layer_UK_v1/FeatureServer/22,,VectorDataset,/ClimateJust,0,weeklyincome_hh,Weekly household income estimate (Â£),,True,True,False,,,,data,2
41101,,dc6c35466a24495799c01a47ba3dc5ac,ClimateJust - MSOAs (England) (2011) - SHVI,ArcGISFeatureLayer,71c9876f8b4546889de4f4a5899b50d6,https://nercdsh.dev.azure.manchester.ac.uk/server/rest/services/UPRN_PoC_Web_Layer_UK_v1/FeatureServer/22,,VectorDataset,/ClimateJust,0,perimeterepsg27700,Perimeter (EPSG 27700),,False,True,False,,,,data,2
41201,,dc6c35466a24495799c01a47ba3dc5ac,ClimateJust - MSOAs (England) (2011) - SHVI,ArcGISFeatureLayer,71c9876f8b4546889de4f4a5899b50d6,https://nercdsh.dev.azure.manchester.ac.uk/server/rest/services/UPRN_PoC_Web_Layer_UK_v1/FeatureServer/22,,VectorDataset,/ClimateJust,0,areaepsg27700,Area (EPSG 27700),,False,True,False,,,,data,2
41301,,dc6c35466a24495799c01a47ba3dc5ac,ClimateJust - MSOAs (England) (2011) - SHVI,ArcGISFeatureLayer,71c9876f8b4546889de4f4a5899b50d6,https://nercdsh.dev.azure.manchester.ac.uk/server/rest/services/UPRN_PoC_Web_Layer_UK_v1/FeatureServer/22,,VectorDataset,/ClimateJust,0,SHAPE__Area,SHAPE__Area,,False,True,False,,,,data,2
41401,,dc6c35466a24495799c01a47ba3dc5ac,ClimateJust - MSOAs (England) (2011) - SHVI,ArcGISFeatureLayer,71c9876f8b4546889de4f4a5899b50d6,https://nercdsh.dev.azure.manchester.ac.uk/server/rest/services/UPRN_PoC_Web_Layer_UK_v1/FeatureServer/22,,VectorDataset,/ClimateJust,0,st_perimeter(shape),st_perimeter(shape),,False,True,False,,,,data,2
41501,,e4ee5ea81f4244d6b0cd00c0ac765ce5,ClimateJust - Grid (UK) - UKCP18,ArcGISFeatureLayer,71c9876f8b4546889de4f4a5899b50d6,https://nercdsh.dev.azure.manchester.ac.uk/server/rest/services/UPRN_PoC_Web_Layer_UK_v1/FeatureServer/23,,VectorDataset,/ClimateJust,0,objectid,OBJECTID,,False,True,False,,,,data,2
41601,,e4ee5ea81f4244d6b0cd00c0ac765ce5,ClimateJust - Grid (UK) - UKCP18,ArcGISFeatureLayer,71c9876f8b4546889de4f4a5899b50d6,https://nercdsh.dev.azure.manchester.ac.uk/server/rest/services/UPRN_PoC_Web_Layer_UK_v1/FeatureServer/23,,VectorDataset,/ClimateJust,0,gridcode,Grid Code,,True,True,True,,,,data,2
41701,,e4ee5ea81f4244d6b0cd00c0ac765ce5,ClimateJust - Grid (UK) - UKCP18,ArcGISFeatureLayer,71c9876f8b4546889de4f4a5899b50d6,https://nercdsh.dev.azure.manchester.ac.uk/server/rest/services/UPRN_PoC_Web_Layer_UK_v1/FeatureServer/23,,VectorDataset,/ClimateJust,0,tas_rcp26_2019_10p,Summer average temperature low emissions 2010-2030 10th percentile,,True,True,False,/Summer Average Temperature/Low Emissions,,,data,2
41801,,e4ee5ea81f4244d6b0cd00c0ac765ce5,ClimateJust - Grid (UK) - UKCP18,ArcGISFeatureLayer,71c9876f8b4546889de4f4a5899b50d6,https://nercdsh.dev.azure.manchester.ac.uk/server/rest/services/UPRN_PoC_Web_Layer_UK_v1/FeatureServer/23,,VectorDataset,/ClimateJust,0,tas_rcp26_2019_50p,Summer average temperature low emissions 2010-2030 median,,True,True,False,/Summer Average Temperature/Low Emissions,,,data,2
41901,,e4ee5ea81f4244d6b0cd00c0ac765ce5,ClimateJust - Grid (UK) - UKCP18,ArcGISFeatureLayer,71c9876f8b4546889de4f4a5899b50d6,https://nercdsh.dev.azure.manchester.ac.uk/server/rest/services/UPRN_PoC_Web_Layer_UK_v1/FeatureServer/23,,VectorDataset,/ClimateJust,0,tas_rcp26_2019_90p,Summer average temperature low emissions 2010-2030 90th percentile,,True,True,False,/Summer Average Temperature/Low Emissions,,,data,2
42001,,e4ee5ea81f4244d6b0cd00c0ac765ce5,ClimateJust - Grid (UK) - UKCP18,ArcGISFeatureLayer,71c9876f8b4546889de4f4a5899b50d6,https://nercdsh.dev.azure.manchester.ac.uk/server/rest/services/UPRN_PoC_Web_Layer_UK_v1/FeatureServer/23,,VectorDataset,/ClimateJust,0,tas_rcp26_2049_10p,Summer average temperature low emissions 2040-2060 10th percentile,,True,True,False,/Summer Average Temperature/Low Emissions,,,data,2
42101,,e4ee5ea81f4244d6b0cd00c0ac765ce5,ClimateJust - Grid (UK) - UKCP18,ArcGISFeatureLayer,71c9876f8b4546889de4f4a5899b50d6,https://nercdsh.dev.azure.manchester.ac.uk/server/rest/services/UPRN_PoC_Web_Layer_UK_v1/FeatureServer/23,,VectorDataset,/ClimateJust,0,tas_rcp26_2049_50p,Summer average temperature low emissions 2040-2060 median,,True,True,False,/Summer Average Temperature/Low Emissions,,,data,2
42201,,e4ee5ea81f4244d6b0cd00c0ac765ce5,ClimateJust - Grid (UK) - UKCP18,ArcGISFeatureLayer,71c9876f8b4546889de4f4a5899b50d6,https://nercdsh.dev.azure.manchester.ac.uk/server/rest/services/UPRN_PoC_Web_Layer_UK_v1/FeatureServer/23,,VectorDataset,/ClimateJust,0,tas_rcp26_2049_90p,Summer average temperature low emissions 2040-2060 90th percentile,,True,True,False,/Summer Average Temperature/Low Emissions,,,data,2
42301,,e4ee5ea81f4244d6b0cd00c0ac765ce5,ClimateJust - Grid (UK) - UKCP18,ArcGISFeatureLayer,71c9876f8b4546889de4f4a5899b50d6,https://nercdsh.dev.azure.manchester.ac.uk/server/rest/services/UPRN_PoC_Web_Layer_UK_v1/FeatureServer/23,,VectorDataset,/ClimateJust,0,tas_rcp26_2079_10p,Summer average temperature low emissions 2070-2090 10th percentile,,True,True,False,/Summer Average Temperature/Low Emissions,,,data,2
42401,,e4ee5ea81f4244d6b0cd00c0ac765ce5,ClimateJust - Grid (UK) - UKCP18,ArcGISFeatureLayer,71c9876f8b4546889de4f4a5899b50d6,https://nercdsh.dev.azure.manchester.ac.uk/server/rest/services/UPRN_PoC_Web_Layer_UK_v1/FeatureServer/23,,VectorDataset,/ClimateJust,0,tas_rcp26_2079_50p,Summer average temperature low emissions 2070-2090 median,,True,True,False,/Summer Average Temperature/Low Emissions,,,data,2
42501,,e4ee5ea81f4244d6b0cd00c0ac765ce5,ClimateJust - Grid (UK) - UKCP18,ArcGISFeatureLayer,71c9876f8b4546889de4f4a5899b50d6,https://nercdsh.dev.azure.manchester.ac.uk/server/rest/services/UPRN_PoC_Web_Layer_UK_v1/FeatureServer/23,,VectorDataset,/ClimateJust,0,tas_rcp26_2079_90p,Summer average temperature low emissions 2070-2090 90th percentile,,True,True,False,/Summer Average Temperature/Low Emissions,,,data,2
42601,,e4ee5ea81f4244d6b0cd00c0ac765ce5,ClimateJust - Grid (UK) - UKCP18,ArcGISFeatureLayer,71c9876f8b4546889de4f4a5899b50d6,https://nercdsh.dev.azure.manchester.ac.uk/server/rest/services/UPRN_PoC_Web_Layer_UK_v1/FeatureServer/23,,VectorDataset,/ClimateJust,0,tas_rcp45_2019_10p,Summer average temperature moderate emissions 2010-2030 10th percentile,,True,True,False,/Summer Average Temperature/Moderate Emissions,,,data,2
42701,,e4ee5ea81f4244d6b0cd00c0ac765ce5,ClimateJust - Grid (UK) - UKCP18,ArcGISFeatureLayer,71c9876f8b4546889de4f4a5899b50d6,https://nercdsh.dev.azure.manchester.ac.uk/server/rest/services/UPRN_PoC_Web_Layer_UK_v1/FeatureServer/23,,VectorDataset,/ClimateJust,0,tas_rcp45_2019_50p,Summer average temperature moderate emissions 2010-2030 median,,True,True,False,/Summer Average Temperature/Moderate Emissions,,,data,2
42801,,e4ee5ea81f4244d6b0cd00c0ac765ce5,ClimateJust - Grid (UK) - UKCP18,ArcGISFeatureLayer,71c9876f8b4546889de4f4a5899b50d6,https://nercdsh.dev.azure.manchester.ac.uk/server/rest/services/UPRN_PoC_Web_Layer_UK_v1/FeatureServer/23,,VectorDataset,/ClimateJust,0,tas_rcp45_2019_90p,Summer average temperature moderate emissions 2010-2030 90th percentile,,True,True,False,/Summer Average Temperature/Moderate Emissions,,,data,2
42901,,e4ee5ea81f4244d6b0cd00c0ac765ce5,ClimateJust - Grid (UK) - UKCP18,ArcGISFeatureLayer,71c9876f8b4546889de4f4a5899b50d6,https://nercdsh.dev.azure.manchester.ac.uk/server/rest/services/UPRN_PoC_Web_Layer_UK_v1/FeatureServer/23,,VectorDataset,/ClimateJust,0,tas_rcp45_2049_10p,Summer average temperature moderate emissions 2040-2060 10th percentile,,True,True,False,/Summer Average Temperature/Moderate Emissions,,,data,2
43001,,e4ee5ea81f4244d6b0cd00c0ac765ce5,ClimateJust - Grid (UK) - UKCP18,ArcGISFeatureLayer,71c9876f8b4546889de4f4a5899b50d6,https://nercdsh.dev.azure.manchester.ac.uk/server/rest/services/UPRN_PoC_Web_Layer_UK_v1/FeatureServer/23,,VectorDataset,/ClimateJust,0,tas_rcp45_2049_50p,Summer average temperature moderate emissions 2040-2060 median,,True,True,False,/Summer Average Temperature/Moderate Emissions,,,data,2
43101,,e4ee5ea81f4244d6b0cd00c0ac765ce5,ClimateJust - Grid (UK) - UKCP18,ArcGISFeatureLayer,71c9876f8b4546889de4f4a5899b50d6,https://nercdsh.dev.azure.manchester.ac.uk/server/rest/services/UPRN_PoC_Web_Layer_UK_v1/FeatureServer/23,,VectorDataset,/ClimateJust,0,tas_rcp45_2049_90p,Summer average temperature moderate emissions 2040-2060 90th percentile,,True,True,False,/Summer Average Temperature/Moderate Emissions,,,data,2
43201,,e4ee5ea81f4244d6b0cd00c0ac765ce5,ClimateJust - Grid (UK) - UKCP18,ArcGISFeatureLayer,71c9876f8b4546889de4f4a5899b50d6,https://nercdsh.dev.azure.manchester.ac.uk/server/rest/services/UPRN_PoC_Web_Layer_UK_v1/FeatureServer/23,,VectorDataset,/ClimateJust,0,tas_rcp45_2079_10p,Summer average temperature moderate emissions 2070-2090 10th percentile,,True,True,False,/Summer Average Temperature/Moderate Emissions,,,data,2
43301,,e4ee5ea81f4244d6b0cd00c0ac765ce5,ClimateJust - Grid (UK) - UKCP18,ArcGISFeatureLayer,71c9876f8b4546889de4f4a5899b50d6,https://nercdsh.dev.azure.manchester.ac.uk/server/rest/services/UPRN_PoC_Web_Layer_UK_v1/FeatureServer/23,,VectorDataset,/ClimateJust,0,tas_rcp45_2079_50p,Summer average temperature moderate emissions 2070-2090 median,,True,True,False,/Summer Average Temperature/Moderate Emissions,,,data,2
43401,,e4ee5ea81f4244d6b0cd00c0ac765ce5,ClimateJust - Grid (UK) - UKCP18,ArcGISFeatureLayer,71c9876f8b4546889de4f4a5899b50d6,https://nercdsh.dev.azure.manchester.ac.uk/server/rest/services/UPRN_PoC_Web_Layer_UK_v1/FeatureServer/23,,VectorDataset,/ClimateJust,0,tas_rcp45_2079_90p,Summer average temperature moderate emissions 2070-2090 90th percentile,,True,True,False,/Summer Average Temperature/Moderate Emissions,,,data,2
43501,,e4ee5ea81f4244d6b0cd00c0ac765ce5,ClimateJust - Grid (UK) - UKCP18,ArcGISFeatureLayer,71c9876f8b4546889de4f4a5899b50d6,https://nercdsh.dev.azure.manchester.ac.uk/server/rest/services/UPRN_PoC_Web_Layer_UK_v1/FeatureServer/23,,VectorDataset,/ClimateJust,0,tas_rcp60_2019_10p,Summer average temperature high emissions 2010-2030 10th percentile,,True,True,False,/Summer Average Temperature/High Emissions,,,data,2
43601,,e4ee5ea81f4244d6b0cd00c0ac765ce5,ClimateJust - Grid (UK) - UKCP18,ArcGISFeatureLayer,71c9876f8b4546889de4f4a5899b50d6,https://nercdsh.dev.azure.manchester.ac.uk/server/rest/services/UPRN_PoC_Web_Layer_UK_v1/FeatureServer/23,,VectorDataset,/ClimateJust,0,tas_rcp60_2019_50p,Summer average temperature high emissions 2010-2030 median,,True,True,False,/Summer Average Temperature/High Emissions,,,data,2
43701,,e4ee5ea81f4244d6b0cd00c0ac765ce5,ClimateJust - Grid (UK) - UKCP18,ArcGISFeatureLayer,71c9876f8b4546889de4f4a5899b50d6,https://nercdsh.dev.azure.manchester.ac.uk/server/rest/services/UPRN_PoC_Web_Layer_UK_v1/FeatureServer/23,,VectorDataset,/ClimateJust,0,tas_rcp60_2019_90p,Summer average temperature high emissions 2010-2030 90th percentile,,True,True,False,/Summer Average Temperature/High Emissions,,,data,2
43801,,e4ee5ea81f4244d6b0cd00c0ac765ce5,ClimateJust - Grid (UK) - UKCP18,ArcGISFeatureLayer,71c9876f8b4546889de4f4a5899b50d6,https://nercdsh.dev.azure.manchester.ac.uk/server/rest/services/UPRN_PoC_Web_Layer_UK_v1/FeatureServer/23,,VectorDataset,/ClimateJust,0,tas_rcp60_2049_10p,Summer average temperature high emissions 2040-2060 10th percentile,,True,True,False,/Summer Average Temperature/High Emissions,,,data,2
43901,,e4ee5ea81f4244d6b0cd00c0ac765ce5,ClimateJust - Grid (UK) - UKCP18,ArcGISFeatureLayer,71c9876f8b4546889de4f4a5899b50d6,https://nercdsh.dev.azure.manchester.ac.uk/server/rest/services/UPRN_PoC_Web_Layer_UK_v1/FeatureServer/23,,VectorDataset,/ClimateJust,0,tas_rcp60_2049_50p,Summer average temperature high emissions 2040-2060 median,,True,True,False,/Summer Average Temperature/High Emissions,,,data,2
44001,,e4ee5ea81f4244d6b0cd00c0ac765ce5,ClimateJust - Grid (UK) - UKCP18,ArcGISFeatureLayer,71c9876f8b4546889de4f4a5899b50d6,https://nercdsh.dev.azure.manchester.ac.uk/server/rest/services/UPRN_PoC_Web_Layer_UK_v1/FeatureServer/23,,VectorDataset,/ClimateJust,0,tas_rcp60_2049_90p,Summer average temperature high emissions 2040-2060 90th percentile,,True,True,False,/Summer Average Temperature/High Emissions,,,data,2
44101,,e4ee5ea81f4244d6b0cd00c0ac765ce5,ClimateJust - Grid (UK) - UKCP18,ArcGISFeatureLayer,71c9876f8b4546889de4f4a5899b50d6,https://nercdsh.dev.azure.manchester.ac.uk/server/rest/services/UPRN_PoC_Web_Layer_UK_v1/FeatureServer/23,,VectorDataset,/ClimateJust,0,tas_rcp60_2079_10p,Summer average temperature high emissions 2070-2090 10th percentile,,True,True,False,/Summer Average Temperature/High Emissions,,,data,2
44201,,e4ee5ea81f4244d6b0cd00c0ac765ce5,ClimateJust - Grid (UK) - UKCP18,ArcGISFeatureLayer,71c9876f8b4546889de4f4a5899b50d6,https://nercdsh.dev.azure.manchester.ac.uk/server/rest/services/UPRN_PoC_Web_Layer_UK_v1/FeatureServer/23,,VectorDataset,/ClimateJust,0,tas_rcp60_2079_50p,Summer average temperature high emissions 2070-2090 median,,True,True,False,/Summer Average Temperature/High Emissions,,,data,2
44301,,e4ee5ea81f4244d6b0cd00c0ac765ce5,ClimateJust - Grid (UK) - UKCP18,ArcGISFeatureLayer,71c9876f8b4546889de4f4a5899b50d6,https://nercdsh.dev.azure.manchester.ac.uk/server/rest/services/UPRN_PoC_Web_Layer_UK_v1/FeatureServer/23,,VectorDataset,/ClimateJust,0,tas_rcp60_2079_90p,Summer average temperature high emissions 2070-2090 90th percentile,,True,True,False,/Summer Average Temperature/High Emissions,,,data,2
44401,,e4ee5ea81f4244d6b0cd00c0ac765ce5,ClimateJust - Grid (UK) - UKCP18,ArcGISFeatureLayer,71c9876f8b4546889de4f4a5899b50d6,https://nercdsh.dev.azure.manchester.ac.uk/server/rest/services/UPRN_PoC_Web_Layer_UK_v1/FeatureServer/23,,VectorDataset,/ClimateJust,0,tas_rcp85_2019_10p,Summer average temperature very high emissions 2010-2030 10th percentile,,True,True,False,/Summer Average Temperature/Very High Emissions,,,data,2
44501,,e4ee5ea81f4244d6b0cd00c0ac765ce5,ClimateJust - Grid (UK) - UKCP18,ArcGISFeatureLayer,71c9876f8b4546889de4f4a5899b50d6,https://nercdsh.dev.azure.manchester.ac.uk/server/rest/services/UPRN_PoC_Web_Layer_UK_v1/FeatureServer/23,,VectorDataset,/ClimateJust,0,tas_rcp85_2019_50p,Summer average temperature very high emissions 2010-2030 median,,True,True,False,/Summer Average Temperature/Very High Emissions,,,data,2
44601,,e4ee5ea81f4244d6b0cd00c0ac765ce5,ClimateJust - Grid (UK) - UKCP18,ArcGISFeatureLayer,71c9876f8b4546889de4f4a5899b50d6,https://nercdsh.dev.azure.manchester.ac.uk/server/rest/services/UPRN_PoC_Web_Layer_UK_v1/FeatureServer/23,,VectorDataset,/ClimateJust,0,tas_rcp85_2019_90p,Summer average temperature very high emissions 2010-2030 90th percentile,,True,True,False,/Summer Average Temperature/Very High Emissions,,,data,2
44701,,e4ee5ea81f4244d6b0cd00c0ac765ce5,ClimateJust - Grid (UK) - UKCP18,ArcGISFeatureLayer,71c9876f8b4546889de4f4a5899b50d6,https://nercdsh.dev.azure.manchester.ac.uk/server/rest/services/UPRN_PoC_Web_Layer_UK_v1/FeatureServer/23,,VectorDataset,/ClimateJust,0,tas_rcp85_2049_10p,Summer average temperature very high emissions 2040-2060 10th percentile,,True,True,False,/Summer Average Temperature/Very High Emissions,,,data,2
44801,,e4ee5ea81f4244d6b0cd00c0ac765ce5,ClimateJust - Grid (UK) - UKCP18,ArcGISFeatureLayer,71c9876f8b4546889de4f4a5899b50d6,https://nercdsh.dev.azure.manchester.ac.uk/server/rest/services/UPRN_PoC_Web_Layer_UK_v1/FeatureServer/23,,VectorDataset,/ClimateJust,0,tas_rcp85_2049_50p,Summer average temperature very high emissions 2040-2060 median,,True,True,False,/Summer Average Temperature/Very High Emissions,,,data,2
44901,,e4ee5ea81f4244d6b0cd00c0ac765ce5,ClimateJust - Grid (UK) - UKCP18,ArcGISFeatureLayer,71c9876f8b4546889de4f4a5899b50d6,https://nercdsh.dev.azure.manchester.ac.uk/server/rest/services/UPRN_PoC_Web_Layer_UK_v1/FeatureServer/23,,VectorDataset,/ClimateJust,0,tas_rcp85_2049_90p,Summer average temperature very high emissions 2040-2060 90th percentile,,True,True,False,/Summer Average Temperature/Very High Emissions,,,data,2
45001,,e4ee5ea81f4244d6b0cd00c0ac765ce5,ClimateJust - Grid (UK) - UKCP18,ArcGISFeatureLayer,71c9876f8b4546889de4f4a5899b50d6,https://nercdsh.dev.azure.manchester.ac.uk/server/rest/services/UPRN_PoC_Web_Layer_UK_v1/FeatureServer/23,,VectorDataset,/ClimateJust,0,tas_rcp85_2079_10p,Summer average temperature very high emissions 2070-2090 10th percentile,,True,True,False,/Summer Average Temperature/Very High Emissions,,,data,2
45101,,e4ee5ea81f4244d6b0cd00c0ac765ce5,ClimateJust - Grid (UK) - UKCP18,ArcGISFeatureLayer,71c9876f8b4546889de4f4a5899b50d6,https://nercdsh.dev.azure.manchester.ac.uk/server/rest/services/UPRN_PoC_Web_Layer_UK_v1/FeatureServer/23,,VectorDataset,/ClimateJust,0,tas_rcp85_2079_50p,Summer average temperature very high emissions 2070-2090 median,,True,True,False,/Summer Average Temperature/Very High Emissions,,,data,2
45201,,e4ee5ea81f4244d6b0cd00c0ac765ce5,ClimateJust - Grid (UK) - UKCP18,ArcGISFeatureLayer,71c9876f8b4546889de4f4a5899b50d6,https://nercdsh.dev.azure.manchester.ac.uk/server/rest/services/UPRN_PoC_Web_Layer_UK_v1/FeatureServer/23,,VectorDataset,/ClimateJust,0,tas_rcp85_2079_90p,Summer average temperature very high emissions 2070-2090 90th percentile,,True,True,False,/Summer Average Temperature/Very High Emissions,,,data,2
45301,,e4ee5ea81f4244d6b0cd00c0ac765ce5,ClimateJust - Grid (UK) - UKCP18,ArcGISFeatureLayer,71c9876f8b4546889de4f4a5899b50d6,https://nercdsh.dev.azure.manchester.ac.uk/server/rest/services/UPRN_PoC_Web_Layer_UK_v1/FeatureServer/23,,VectorDataset,/ClimateJust,0,tasmax_rcp26_2019_10p,Summer average maximum temperature low emissions 2010-2030 10th percentile,,True,True,False,/Summer Average Maximum Temperature/Low Emissions,,,data,2
45401,,e4ee5ea81f4244d6b0cd00c0ac765ce5,ClimateJust - Grid (UK) - UKCP18,ArcGISFeatureLayer,71c9876f8b4546889de4f4a5899b50d6,https://nercdsh.dev.azure.manchester.ac.uk/server/rest/services/UPRN_PoC_Web_Layer_UK_v1/FeatureServer/23,,VectorDataset,/ClimateJust,0,tasmax_rcp26_2019_50p,Summer average maximum temperature low emissions 2010-2030 median,,True,True,False,/Summer Average Maximum Temperature/Low Emissions,,,data,2
45501,,e4ee5ea81f4244d6b0cd00c0ac765ce5,ClimateJust - Grid (UK) - UKCP18,ArcGISFeatureLayer,71c9876f8b4546889de4f4a5899b50d6,https://nercdsh.dev.azure.manchester.ac.uk/server/rest/services/UPRN_PoC_Web_Layer_UK_v1/FeatureServer/23,,VectorDataset,/ClimateJust,0,tasmax_rcp26_2019_90p,Summer average maximum temperature low emissions 2010-2030 90th percentile,,True,True,False,/Summer Average Maximum Temperature/Low Emissions,,,data,2
45601,,e4ee5ea81f4244d6b0cd00c0ac765ce5,ClimateJust - Grid (UK) - UKCP18,ArcGISFeatureLayer,71c9876f8b4546889de4f4a5899b50d6,https://nercdsh.dev.azure.manchester.ac.uk/server/rest/services/UPRN_PoC_Web_Layer_UK_v1/FeatureServer/23,,VectorDataset,/ClimateJust,0,tasmax_rcp26_2049_10p,Summer average maximum temperature low emissions 2040-2060 10th percentile,,True,True,False,/Summer Average Maximum Temperature/Low Emissions,,,data,2
45701,,e4ee5ea81f4244d6b0cd00c0ac765ce5,ClimateJust - Grid (UK) - UKCP18,ArcGISFeatureLayer,71c9876f8b4546889de4f4a5899b50d6,https://nercdsh.dev.azure.manchester.ac.uk/server/rest/services/UPRN_PoC_Web_Layer_UK_v1/FeatureServer/23,,VectorDataset,/ClimateJust,0,tasmax_rcp26_2049_50p,Summer average maximum temperature low emissions 2040-2060 median,,True,True,False,/Summer Average Maximum Temperature/Low Emissions,,,data,2
45801,,e4ee5ea81f4244d6b0cd00c0ac765ce5,ClimateJust - Grid (UK) - UKCP18,ArcGISFeatureLayer,71c9876f8b4546889de4f4a5899b50d6,https://nercdsh.dev.azure.manchester.ac.uk/server/rest/services/UPRN_PoC_Web_Layer_UK_v1/FeatureServer/23,,VectorDataset,/ClimateJust,0,tasmax_rcp26_2049_90p,Summer average maximum temperature low emissions 2040-2060 90th percentile,,True,True,False,/Summer Average Maximum Temperature/Low Emissions,,,data,2
45901,,e4ee5ea81f4244d6b0cd00c0ac765ce5,ClimateJust - Grid (UK) - UKCP18,ArcGISFeatureLayer,71c9876f8b4546889de4f4a5899b50d6,https://nercdsh.dev.azure.manchester.ac.uk/server/rest/services/UPRN_PoC_Web_Layer_UK_v1/FeatureServer/23,,VectorDataset,/ClimateJust,0,tasmax_rcp26_2079_10p,Summer average maximum temperature low emissions 2070-2090 10th percentile,,True,True,False,/Summer Average Maximum Temperature/Low Emissions,,,data,2
46001,,e4ee5ea81f4244d6b0cd00c0ac765ce5,ClimateJust - Grid (UK) - UKCP18,ArcGISFeatureLayer,71c9876f8b4546889de4f4a5899b50d6,https://nercdsh.dev.azure.manchester.ac.uk/server/rest/services/UPRN_PoC_Web_Layer_UK_v1/FeatureServer/23,,VectorDataset,/ClimateJust,0,tasmax_rcp26_2079_50p,Summer average maximum temperature low emissions 2070-2090 median,,True,True,False,/Summer Average Maximum Temperature/Low Emissions,,,data,2
46101,,e4ee5ea81f4244d6b0cd00c0ac765ce5,ClimateJust - Grid (UK) - UKCP18,ArcGISFeatureLayer,71c9876f8b4546889de4f4a5899b50d6,https://nercdsh.dev.azure.manchester.ac.uk/server/rest/services/UPRN_PoC_Web_Layer_UK_v1/FeatureServer/23,,VectorDataset,/ClimateJust,0,tasmax_rcp26_2079_90p,Summer average maximum temperature low emissions 2070-2090 90th percentile,,True,True,False,/Summer Average Maximum Temperature/Low Emissions,,,data,2
46201,,e4ee5ea81f4244d6b0cd00c0ac765ce5,ClimateJust - Grid (UK) - UKCP18,ArcGISFeatureLayer,71c9876f8b4546889de4f4a5899b50d6,https://nercdsh.dev.azure.manchester.ac.uk/server/rest/services/UPRN_PoC_Web_Layer_UK_v1/FeatureServer/23,,VectorDataset,/ClimateJust,0,tasmax_rcp45_2019_10p,Summer average maximum temperature moderate emissions 2010-2030 10th percentile,,True,True,False,/Summer Average Maximum Temperature/Moderate Emissions,,,data,2
46301,,e4ee5ea81f4244d6b0cd00c0ac765ce5,ClimateJust - Grid (UK) - UKCP18,ArcGISFeatureLayer,71c9876f8b4546889de4f4a5899b50d6,https://nercdsh.dev.azure.manchester.ac.uk/server/rest/services/UPRN_PoC_Web_Layer_UK_v1/FeatureServer/23,,VectorDataset,/ClimateJust,0,tasmax_rcp45_2019_50p,Summer average maximum temperature moderate emissions 2010-2030 median,,True,True,False,/Summer Average Maximum Temperature/Moderate Emissions,,,data,2
46401,,e4ee5ea81f4244d6b0cd00c0ac765ce5,ClimateJust - Grid (UK) - UKCP18,ArcGISFeatureLayer,71c9876f8b4546889de4f4a5899b50d6,https://nercdsh.dev.azure.manchester.ac.uk/server/rest/services/UPRN_PoC_Web_Layer_UK_v1/FeatureServer/23,,VectorDataset,/ClimateJust,0,tasmax_rcp45_2019_90p,Summer average maximum temperature moderate emissions 2010-2030 90th percentile,,True,True,False,/Summer Average Maximum Temperature/Moderate Emissions,,,data,2
46501,,e4ee5ea81f4244d6b0cd00c0ac765ce5,ClimateJust - Grid (UK) - UKCP18,ArcGISFeatureLayer,71c9876f8b4546889de4f4a5899b50d6,https://nercdsh.dev.azure.manchester.ac.uk/server/rest/services/UPRN_PoC_Web_Layer_UK_v1/FeatureServer/23,,VectorDataset,/ClimateJust,0,tasmax_rcp45_2049_10p,Summer average maximum temperature moderate emissions 2040-2060 10th percentile,,True,True,False,/Summer Average Maximum Temperature/Moderate Emissions,,,data,2
46601,,e4ee5ea81f4244d6b0cd00c0ac765ce5,ClimateJust - Grid (UK) - UKCP18,ArcGISFeatureLayer,71c9876f8b4546889de4f4a5899b50d6,https://nercdsh.dev.azure.manchester.ac.uk/server/rest/services/UPRN_PoC_Web_Layer_UK_v1/FeatureServer/23,,VectorDataset,/ClimateJust,0,tasmax_rcp45_2049_50p,Summer average maximum temperature moderate emissions 2040-2060 median,,True,True,False,/Summer Average Maximum Temperature/Moderate Emissions,,,data,2
46701,,e4ee5ea81f4244d6b0cd00c0ac765ce5,ClimateJust - Grid (UK) - UKCP18,ArcGISFeatureLayer,71c9876f8b4546889de4f4a5899b50d6,https://nercdsh.dev.azure.manchester.ac.uk/server/rest/services/UPRN_PoC_Web_Layer_UK_v1/FeatureServer/23,,VectorDataset,/ClimateJust,0,tasmax_rcp45_2049_90p,Summer average maximum temperature moderate emissions 2040-2060 90th percentile,,True,True,False,/Summer Average Maximum Temperature/Moderate Emissions,,,data,2
46801,,e4ee5ea81f4244d6b0cd00c0ac765ce5,ClimateJust - Grid (UK) - UKCP18,ArcGISFeatureLayer,71c9876f8b4546889de4f4a5899b50d6,https://nercdsh.dev.azure.manchester.ac.uk/server/rest/services/UPRN_PoC_Web_Layer_UK_v1/FeatureServer/23,,VectorDataset,/ClimateJust,0,tasmax_rcp45_2079_10p,Summer average maximum temperature moderate emissions 2070-2090 10th percentile,,True,True,False,/Summer Average Maximum Temperature/Moderate Emissions,,,data,2
46901,,e4ee5ea81f4244d6b0cd00c0ac765ce5,ClimateJust - Grid (UK) - UKCP18,ArcGISFeatureLayer,71c9876f8b4546889de4f4a5899b50d6,https://nercdsh.dev.azure.manchester.ac.uk/server/rest/services/UPRN_PoC_Web_Layer_UK_v1/FeatureServer/23,,VectorDataset,/ClimateJust,0,tasmax_rcp45_2079_50p,Summer average maximum temperature moderate emissions 2070-2090 median,,True,True,False,/Summer Average Maximum Temperature/Moderate Emissions,,,data,2
47001,,e4ee5ea81f4244d6b0cd00c0ac765ce5,ClimateJust - Grid (UK) - UKCP18,ArcGISFeatureLayer,71c9876f8b4546889de4f4a5899b50d6,https://nercdsh.dev.azure.manchester.ac.uk/server/rest/services/UPRN_PoC_Web_Layer_UK_v1/FeatureServer/23,,VectorDataset,/ClimateJust,0,tasmax_rcp45_2079_90p,Summer average maximum temperature moderate emissions 2070-2090 90th percentile,,True,True,False,/Summer Average Maximum Temperature/Moderate Emissions,,,data,2
47101,,e4ee5ea81f4244d6b0cd00c0ac765ce5,ClimateJust - Grid (UK) - UKCP18,ArcGISFeatureLayer,71c9876f8b4546889de4f4a5899b50d6,https://nercdsh.dev.azure.manchester.ac.uk/server/rest/services/UPRN_PoC_Web_Layer_UK_v1/FeatureServer/23,,VectorDataset,/ClimateJust,0,tasmax_rcp60_2019_10p,Summer average maximum temperature high emissions 2010-2030 10th percentile,,True,True,False,/Summer Average Maximum Temperature/High Emissions,,,data,2
47201,,e4ee5ea81f4244d6b0cd00c0ac765ce5,ClimateJust - Grid (UK) - UKCP18,ArcGISFeatureLayer,71c9876f8b4546889de4f4a5899b50d6,https://nercdsh.dev.azure.manchester.ac.uk/server/rest/services/UPRN_PoC_Web_Layer_UK_v1/FeatureServer/23,,VectorDataset,/ClimateJust,0,tasmax_rcp60_2019_50p,Summer average maximum temperature high emissions 2010-2030 median,,True,True,False,/Summer Average Maximum Temperature/High Emissions,,,data,2
47301,,e4ee5ea81f4244d6b0cd00c0ac765ce5,ClimateJust - Grid (UK) - UKCP18,ArcGISFeatureLayer,71c9876f8b4546889de4f4a5899b50d6,https://nercdsh.dev.azure.manchester.ac.uk/server/rest/services/UPRN_PoC_Web_Layer_UK_v1/FeatureServer/23,,VectorDataset,/ClimateJust,0,tasmax_rcp60_2019_90p,Summer average maximum temperature high emissions 2010-2030 90th percentile,,True,True,False,/Summer Average Maximum Temperature/High Emissions,,,data,2
47401,,e4ee5ea81f4244d6b0cd00c0ac765ce5,ClimateJust - Grid (UK) - UKCP18,ArcGISFeatureLayer,71c9876f8b4546889de4f4a5899b50d6,https://nercdsh.dev.azure.manchester.ac.uk/server/rest/services/UPRN_PoC_Web_Layer_UK_v1/FeatureServer/23,,VectorDataset,/ClimateJust,0,tasmax_rcp60_2049_10p,Summer average maximum temperature high emissions 2040-2060 10th percentile,,True,True,False,/Summer Average Maximum Temperature/High Emissions,,,data,2
47501,,e4ee5ea81f4244d6b0cd00c0ac765ce5,ClimateJust - Grid (UK) - UKCP18,ArcGISFeatureLayer,71c9876f8b4546889de4f4a5899b50d6,https://nercdsh.dev.azure.manchester.ac.uk/server/rest/services/UPRN_PoC_Web_Layer_UK_v1/FeatureServer/23,,VectorDataset,/ClimateJust,0,tasmax_rcp60_2049_50p,Summer average maximum temperature high emissions 2040-2060 median,,True,True,False,/Summer Average Maximum Temperature/High Emissions,,,data,2
47601,,e4ee5ea81f4244d6b0cd00c0ac765ce5,ClimateJust - Grid (UK) - UKCP18,ArcGISFeatureLayer,71c9876f8b4546889de4f4a5899b50d6,https://nercdsh.dev.azure.manchester.ac.uk/server/rest/services/UPRN_PoC_Web_Layer_UK_v1/FeatureServer/23,,VectorDataset,/ClimateJust,0,tasmax_rcp60_2049_90p,Summer average maximum temperature high emissions 2040-2060 90th percentile,,True,True,False,/Summer Average Maximum Temperature/High Emissions,,,data,2
47701,,e4ee5ea81f4244d6b0cd00c0ac765ce5,ClimateJust - Grid (UK) - UKCP18,ArcGISFeatureLayer,71c9876f8b4546889de4f4a5899b50d6,https://nercdsh.dev.azure.manchester.ac.uk/server/rest/services/UPRN_PoC_Web_Layer_UK_v1/FeatureServer/23,,VectorDataset,/ClimateJust,0,tasmax_rcp60_2079_10p,Summer average maximum temperature high emissions 2070-2090 10th percentile,,True,True,False,/Summer Average Maximum Temperature/High Emissions,,,data,2
47801,,e4ee5ea81f4244d6b0cd00c0ac765ce5,ClimateJust - Grid (UK) - UKCP18,ArcGISFeatureLayer,71c9876f8b4546889de4f4a5899b50d6,https://nercdsh.dev.azure.manchester.ac.uk/server/rest/services/UPRN_PoC_Web_Layer_UK_v1/FeatureServer/23,,VectorDataset,/ClimateJust,0,tasmax_rcp60_2079_50p,Summer average maximum temperature high emissions 2070-2090 median,,True,True,False,/Summer Average Maximum Temperature/High Emissions,,,data,2
47901,,e4ee5ea81f4244d6b0cd00c0ac765ce5,ClimateJust - Grid (UK) - UKCP18,ArcGISFeatureLayer,71c9876f8b4546889de4f4a5899b50d6,https://nercdsh.dev.azure.manchester.ac.uk/server/rest/services/UPRN_PoC_Web_Layer_UK_v1/FeatureServer/23,,VectorDataset,/ClimateJust,0,tasmax_rcp60_2079_90p,Summer average maximum temperature high emissions 2070-2090 90th percentile,,True,True,False,/Summer Average Maximum Temperature/High Emissions,,,data,2
48001,,e4ee5ea81f4244d6b0cd00c0ac765ce5,ClimateJust - Grid (UK) - UKCP18,ArcGISFeatureLayer,71c9876f8b4546889de4f4a5899b50d6,https://nercdsh.dev.azure.manchester.ac.uk/server/rest/services/UPRN_PoC_Web_Layer_UK_v1/FeatureServer/23,,VectorDataset,/ClimateJust,0,tasmax_rcp85_2019_10p,Summer average maximum temperature very high emissions 2010-2030 10th percentile,,True,True,False,/Summer Average Maximum Temperature/Very High Emissions,,,data,2
48101,,e4ee5ea81f4244d6b0cd00c0ac765ce5,ClimateJust - Grid (UK) - UKCP18,ArcGISFeatureLayer,71c9876f8b4546889de4f4a5899b50d6,https://nercdsh.dev.azure.manchester.ac.uk/server/rest/services/UPRN_PoC_Web_Layer_UK_v1/FeatureServer/23,,VectorDataset,/ClimateJust,0,tasmax_rcp85_2019_50p,Summer average maximum temperature very high emissions 2010-2030 median,,True,True,False,/Summer Average Maximum Temperature/Very High Emissions,,,data,2
48201,,e4ee5ea81f4244d6b0cd00c0ac765ce5,ClimateJust - Grid (UK) - UKCP18,ArcGISFeatureLayer,71c9876f8b4546889de4f4a5899b50d6,https://nercdsh.dev.azure.manchester.ac.uk/server/rest/services/UPRN_PoC_Web_Layer_UK_v1/FeatureServer/23,,VectorDataset,/ClimateJust,0,tasmax_rcp85_2019_90p,Summer average maximum temperature very high emissions 2010-2030 90th percentile,,True,True,False,/Summer Average Maximum Temperature/Very High Emissions,,,data,2
48301,,e4ee5ea81f4244d6b0cd00c0ac765ce5,ClimateJust - Grid (UK) - UKCP18,ArcGISFeatureLayer,71c9876f8b4546889de4f4a5899b50d6,https://nercdsh.dev.azure.manchester.ac.uk/server/rest/services/UPRN_PoC_Web_Layer_UK_v1/FeatureServer/23,,VectorDataset,/ClimateJust,0,tasmax_rcp85_2049_10p,Summer average maximum temperature very high emissions 2040-2060 10th percentile,,True,True,False,/Summer Average Maximum Temperature/Very High Emissions,,,data,2
48401,,e4ee5ea81f4244d6b0cd00c0ac765ce5,ClimateJust - Grid (UK) - UKCP18,ArcGISFeatureLayer,71c9876f8b4546889de4f4a5899b50d6,https://nercdsh.dev.azure.manchester.ac.uk/server/rest/services/UPRN_PoC_Web_Layer_UK_v1/FeatureServer/23,,VectorDataset,/ClimateJust,0,tasmax_rcp85_2049_50p,Summer average maximum temperature very high emissions 2040-2060 median,,True,True,False,/Summer Average Maximum Temperature/Very High Emissions,,,data,2
48501,,e4ee5ea81f4244d6b0cd00c0ac765ce5,ClimateJust - Grid (UK) - UKCP18,ArcGISFeatureLayer,71c9876f8b4546889de4f4a5899b50d6,https://nercdsh.dev.azure.manchester.ac.uk/server/rest/services/UPRN_PoC_Web_Layer_UK_v1/FeatureServer/23,,VectorDataset,/ClimateJust,0,tasmax_rcp85_2049_90p,Summer average maximum temperature very high emissions 2040-2060 90th percentile,,True,True,False,/Summer Average Maximum Temperature/Very High Emissions,,,data,2
48601,,e4ee5ea81f4244d6b0cd00c0ac765ce5,ClimateJust - Grid (UK) - UKCP18,ArcGISFeatureLayer,71c9876f8b4546889de4f4a5899b50d6,https://nercdsh.dev.azure.manchester.ac.uk/server/rest/services/UPRN_PoC_Web_Layer_UK_v1/FeatureServer/23,,VectorDataset,/ClimateJust,0,tasmax_rcp85_2079_10p,Summer average maximum temperature very high emissions 2070-2090 10th percentile,,True,True,False,/Summer Average Maximum Temperature/Very High Emissions,,,data,2
48701,,e4ee5ea81f4244d6b0cd00c0ac765ce5,ClimateJust - Grid (UK) - UKCP18,ArcGISFeatureLayer,71c9876f8b4546889de4f4a5899b50d6,https://nercdsh.dev.azure.manchester.ac.uk/server/rest/services/UPRN_PoC_Web_Layer_UK_v1/FeatureServer/23,,VectorDataset,/ClimateJust,0,tasmax_rcp85_2079_50p,Summer average maximum temperature very high emissions 2070-2090 median,,True,True,False,/Summer Average Maximum Temperature/Very High Emissions,,,data,2
48801,,e4ee5ea81f4244d6b0cd00c0ac765ce5,ClimateJust - Grid (UK) - UKCP18,ArcGISFeatureLayer,71c9876f8b4546889de4f4a5899b50d6,https://nercdsh.dev.azure.manchester.ac.uk/server/rest/services/UPRN_PoC_Web_Layer_UK_v1/FeatureServer/23,,VectorDataset,/ClimateJust,0,tasmax_rcp85_2079_90p,Summer average maximum temperature very high emissions 2070-2090 90th percentile,,True,True,False,/Summer Average Maximum Temperature/Very High Emissions,,,data,2
48901,,e4ee5ea81f4244d6b0cd00c0ac765ce5,ClimateJust - Grid (UK) - UKCP18,ArcGISFeatureLayer,71c9876f8b4546889de4f4a5899b50d6,https://nercdsh.dev.azure.manchester.ac.uk/server/rest/services/UPRN_PoC_Web_Layer_UK_v1/FeatureServer/23,,VectorDataset,/ClimateJust,0,z_all_rel_tas_rcp26_2019_10p,Summer average Relative Z-score temperature low emissions 2010-2030 10th percentile,,True,True,False,/Summer Average Relative Z-score Temperature/Low Emissions,,,data,2
49001,,e4ee5ea81f4244d6b0cd00c0ac765ce5,ClimateJust - Grid (UK) - UKCP18,ArcGISFeatureLayer,71c9876f8b4546889de4f4a5899b50d6,https://nercdsh.dev.azure.manchester.ac.uk/server/rest/services/UPRN_PoC_Web_Layer_UK_v1/FeatureServer/23,,VectorDataset,/ClimateJust,0,z_all_rel_tas_rcp26_2019_50p,Summer average Relative Z-score temperature low emissions 2010-2030 median,,True,True,False,/Summer Average Relative Z-score Temperature/Low Emissions,,,data,2
49101,,e4ee5ea81f4244d6b0cd00c0ac765ce5,ClimateJust - Grid (UK) - UKCP18,ArcGISFeatureLayer,71c9876f8b4546889de4f4a5899b50d6,https://nercdsh.dev.azure.manchester.ac.uk/server/rest/services/UPRN_PoC_Web_Layer_UK_v1/FeatureServer/23,,VectorDataset,/ClimateJust,0,z_all_rel_tas_rcp26_2019_90p,Summer average Relative Z-score temperature low emissions 2010-2030 90th percentile,,True,True,False,/Summer Average Relative Z-score Temperature/Low Emissions,,,data,2
49201,,e4ee5ea81f4244d6b0cd00c0ac765ce5,ClimateJust - Grid (UK) - UKCP18,ArcGISFeatureLayer,71c9876f8b4546889de4f4a5899b50d6,https://nercdsh.dev.azure.manchester.ac.uk/server/rest/services/UPRN_PoC_Web_Layer_UK_v1/FeatureServer/23,,VectorDataset,/ClimateJust,0,z_all_rel_tas_rcp26_2049_10p,Summer average Relative Z-score temperature low emissions 2040-2060 10th percentile,,True,True,False,/Summer Average Relative Z-score Temperature/Low Emissions,,,data,2
49301,,e4ee5ea81f4244d6b0cd00c0ac765ce5,ClimateJust - Grid (UK) - UKCP18,ArcGISFeatureLayer,71c9876f8b4546889de4f4a5899b50d6,https://nercdsh.dev.azure.manchester.ac.uk/server/rest/services/UPRN_PoC_Web_Layer_UK_v1/FeatureServer/23,,VectorDataset,/ClimateJust,0,z_all_rel_tas_rcp26_2049_50p,Summer average Relative Z-score temperature low emissions 2040-2060 median,,True,True,False,/Summer Average Relative Z-score Temperature/Low Emissions,,,data,2
49401,,e4ee5ea81f4244d6b0cd00c0ac765ce5,ClimateJust - Grid (UK) - UKCP18,ArcGISFeatureLayer,71c9876f8b4546889de4f4a5899b50d6,https://nercdsh.dev.azure.manchester.ac.uk/server/rest/services/UPRN_PoC_Web_Layer_UK_v1/FeatureServer/23,,VectorDataset,/ClimateJust,0,z_all_rel_tas_rcp26_2049_90p,Summer average Relative Z-score temperature low emissions 2040-2060 90th percentile,,True,True,False,/Summer Average Relative Z-score Temperature/Low Emissions,,,data,2
49501,,e4ee5ea81f4244d6b0cd00c0ac765ce5,ClimateJust - Grid (UK) - UKCP18,ArcGISFeatureLayer,71c9876f8b4546889de4f4a5899b50d6,https://nercdsh.dev.azure.manchester.ac.uk/server/rest/services/UPRN_PoC_Web_Layer_UK_v1/FeatureServer/23,,VectorDataset,/ClimateJust,0,z_all_rel_tas_rcp26_2079_10p,Summer average Relative Z-score temperature low emissions 2070-2090 10th percentile,,True,True,False,/Summer Average Relative Z-score Temperature/Low Emissions,,,data,2
49601,,e4ee5ea81f4244d6b0cd00c0ac765ce5,ClimateJust - Grid (UK) - UKCP18,ArcGISFeatureLayer,71c9876f8b4546889de4f4a5899b50d6,https://nercdsh.dev.azure.manchester.ac.uk/server/rest/services/UPRN_PoC_Web_Layer_UK_v1/FeatureServer/23,,VectorDataset,/ClimateJust,0,z_all_rel_tas_rcp26_2079_50p,Summer average Relative Z-score temperature low emissions 2070-2090 median,,True,True,False,/Summer Average Relative Z-score Temperature/Low Emissions,,,data,2
49701,,e4ee5ea81f4244d6b0cd00c0ac765ce5,ClimateJust - Grid (UK) - UKCP18,ArcGISFeatureLayer,71c9876f8b4546889de4f4a5899b50d6,https://nercdsh.dev.azure.manchester.ac.uk/server/rest/services/UPRN_PoC_Web_Layer_UK_v1/FeatureServer/23,,VectorDataset,/ClimateJust,0,z_all_rel_tas_rcp26_2079_90p,Summer average Relative Z-score temperature low emissions 2070-2090 90th percentile,,True,True,False,/Summer Average Relative Z-score Temperature/Low Emissions,,,data,2
49801,,e4ee5ea81f4244d6b0cd00c0ac765ce5,ClimateJust - Grid (UK) - UKCP18,ArcGISFeatureLayer,71c9876f8b4546889de4f4a5899b50d6,https://nercdsh.dev.azure.manchester.ac.uk/server/rest/services/UPRN_PoC_Web_Layer_UK_v1/FeatureServer/23,,VectorDataset,/ClimateJust,0,z_all_rel_tas_rcp45_2019_10p,Summer average Relative Z-score temperature moderate emissions 2010-2030 10th percentile,,True,True,False,/Summer Average Relative Z-score Temperature/Moderate Emissions,,,data,2
49901,,e4ee5ea81f4244d6b0cd00c0ac765ce5,ClimateJust - Grid (UK) - UKCP18,ArcGISFeatureLayer,71c9876f8b4546889de4f4a5899b50d6,https://nercdsh.dev.azure.manchester.ac.uk/server/rest/services/UPRN_PoC_Web_Layer_UK_v1/FeatureServer/23,,VectorDataset,/ClimateJust,0,z_all_rel_tas_rcp45_2019_50p,Summer average Relative Z-score temperature moderate emissions 2010-2030 median,,True,True,False,/Summer Average Relative Z-score Temperature/Moderate Emissions,,,data,2
50001,,e4ee5ea81f4244d6b0cd00c0ac765ce5,ClimateJust - Grid (UK) - UKCP18,ArcGISFeatureLayer,71c9876f8b4546889de4f4a5899b50d6,https://nercdsh.dev.azure.manchester.ac.uk/server/rest/services/UPRN_PoC_Web_Layer_UK_v1/FeatureServer/23,,VectorDataset,/ClimateJust,0,z_all_rel_tas_rcp45_2019_90p,Summer average Relative Z-score temperature moderate emissions 2010-2030 90th percentile,,True,True,False,/Summer Average Relative Z-score Temperature/Moderate Emissions,,,data,2
50101,,e4ee5ea81f4244d6b0cd00c0ac765ce5,ClimateJust - Grid (UK) - UKCP18,ArcGISFeatureLayer,71c9876f8b4546889de4f4a5899b50d6,https://nercdsh.dev.azure.manchester.ac.uk/server/rest/services/UPRN_PoC_Web_Layer_UK_v1/FeatureServer/23,,VectorDataset,/ClimateJust,0,z_all_rel_tas_rcp45_2049_10p,Summer average Relative Z-score temperature moderate emissions 2040-2060 10th percentile,,True,True,False,/Summer Average Relative Z-score Temperature/Moderate Emissions,,,data,2
50201,,e4ee5ea81f4244d6b0cd00c0ac765ce5,ClimateJust - Grid (UK) - UKCP18,ArcGISFeatureLayer,71c9876f8b4546889de4f4a5899b50d6,https://nercdsh.dev.azure.manchester.ac.uk/server/rest/services/UPRN_PoC_Web_Layer_UK_v1/FeatureServer/23,,VectorDataset,/ClimateJust,0,z_all_rel_tas_rcp45_2049_50p,Summer average Relative Z-score temperature moderate emissions 2040-2060 median,,True,True,False,/Summer Average Relative Z-score Temperature/Moderate Emissions,,,data,2
50301,,e4ee5ea81f4244d6b0cd00c0ac765ce5,ClimateJust - Grid (UK) - UKCP18,ArcGISFeatureLayer,71c9876f8b4546889de4f4a5899b50d6,https://nercdsh.dev.azure.manchester.ac.uk/server/rest/services/UPRN_PoC_Web_Layer_UK_v1/FeatureServer/23,,VectorDataset,/ClimateJust,0,z_all_rel_tas_rcp45_2049_90p,Summer average Relative Z-score temperature moderate emissions 2040-2060 90th percentile,,True,True,False,/Summer Average Relative Z-score Temperature/Moderate Emissions,,,data,2
50401,,e4ee5ea81f4244d6b0cd00c0ac765ce5,ClimateJust - Grid (UK) - UKCP18,ArcGISFeatureLayer,71c9876f8b4546889de4f4a5899b50d6,https://nercdsh.dev.azure.manchester.ac.uk/server/rest/services/UPRN_PoC_Web_Layer_UK_v1/FeatureServer/23,,VectorDataset,/ClimateJust,0,z_all_rel_tas_rcp45_2079_10p,Summer average Relative Z-score temperature moderate emissions 2070-2090 10th percentile,,True,True,False,/Summer Average Relative Z-score Temperature/Moderate Emissions,,,data,2
50501,,e4ee5ea81f4244d6b0cd00c0ac765ce5,ClimateJust - Grid (UK) - UKCP18,ArcGISFeatureLayer,71c9876f8b4546889de4f4a5899b50d6,https://nercdsh.dev.azure.manchester.ac.uk/server/rest/services/UPRN_PoC_Web_Layer_UK_v1/FeatureServer/23,,VectorDataset,/ClimateJust,0,z_all_rel_tas_rcp45_2079_50p,Summer average Relative Z-score temperature moderate emissions 2070-2090 median,,True,True,False,/Summer Average Relative Z-score Temperature/Moderate Emissions,,,data,2
50601,,e4ee5ea81f4244d6b0cd00c0ac765ce5,ClimateJust - Grid (UK) - UKCP18,ArcGISFeatureLayer,71c9876f8b4546889de4f4a5899b50d6,https://nercdsh.dev.azure.manchester.ac.uk/server/rest/services/UPRN_PoC_Web_Layer_UK_v1/FeatureServer/23,,VectorDataset,/ClimateJust,0,z_all_rel_tas_rcp45_2079_90p,Summer average Relative Z-score temperature moderate emissions 2070-2090 90th percentile,,True,True,False,/Summer Average Relative Z-score Temperature/Moderate Emissions,,,data,2
50701,,e4ee5ea81f4244d6b0cd00c0ac765ce5,ClimateJust - Grid (UK) - UKCP18,ArcGISFeatureLayer,71c9876f8b4546889de4f4a5899b50d6,https://nercdsh.dev.azure.manchester.ac.uk/server/rest/services/UPRN_PoC_Web_Layer_UK_v1/FeatureServer/23,,VectorDataset,/ClimateJust,0,z_all_rel_tas_rcp60_2019_10p,Summer average Relative Z-score temperature high emissions 2010-2030 10th percentile,,True,True,False,/Summer Average Relative Z-score Temperature/High Emissions,,,data,2
50801,,e4ee5ea81f4244d6b0cd00c0ac765ce5,ClimateJust - Grid (UK) - UKCP18,ArcGISFeatureLayer,71c9876f8b4546889de4f4a5899b50d6,https://nercdsh.dev.azure.manchester.ac.uk/server/rest/services/UPRN_PoC_Web_Layer_UK_v1/FeatureServer/23,,VectorDataset,/ClimateJust,0,z_all_rel_tas_rcp60_2019_50p,Summer average Relative Z-score temperature high emissions 2010-2030 median,,True,True,False,/Summer Average Relative Z-score Temperature/High Emissions,,,data,2
50901,,e4ee5ea81f4244d6b0cd00c0ac765ce5,ClimateJust - Grid (UK) - UKCP18,ArcGISFeatureLayer,71c9876f8b4546889de4f4a5899b50d6,https://nercdsh.dev.azure.manchester.ac.uk/server/rest/services/UPRN_PoC_Web_Layer_UK_v1/FeatureServer/23,,VectorDataset,/ClimateJust,0,z_all_rel_tas_rcp60_2019_90p,Summer average Relative Z-score temperature high emissions 2010-2030 90th percentile,,True,True,False,/Summer Average Relative Z-score Temperature/High Emissions,,,data,2
51001,,e4ee5ea81f4244d6b0cd00c0ac765ce5,ClimateJust - Grid (UK) - UKCP18,ArcGISFeatureLayer,71c9876f8b4546889de4f4a5899b50d6,https://nercdsh.dev.azure.manchester.ac.uk/server/rest/services/UPRN_PoC_Web_Layer_UK_v1/FeatureServer/23,,VectorDataset,/ClimateJust,0,z_all_rel_tas_rcp60_2049_10p,Summer average Relative Z-score temperature high emissions 2040-2060 10th percentile,,True,True,False,/Summer Average Relative Z-score Temperature/High Emissions,,,data,2
51101,,e4ee5ea81f4244d6b0cd00c0ac765ce5,ClimateJust - Grid (UK) - UKCP18,ArcGISFeatureLayer,71c9876f8b4546889de4f4a5899b50d6,https://nercdsh.dev.azure.manchester.ac.uk/server/rest/services/UPRN_PoC_Web_Layer_UK_v1/FeatureServer/23,,VectorDataset,/ClimateJust,0,z_all_rel_tas_rcp60_2049_50p,Summer average Relative Z-score temperature high emissions 2040-2060 median,,True,True,False,/Summer Average Relative Z-score Temperature/High Emissions,,,data,2
51201,,e4ee5ea81f4244d6b0cd00c0ac765ce5,ClimateJust - Grid (UK) - UKCP18,ArcGISFeatureLayer,71c9876f8b4546889de4f4a5899b50d6,https://nercdsh.dev.azure.manchester.ac.uk/server/rest/services/UPRN_PoC_Web_Layer_UK_v1/FeatureServer/23,,VectorDataset,/ClimateJust,0,z_all_rel_tas_rcp60_2049_90p,Summer average Relative Z-score temperature high emissions 2040-2060 90th percentile,,True,True,False,/Summer Average Relative Z-score Temperature/High Emissions,,,data,2
51301,,e4ee5ea81f4244d6b0cd00c0ac765ce5,ClimateJust - Grid (UK) - UKCP18,ArcGISFeatureLayer,71c9876f8b4546889de4f4a5899b50d6,https://nercdsh.dev.azure.manchester.ac.uk/server/rest/services/UPRN_PoC_Web_Layer_UK_v1/FeatureServer/23,,VectorDataset,/ClimateJust,0,z_all_rel_tas_rcp60_2079_10p,Summer average Relative Z-score temperature high emissions 2070-2090 10th percentile,,True,True,False,/Summer Average Relative Z-score Temperature/High Emissions,,,data,2
51401,,e4ee5ea81f4244d6b0cd00c0ac765ce5,ClimateJust - Grid (UK) - UKCP18,ArcGISFeatureLayer,71c9876f8b4546889de4f4a5899b50d6,https://nercdsh.dev.azure.manchester.ac.uk/server/rest/services/UPRN_PoC_Web_Layer_UK_v1/FeatureServer/23,,VectorDataset,/ClimateJust,0,z_all_rel_tas_rcp60_2079_50p,Summer average Relative Z-score temperature high emissions 2070-2090 median,,True,True,False,/Summer Average Relative Z-score Temperature/High Emissions,,,data,2
51501,,e4ee5ea81f4244d6b0cd00c0ac765ce5,ClimateJust - Grid (UK) - UKCP18,ArcGISFeatureLayer,71c9876f8b4546889de4f4a5899b50d6,https://nercdsh.dev.azure.manchester.ac.uk/server/rest/services/UPRN_PoC_Web_Layer_UK_v1/FeatureServer/23,,VectorDataset,/ClimateJust,0,z_all_rel_tas_rcp60_2079_90p,Summer average Relative Z-score temperature high emissions 2070-2090 90th percentile,,True,True,False,/Summer Average Relative Z-score Temperature/High Emissions,,,data,2
51601,,e4ee5ea81f4244d6b0cd00c0ac765ce5,ClimateJust - Grid (UK) - UKCP18,ArcGISFeatureLayer,71c9876f8b4546889de4f4a5899b50d6,https://nercdsh.dev.azure.manchester.ac.uk/server/rest/services/UPRN_PoC_Web_Layer_UK_v1/FeatureServer/23,,VectorDataset,/ClimateJust,0,z_all_rel_tas_rcp85_2019_10p,Summer average Relative Z-score temperature very high emissions 2010-2030 10th percentile,,True,True,False,/Summer Average Relative Z-score Temperature/Very High Emissions,,,data,2
51701,,e4ee5ea81f4244d6b0cd00c0ac765ce5,ClimateJust - Grid (UK) - UKCP18,ArcGISFeatureLayer,71c9876f8b4546889de4f4a5899b50d6,https://nercdsh.dev.azure.manchester.ac.uk/server/rest/services/UPRN_PoC_Web_Layer_UK_v1/FeatureServer/23,,VectorDataset,/ClimateJust,0,z_all_rel_tas_rcp85_2019_50p,Summer average Relative Z-score temperature very high emissions 2010-2030 median,,True,True,False,/Summer Average Relative Z-score Temperature/Very High Emissions,,,data,2
51801,,e4ee5ea81f4244d6b0cd00c0ac765ce5,ClimateJust - Grid (UK) - UKCP18,ArcGISFeatureLayer,71c9876f8b4546889de4f4a5899b50d6,https://nercdsh.dev.azure.manchester.ac.uk/server/rest/services/UPRN_PoC_Web_Layer_UK_v1/FeatureServer/23,,VectorDataset,/ClimateJust,0,z_all_rel_tas_rcp85_2019_90p,Summer average Relative Z-score temperature very high emissions 2010-2030 90th percentile,,True,True,False,/Summer Average Relative Z-score Temperature/Very High Emissions,,,data,2
51901,,e4ee5ea81f4244d6b0cd00c0ac765ce5,ClimateJust - Grid (UK) - UKCP18,ArcGISFeatureLayer,71c9876f8b4546889de4f4a5899b50d6,https://nercdsh.dev.azure.manchester.ac.uk/server/rest/services/UPRN_PoC_Web_Layer_UK_v1/FeatureServer/23,,VectorDataset,/ClimateJust,0,z_all_rel_tas_rcp85_2049_10p,Summer average Relative Z-score temperature very high emissions 2040-2060 10th percentile,,True,True,False,/Summer Average Relative Z-score Temperature/Very High Emissions,,,data,2
52001,,e4ee5ea81f4244d6b0cd00c0ac765ce5,ClimateJust - Grid (UK) - UKCP18,ArcGISFeatureLayer,71c9876f8b4546889de4f4a5899b50d6,https://nercdsh.dev.azure.manchester.ac.uk/server/rest/services/UPRN_PoC_Web_Layer_UK_v1/FeatureServer/23,,VectorDataset,/ClimateJust,0,z_all_rel_tas_rcp85_2049_50p,Summer average Relative Z-score temperature very high emissions 2040-2060 median,,True,True,False,/Summer Average Relative Z-score Temperature/Very High Emissions,,,data,2
52101,,e4ee5ea81f4244d6b0cd00c0ac765ce5,ClimateJust - Grid (UK) - UKCP18,ArcGISFeatureLayer,71c9876f8b4546889de4f4a5899b50d6,https://nercdsh.dev.azure.manchester.ac.uk/server/rest/services/UPRN_PoC_Web_Layer_UK_v1/FeatureServer/23,,VectorDataset,/ClimateJust,0,z_all_rel_tas_rcp85_2049_90p,Summer average Relative Z-score temperature very high emissions 2040-2060 90th percentile,,True,True,False,/Summer Average Relative Z-score Temperature/Very High Emissions,,,data,2
52201,,e4ee5ea81f4244d6b0cd00c0ac765ce5,ClimateJust - Grid (UK) - UKCP18,ArcGISFeatureLayer,71c9876f8b4546889de4f4a5899b50d6,https://nercdsh.dev.azure.manchester.ac.uk/server/rest/services/UPRN_PoC_Web_Layer_UK_v1/FeatureServer/23,,VectorDataset,/ClimateJust,0,z_all_rel_tas_rcp85_2079_10p,Summer average Relative Z-score temperature very high emissions 2070-2090 10th percentile,,True,True,False,/Summer Average Relative Z-score Temperature/Very High Emissions,,,data,2
52301,,e4ee5ea81f4244d6b0cd00c0ac765ce5,ClimateJust - Grid (UK) - UKCP18,ArcGISFeatureLayer,71c9876f8b4546889de4f4a5899b50d6,https://nercdsh.dev.azure.manchester.ac.uk/server/rest/services/UPRN_PoC_Web_Layer_UK_v1/FeatureServer/23,,VectorDataset,/ClimateJust,0,z_all_rel_tas_rcp85_2079_50p,Summer average Relative Z-score temperature very high emissions 2070-2090 median,,True,True,False,/Summer Average Relative Z-score Temperature/Very High Emissions,,,data,2
52401,,e4ee5ea81f4244d6b0cd00c0ac765ce5,ClimateJust - Grid (UK) - UKCP18,ArcGISFeatureLayer,71c9876f8b4546889de4f4a5899b50d6,https://nercdsh.dev.azure.manchester.ac.uk/server/rest/services/UPRN_PoC_Web_Layer_UK_v1/FeatureServer/23,,VectorDataset,/ClimateJust,0,z_all_rel_tas_rcp85_2079_90p,Summer average Relative Z-score temperature very high emissions 2070-2090 90th percentile,,True,True,False,/Summer Average Relative Z-score Temperature/Very High Emissions,,,data,2
52501,,e4ee5ea81f4244d6b0cd00c0ac765ce5,ClimateJust - Grid (UK) - UKCP18,ArcGISFeatureLayer,71c9876f8b4546889de4f4a5899b50d6,https://nercdsh.dev.azure.manchester.ac.uk/server/rest/services/UPRN_PoC_Web_Layer_UK_v1/FeatureServer/23,,VectorDataset,/ClimateJust,0,z_all_rel_tasmax_rcp26_2019_10p,Summer average Relative Z-score maximum temperature low emissions 2010-2030 10th percentile,,True,True,False,/Summer Average Relative Z-score Maximum Temperature/Low Emissions,,,data,2
52601,,e4ee5ea81f4244d6b0cd00c0ac765ce5,ClimateJust - Grid (UK) - UKCP18,ArcGISFeatureLayer,71c9876f8b4546889de4f4a5899b50d6,https://nercdsh.dev.azure.manchester.ac.uk/server/rest/services/UPRN_PoC_Web_Layer_UK_v1/FeatureServer/23,,VectorDataset,/ClimateJust,0,z_all_rel_tasmax_rcp26_2019_50p,Summer average Relative Z-score maximum temperature low emissions 2010-2030 median,,True,True,False,/Summer Average Relative Z-score Maximum Temperature/Low Emissions,,,data,2
52701,,e4ee5ea81f4244d6b0cd00c0ac765ce5,ClimateJust - Grid (UK) - UKCP18,ArcGISFeatureLayer,71c9876f8b4546889de4f4a5899b50d6,https://nercdsh.dev.azure.manchester.ac.uk/server/rest/services/UPRN_PoC_Web_Layer_UK_v1/FeatureServer/23,,VectorDataset,/ClimateJust,0,z_all_rel_tasmax_rcp26_2019_90p,Summer average Relative Z-score maximum temperature low emissions 2010-2030 90th percentile,,True,True,False,/Summer Average Relative Z-score Maximum Temperature/Low Emissions,,,data,2
52801,,e4ee5ea81f4244d6b0cd00c0ac765ce5,ClimateJust - Grid (UK) - UKCP18,ArcGISFeatureLayer,71c9876f8b4546889de4f4a5899b50d6,https://nercdsh.dev.azure.manchester.ac.uk/server/rest/services/UPRN_PoC_Web_Layer_UK_v1/FeatureServer/23,,VectorDataset,/ClimateJust,0,z_all_rel_tasmax_rcp26_2049_10p,Summer average Relative Z-score maximum temperature low emissions 2040-2060 10th percentile,,True,True,False,/Summer Average Relative Z-score Maximum Temperature/Low Emissions,,,data,2
52901,,e4ee5ea81f4244d6b0cd00c0ac765ce5,ClimateJust - Grid (UK) - UKCP18,ArcGISFeatureLayer,71c9876f8b4546889de4f4a5899b50d6,https://nercdsh.dev.azure.manchester.ac.uk/server/rest/services/UPRN_PoC_Web_Layer_UK_v1/FeatureServer/23,,VectorDataset,/ClimateJust,0,z_all_rel_tasmax_rcp26_2049_50p,Summer average Relative Z-score maximum temperature low emissions 2040-2060 median,,True,True,False,/Summer Average Relative Z-score Maximum Temperature/Low Emissions,,,data,2
53001,,e4ee5ea81f4244d6b0cd00c0ac765ce5,ClimateJust - Grid (UK) - UKCP18,ArcGISFeatureLayer,71c9876f8b4546889de4f4a5899b50d6,https://nercdsh.dev.azure.manchester.ac.uk/server/rest/services/UPRN_PoC_Web_Layer_UK_v1/FeatureServer/23,,VectorDataset,/ClimateJust,0,z_all_rel_tasmax_rcp26_2049_90p,Summer average Relative Z-score maximum temperature low emissions 2040-2060 90th percentile,,True,True,False,/Summer Average Relative Z-score Maximum Temperature/Low Emissions,,,data,2
53101,,e4ee5ea81f4244d6b0cd00c0ac765ce5,ClimateJust - Grid (UK) - UKCP18,ArcGISFeatureLayer,71c9876f8b4546889de4f4a5899b50d6,https://nercdsh.dev.azure.manchester.ac.uk/server/rest/services/UPRN_PoC_Web_Layer_UK_v1/FeatureServer/23,,VectorDataset,/ClimateJust,0,z_all_rel_tasmax_rcp26_2079_10p,Summer average Relative Z-score maximum temperature low emissions 2070-2090 10th percentile,,True,True,False,/Summer Average Relative Z-score Maximum Temperature/Low Emissions,,,data,2
53201,,e4ee5ea81f4244d6b0cd00c0ac765ce5,ClimateJust - Grid (UK) - UKCP18,ArcGISFeatureLayer,71c9876f8b4546889de4f4a5899b50d6,https://nercdsh.dev.azure.manchester.ac.uk/server/rest/services/UPRN_PoC_Web_Layer_UK_v1/FeatureServer/23,,VectorDataset,/ClimateJust,0,z_all_rel_tasmax_rcp26_2079_50p,Summer average Relative Z-score maximum temperature low emissions 2070-2090 median,,True,True,False,/Summer Average Relative Z-score Maximum Temperature/Low Emissions,,,data,2
53301,,e4ee5ea81f4244d6b0cd00c0ac765ce5,ClimateJust - Grid (UK) - UKCP18,ArcGISFeatureLayer,71c9876f8b4546889de4f4a5899b50d6,https://nercdsh.dev.azure.manchester.ac.uk/server/rest/services/UPRN_PoC_Web_Layer_UK_v1/FeatureServer/23,,VectorDataset,/ClimateJust,0,z_all_rel_tasmax_rcp26_2079_90p,Summer average Relative Z-score maximum temperature low emissions 2070-2090 90th percentile,,True,True,False,/Summer Average Relative Z-score Maximum Temperature/Low Emissions,,,data,2
53401,,e4ee5ea81f4244d6b0cd00c0ac765ce5,ClimateJust - Grid (UK) - UKCP18,ArcGISFeatureLayer,71c9876f8b4546889de4f4a5899b50d6,https://nercdsh.dev.azure.manchester.ac.uk/server/rest/services/UPRN_PoC_Web_Layer_UK_v1/FeatureServer/23,,VectorDataset,/ClimateJust,0,z_all_rel_tasmax_rcp45_2019_10p,Summer average Relative Z-score maximum temperature moderate emissions 2010-2030 10th percentile,,True,True,False,/Summer Average Relative Z-score Maximum Temperature/Moderate Emissions,,,data,2
53501,,e4ee5ea81f4244d6b0cd00c0ac765ce5,ClimateJust - Grid (UK) - UKCP18,ArcGISFeatureLayer,71c9876f8b4546889de4f4a5899b50d6,https://nercdsh.dev.azure.manchester.ac.uk/server/rest/services/UPRN_PoC_Web_Layer_UK_v1/FeatureServer/23,,VectorDataset,/ClimateJust,0,z_all_rel_tasmax_rcp45_2019_50p,Summer average Relative Z-score maximum temperature moderate emissions 2010-2030 median,,True,True,False,/Summer Average Relative Z-score Maximum Temperature/Moderate Emissions,,,data,2
53601,,e4ee5ea81f4244d6b0cd00c0ac765ce5,ClimateJust - Grid (UK) - UKCP18,ArcGISFeatureLayer,71c9876f8b4546889de4f4a5899b50d6,https://nercdsh.dev.azure.manchester.ac.uk/server/rest/services/UPRN_PoC_Web_Layer_UK_v1/FeatureServer/23,,VectorDataset,/ClimateJust,0,z_all_rel_tasmax_rcp45_2019_90p,Summer average Relative Z-score maximum temperature moderate emissions 2010-2030 90th percentile,,True,True,False,/Summer Average Relative Z-score Maximum Temperature/Moderate Emissions,,,data,2
53701,,e4ee5ea81f4244d6b0cd00c0ac765ce5,ClimateJust - Grid (UK) - UKCP18,ArcGISFeatureLayer,71c9876f8b4546889de4f4a5899b50d6,https://nercdsh.dev.azure.manchester.ac.uk/server/rest/services/UPRN_PoC_Web_Layer_UK_v1/FeatureServer/23,,VectorDataset,/ClimateJust,0,z_all_rel_tasmax_rcp45_2049_10p,Summer average Relative Z-score maximum temperature moderate emissions 2040-2060 10th percentile,,True,True,False,/Summer Average Relative Z-score Maximum Temperature/Moderate Emissions,,,data,2
53801,,e4ee5ea81f4244d6b0cd00c0ac765ce5,ClimateJust - Grid (UK) - UKCP18,ArcGISFeatureLayer,71c9876f8b4546889de4f4a5899b50d6,https://nercdsh.dev.azure.manchester.ac.uk/server/rest/services/UPRN_PoC_Web_Layer_UK_v1/FeatureServer/23,,VectorDataset,/ClimateJust,0,z_all_rel_tasmax_rcp45_2049_50p,Summer average Relative Z-score maximum temperature moderate emissions 2040-2060 median,,True,True,False,/Summer Average Relative Z-score Maximum Temperature/Moderate Emissions,,,data,2
53901,,e4ee5ea81f4244d6b0cd00c0ac765ce5,ClimateJust - Grid (UK) - UKCP18,ArcGISFeatureLayer,71c9876f8b4546889de4f4a5899b50d6,https://nercdsh.dev.azure.manchester.ac.uk/server/rest/services/UPRN_PoC_Web_Layer_UK_v1/FeatureServer/23,,VectorDataset,/ClimateJust,0,z_all_rel_tasmax_rcp45_2049_90p,Summer average Relative Z-score maximum temperature moderate emissions 2040-2060 90th percentile,,True,True,False,/Summer Average Relative Z-score Maximum Temperature/Moderate Emissions,,,data,2
54001,,e4ee5ea81f4244d6b0cd00c0ac765ce5,ClimateJust - Grid (UK) - UKCP18,ArcGISFeatureLayer,71c9876f8b4546889de4f4a5899b50d6,https://nercdsh.dev.azure.manchester.ac.uk/server/rest/services/UPRN_PoC_Web_Layer_UK_v1/FeatureServer/23,,VectorDataset,/ClimateJust,0,z_all_rel_tasmax_rcp45_2079_10p,Summer average Relative Z-score maximum temperature moderate emissions 2070-2090 10th percentile,,True,True,False,/Summer Average Relative Z-score Maximum Temperature/Moderate Emissions,,,data,2
54101,,e4ee5ea81f4244d6b0cd00c0ac765ce5,ClimateJust - Grid (UK) - UKCP18,ArcGISFeatureLayer,71c9876f8b4546889de4f4a5899b50d6,https://nercdsh.dev.azure.manchester.ac.uk/server/rest/services/UPRN_PoC_Web_Layer_UK_v1/FeatureServer/23,,VectorDataset,/ClimateJust,0,z_all_rel_tasmax_rcp45_2079_50p,Summer average Relative Z-score maximum temperature moderate emissions 2070-2090 median,,True,True,False,/Summer Average Relative Z-score Maximum Temperature/Moderate Emissions,,,data,2
54201,,e4ee5ea81f4244d6b0cd00c0ac765ce5,ClimateJust - Grid (UK) - UKCP18,ArcGISFeatureLayer,71c9876f8b4546889de4f4a5899b50d6,https://nercdsh.dev.azure.manchester.ac.uk/server/rest/services/UPRN_PoC_Web_Layer_UK_v1/FeatureServer/23,,VectorDataset,/ClimateJust,0,z_all_rel_tasmax_rcp45_2079_90p,Summer average Relative Z-score maximum temperature moderate emissions 2070-2090 90th percentile,,True,True,False,/Summer Average Relative Z-score Maximum Temperature/Moderate Emissions,,,data,2
54301,,e4ee5ea81f4244d6b0cd00c0ac765ce5,ClimateJust - Grid (UK) - UKCP18,ArcGISFeatureLayer,71c9876f8b4546889de4f4a5899b50d6,https://nercdsh.dev.azure.manchester.ac.uk/server/rest/services/UPRN_PoC_Web_Layer_UK_v1/FeatureServer/23,,VectorDataset,/ClimateJust,0,z_all_rel_tasmax_rcp60_2019_10p,Summer average Relative Z-score maximum temperature high emissions 2010-2030 10th percentile,,True,True,False,/Summer Average Relative Z-score Maximum Temperature/High Emissions,,,data,2
54401,,e4ee5ea81f4244d6b0cd00c0ac765ce5,ClimateJust - Grid (UK) - UKCP18,ArcGISFeatureLayer,71c9876f8b4546889de4f4a5899b50d6,https://nercdsh.dev.azure.manchester.ac.uk/server/rest/services/UPRN_PoC_Web_Layer_UK_v1/FeatureServer/23,,VectorDataset,/ClimateJust,0,z_all_rel_tasmax_rcp60_2019_50p,Summer average Relative Z-score maximum temperature high emissions 2010-2030 median,,True,True,False,/Summer Average Relative Z-score Maximum Temperature/High Emissions,,,data,2
54501,,e4ee5ea81f4244d6b0cd00c0ac765ce5,ClimateJust - Grid (UK) - UKCP18,ArcGISFeatureLayer,71c9876f8b4546889de4f4a5899b50d6,https://nercdsh.dev.azure.manchester.ac.uk/server/rest/services/UPRN_PoC_Web_Layer_UK_v1/FeatureServer/23,,VectorDataset,/ClimateJust,0,z_all_rel_tasmax_rcp60_2019_90p,Summer average Relative Z-score maximum temperature high emissions 2010-2030 90th percentile,,True,True,False,/Summer Average Relative Z-score Maximum Temperature/High Emissions,,,data,2
54601,,e4ee5ea81f4244d6b0cd00c0ac765ce5,ClimateJust - Grid (UK) - UKCP18,ArcGISFeatureLayer,71c9876f8b4546889de4f4a5899b50d6,https://nercdsh.dev.azure.manchester.ac.uk/server/rest/services/UPRN_PoC_Web_Layer_UK_v1/FeatureServer/23,,VectorDataset,/ClimateJust,0,z_all_rel_tasmax_rcp60_2049_10p,Summer average Relative Z-score maximum temperature high emissions 2040-2060 10th percentile,,True,True,False,/Summer Average Relative Z-score Maximum Temperature/High Emissions,,,data,2
54701,,e4ee5ea81f4244d6b0cd00c0ac765ce5,ClimateJust - Grid (UK) - UKCP18,ArcGISFeatureLayer,71c9876f8b4546889de4f4a5899b50d6,https://nercdsh.dev.azure.manchester.ac.uk/server/rest/services/UPRN_PoC_Web_Layer_UK_v1/FeatureServer/23,,VectorDataset,/ClimateJust,0,z_all_rel_tasmax_rcp60_2049_50p,Summer average Relative Z-score maximum temperature high emissions 2040-2060 median,,True,True,False,/Summer Average Relative Z-score Maximum Temperature/High Emissions,,,data,2
54801,,e4ee5ea81f4244d6b0cd00c0ac765ce5,ClimateJust - Grid (UK) - UKCP18,ArcGISFeatureLayer,71c9876f8b4546889de4f4a5899b50d6,https://nercdsh.dev.azure.manchester.ac.uk/server/rest/services/UPRN_PoC_Web_Layer_UK_v1/FeatureServer/23,,VectorDataset,/ClimateJust,0,z_all_rel_tasmax_rcp60_2049_90p,Summer average Relative Z-score maximum temperature high emissions 2040-2060 90th percentile,,True,True,False,/Summer Average Relative Z-score Maximum Temperature/High Emissions,,,data,2
54901,,e4ee5ea81f4244d6b0cd00c0ac765ce5,ClimateJust - Grid (UK) - UKCP18,ArcGISFeatureLayer,71c9876f8b4546889de4f4a5899b50d6,https://nercdsh.dev.azure.manchester.ac.uk/server/rest/services/UPRN_PoC_Web_Layer_UK_v1/FeatureServer/23,,VectorDataset,/ClimateJust,0,z_all_rel_tasmax_rcp60_2079_10p,Summer average Relative Z-score maximum temperature high emissions 2070-2090 10th percentile,,True,True,False,/Summer Average Relative Z-score Maximum Temperature/High Emissions,,,data,2
55001,,e4ee5ea81f4244d6b0cd00c0ac765ce5,ClimateJust - Grid (UK) - UKCP18,ArcGISFeatureLayer,71c9876f8b4546889de4f4a5899b50d6,https://nercdsh.dev.azure.manchester.ac.uk/server/rest/services/UPRN_PoC_Web_Layer_UK_v1/FeatureServer/23,,VectorDataset,/ClimateJust,0,z_all_rel_tasmax_rcp60_2079_50p,Summer average Relative Z-score maximum temperature high emissions 2070-2090 median,,True,True,False,/Summer Average Relative Z-score Maximum Temperature/High Emissions,,,data,2
55101,,e4ee5ea81f4244d6b0cd00c0ac765ce5,ClimateJust - Grid (UK) - UKCP18,ArcGISFeatureLayer,71c9876f8b4546889de4f4a5899b50d6,https://nercdsh.dev.azure.manchester.ac.uk/server/rest/services/UPRN_PoC_Web_Layer_UK_v1/FeatureServer/23,,VectorDataset,/ClimateJust,0,z_all_rel_tasmax_rcp60_2079_90p,Summer average Relative Z-score maximum temperature high emissions 2070-2090 90th percentile,,True,True,False,/Summer Average Relative Z-score Maximum Temperature/High Emissions,,,data,2
55201,,e4ee5ea81f4244d6b0cd00c0ac765ce5,ClimateJust - Grid (UK) - UKCP18,ArcGISFeatureLayer,71c9876f8b4546889de4f4a5899b50d6,https://nercdsh.dev.azure.manchester.ac.uk/server/rest/services/UPRN_PoC_Web_Layer_UK_v1/FeatureServer/23,,VectorDataset,/ClimateJust,0,z_all_rel_tasmax_rcp85_2019_10p,Summer average Relative Z-score maximum temperature very high emissions 2010-2030 10th percentile,,True,True,False,/Summer Average Relative Z-score Maximum Temperature/Very High Emissions,,,data,2
55301,,e4ee5ea81f4244d6b0cd00c0ac765ce5,ClimateJust - Grid (UK) - UKCP18,ArcGISFeatureLayer,71c9876f8b4546889de4f4a5899b50d6,https://nercdsh.dev.azure.manchester.ac.uk/server/rest/services/UPRN_PoC_Web_Layer_UK_v1/FeatureServer/23,,VectorDataset,/ClimateJust,0,z_all_rel_tasmax_rcp85_2019_50p,Summer average Relative Z-score maximum temperature very high emissions 2010-2030 median,,True,True,False,/Summer Average Relative Z-score Maximum Temperature/Very High Emissions,,,data,2
55401,,e4ee5ea81f4244d6b0cd00c0ac765ce5,ClimateJust - Grid (UK) - UKCP18,ArcGISFeatureLayer,71c9876f8b4546889de4f4a5899b50d6,https://nercdsh.dev.azure.manchester.ac.uk/server/rest/services/UPRN_PoC_Web_Layer_UK_v1/FeatureServer/23,,VectorDataset,/ClimateJust,0,z_all_rel_tasmax_rcp85_2019_90p,Summer average Relative Z-score maximum temperature very high emissions 2010-2030 90th percentile,,True,True,False,/Summer Average Relative Z-score Maximum Temperature/Very High Emissions,,,data,2
55501,,e4ee5ea81f4244d6b0cd00c0ac765ce5,ClimateJust - Grid (UK) - UKCP18,ArcGISFeatureLayer,71c9876f8b4546889de4f4a5899b50d6,https://nercdsh.dev.azure.manchester.ac.uk/server/rest/services/UPRN_PoC_Web_Layer_UK_v1/FeatureServer/23,,VectorDataset,/ClimateJust,0,z_all_rel_tasmax_rcp85_2049_10p,Summer average Relative Z-score maximum temperature very high emissions 2040-2060 10th percentile,,True,True,False,/Summer Average Relative Z-score Maximum Temperature/Very High Emissions,,,data,2
55601,,e4ee5ea81f4244d6b0cd00c0ac765ce5,ClimateJust - Grid (UK) - UKCP18,ArcGISFeatureLayer,71c9876f8b4546889de4f4a5899b50d6,https://nercdsh.dev.azure.manchester.ac.uk/server/rest/services/UPRN_PoC_Web_Layer_UK_v1/FeatureServer/23,,VectorDataset,/ClimateJust,0,z_all_rel_tasmax_rcp85_2049_50p,Summer average Relative Z-score maximum temperature very high emissions 2040-2060 median,,True,True,False,/Summer Average Relative Z-score Maximum Temperature/Very High Emissions,,,data,2
55701,,e4ee5ea81f4244d6b0cd00c0ac765ce5,ClimateJust - Grid (UK) - UKCP18,ArcGISFeatureLayer,71c9876f8b4546889de4f4a5899b50d6,https://nercdsh.dev.azure.manchester.ac.uk/server/rest/services/UPRN_PoC_Web_Layer_UK_v1/FeatureServer/23,,VectorDataset,/ClimateJust,0,z_all_rel_tasmax_rcp85_2049_90p,Summer average Relative Z-score maximum temperature very high emissions 2040-2060 90th percentile,,True,True,False,/Summer Average Relative Z-score Maximum Temperature/Very High Emissions,,,data,2
55801,,e4ee5ea81f4244d6b0cd00c0ac765ce5,ClimateJust - Grid (UK) - UKCP18,ArcGISFeatureLayer,71c9876f8b4546889de4f4a5899b50d6,https://nercdsh.dev.azure.manchester.ac.uk/server/rest/services/UPRN_PoC_Web_Layer_UK_v1/FeatureServer/23,,VectorDataset,/ClimateJust,0,z_all_rel_tasmax_rcp85_2079_10p,Summer average Relative Z-score maximum temperature very high emissions 2070-2090 10th percentile,,True,True,False,/Summer Average Relative Z-score Maximum Temperature/Very High Emissions,,,data,2
55901,,e4ee5ea81f4244d6b0cd00c0ac765ce5,ClimateJust - Grid (UK) - UKCP18,ArcGISFeatureLayer,71c9876f8b4546889de4f4a5899b50d6,https://nercdsh.dev.azure.manchester.ac.uk/server/rest/services/UPRN_PoC_Web_Layer_UK_v1/FeatureServer/23,,VectorDataset,/ClimateJust,0,z_all_rel_tasmax_rcp85_2079_50p,Summer average Relative Z-score maximum temperature very high emissions 2070-2090 median,,True,True,False,/Summer Average Relative Z-score Maximum Temperature/Very High Emissions,,,data,2
56001,,e4ee5ea81f4244d6b0cd00c0ac765ce5,ClimateJust - Grid (UK) - UKCP18,ArcGISFeatureLayer,71c9876f8b4546889de4f4a5899b50d6,https://nercdsh.dev.azure.manchester.ac.uk/server/rest/services/UPRN_PoC_Web_Layer_UK_v1/FeatureServer/23,,VectorDataset,/ClimateJust,0,z_all_rel_tasmax_rcp85_2079_90p,Summer average Relative Z-score maximum temperature very high emissions 2070-2090 90th percentile,,True,True,False,/Summer Average Relative Z-score Maximum Temperature/Very High Emissions,,,data,2
56101,,e4ee5ea81f4244d6b0cd00c0ac765ce5,ClimateJust - Grid (UK) - UKCP18,ArcGISFeatureLayer,71c9876f8b4546889de4f4a5899b50d6,https://nercdsh.dev.azure.manchester.ac.uk/server/rest/services/UPRN_PoC_Web_Layer_UK_v1/FeatureServer/23,,VectorDataset,/ClimateJust,0,tasmax_rcp26_rp20_2020_10p,Summer extreme maximum temperature low emissions 20 year return period 2020 10th percentile,,True,True,False,/Summer Extreme Maximum Temperature/Low Emissions,,,data,2
56201,,e4ee5ea81f4244d6b0cd00c0ac765ce5,ClimateJust - Grid (UK) - UKCP18,ArcGISFeatureLayer,71c9876f8b4546889de4f4a5899b50d6,https://nercdsh.dev.azure.manchester.ac.uk/server/rest/services/UPRN_PoC_Web_Layer_UK_v1/FeatureServer/23,,VectorDataset,/ClimateJust,0,tasmax_rcp26_rp20_2020_50p,Summer extreme maximum temperature low emissions 20 year return period 2020 median,,True,True,False,/Summer Extreme Maximum Temperature/Low Emissions,,,data,2
56301,,e4ee5ea81f4244d6b0cd00c0ac765ce5,ClimateJust - Grid (UK) - UKCP18,ArcGISFeatureLayer,71c9876f8b4546889de4f4a5899b50d6,https://nercdsh.dev.azure.manchester.ac.uk/server/rest/services/UPRN_PoC_Web_Layer_UK_v1/FeatureServer/23,,VectorDataset,/ClimateJust,0,tasmax_rcp26_rp20_2020_90p,Summer extreme maximum temperature low emissions 20 year return period 2020 90th percentile,,True,True,False,/Summer Extreme Maximum Temperature/Low Emissions,,,data,2
56401,,e4ee5ea81f4244d6b0cd00c0ac765ce5,ClimateJust - Grid (UK) - UKCP18,ArcGISFeatureLayer,71c9876f8b4546889de4f4a5899b50d6,https://nercdsh.dev.azure.manchester.ac.uk/server/rest/services/UPRN_PoC_Web_Layer_UK_v1/FeatureServer/23,,VectorDataset,/ClimateJust,0,tasmax_rcp26_rp20_2050_10p,Summer extreme maximum temperature low emissions 20 year return period 2050 10th percentile,,True,True,False,/Summer Extreme Maximum Temperature/Low Emissions,,,data,2
56501,,e4ee5ea81f4244d6b0cd00c0ac765ce5,ClimateJust - Grid (UK) - UKCP18,ArcGISFeatureLayer,71c9876f8b4546889de4f4a5899b50d6,https://nercdsh.dev.azure.manchester.ac.uk/server/rest/services/UPRN_PoC_Web_Layer_UK_v1/FeatureServer/23,,VectorDataset,/ClimateJust,0,tasmax_rcp26_rp20_2050_50p,Summer extreme maximum temperature low emissions 20 year return period 2050 median,,True,True,False,/Summer Extreme Maximum Temperature/Low Emissions,,,data,2
56601,,e4ee5ea81f4244d6b0cd00c0ac765ce5,ClimateJust - Grid (UK) - UKCP18,ArcGISFeatureLayer,71c9876f8b4546889de4f4a5899b50d6,https://nercdsh.dev.azure.manchester.ac.uk/server/rest/services/UPRN_PoC_Web_Layer_UK_v1/FeatureServer/23,,VectorDataset,/ClimateJust,0,tasmax_rcp26_rp20_2050_90p,Summer extreme maximum temperature low emissions 20 year return period 2050 90th percentile,,True,True,False,/Summer Extreme Maximum Temperature/Low Emissions,,,data,2
56701,,e4ee5ea81f4244d6b0cd00c0ac765ce5,ClimateJust - Grid (UK) - UKCP18,ArcGISFeatureLayer,71c9876f8b4546889de4f4a5899b50d6,https://nercdsh.dev.azure.manchester.ac.uk/server/rest/services/UPRN_PoC_Web_Layer_UK_v1/FeatureServer/23,,VectorDataset,/ClimateJust,0,tasmax_rcp26_rp20_2080_10p,Summer extreme maximum temperature low emissions 20 year return period 2080 10th percentile,,True,True,False,/Summer Extreme Maximum Temperature/Low Emissions,,,data,2
56801,,e4ee5ea81f4244d6b0cd00c0ac765ce5,ClimateJust - Grid (UK) - UKCP18,ArcGISFeatureLayer,71c9876f8b4546889de4f4a5899b50d6,https://nercdsh.dev.azure.manchester.ac.uk/server/rest/services/UPRN_PoC_Web_Layer_UK_v1/FeatureServer/23,,VectorDataset,/ClimateJust,0,tasmax_rcp26_rp20_2080_50p,Summer extreme maximum temperature low emissions 20 year return period 2080 median,,True,True,False,/Summer Extreme Maximum Temperature/Low Emissions,,,data,2
56901,,e4ee5ea81f4244d6b0cd00c0ac765ce5,ClimateJust - Grid (UK) - UKCP18,ArcGISFeatureLayer,71c9876f8b4546889de4f4a5899b50d6,https://nercdsh.dev.azure.manchester.ac.uk/server/rest/services/UPRN_PoC_Web_Layer_UK_v1/FeatureServer/23,,VectorDataset,/ClimateJust,0,tasmax_rcp26_rp20_2080_90p,Summer extreme maximum temperature low emissions 20 year return period 2080 90th percentile,,True,True,False,/Summer Extreme Maximum Temperature/Low Emissions,,,data,2
57001,,e4ee5ea81f4244d6b0cd00c0ac765ce5,ClimateJust - Grid (UK) - UKCP18,ArcGISFeatureLayer,71c9876f8b4546889de4f4a5899b50d6,https://nercdsh.dev.azure.manchester.ac.uk/server/rest/services/UPRN_PoC_Web_Layer_UK_v1/FeatureServer/23,,VectorDataset,/ClimateJust,0,tasmax_rcp26_rp50_2020_10p,Summer extreme maximum temperature low emissions 50 year return period 2020 10th percentile,,True,True,False,/Summer Extreme Maximum Temperature/Low Emissions,,,data,2
57101,,e4ee5ea81f4244d6b0cd00c0ac765ce5,ClimateJust - Grid (UK) - UKCP18,ArcGISFeatureLayer,71c9876f8b4546889de4f4a5899b50d6,https://nercdsh.dev.azure.manchester.ac.uk/server/rest/services/UPRN_PoC_Web_Layer_UK_v1/FeatureServer/23,,VectorDataset,/ClimateJust,0,tasmax_rcp26_rp50_2020_50p,Summer extreme maximum temperature low emissions 50 year return period 2020 median,,True,True,False,/Summer Extreme Maximum Temperature/Low Emissions,,,data,2
57201,,e4ee5ea81f4244d6b0cd00c0ac765ce5,ClimateJust - Grid (UK) - UKCP18,ArcGISFeatureLayer,71c9876f8b4546889de4f4a5899b50d6,https://nercdsh.dev.azure.manchester.ac.uk/server/rest/services/UPRN_PoC_Web_Layer_UK_v1/FeatureServer/23,,VectorDataset,/ClimateJust,0,tasmax_rcp26_rp50_2020_90p,Summer extreme maximum temperature low emissions 50 year return period 2020 90th percentile,,True,True,False,/Summer Extreme Maximum Temperature/Low Emissions,,,data,2
57301,,e4ee5ea81f4244d6b0cd00c0ac765ce5,ClimateJust - Grid (UK) - UKCP18,ArcGISFeatureLayer,71c9876f8b4546889de4f4a5899b50d6,https://nercdsh.dev.azure.manchester.ac.uk/server/rest/services/UPRN_PoC_Web_Layer_UK_v1/FeatureServer/23,,VectorDataset,/ClimateJust,0,tasmax_rcp26_rp50_2050_10p,Summer extreme maximum temperature low emissions 50 year return period 2050 10th percentile,,True,True,False,/Summer Extreme Maximum Temperature/Low Emissions,,,data,2
57401,,e4ee5ea81f4244d6b0cd00c0ac765ce5,ClimateJust - Grid (UK) - UKCP18,ArcGISFeatureLayer,71c9876f8b4546889de4f4a5899b50d6,https://nercdsh.dev.azure.manchester.ac.uk/server/rest/services/UPRN_PoC_Web_Layer_UK_v1/FeatureServer/23,,VectorDataset,/ClimateJust,0,tasmax_rcp26_rp50_2050_50p,Summer extreme maximum temperature low emissions 50 year return period 2050 median,,True,True,False,/Summer Extreme Maximum Temperature/Low Emissions,,,data,2
57501,,e4ee5ea81f4244d6b0cd00c0ac765ce5,ClimateJust - Grid (UK) - UKCP18,ArcGISFeatureLayer,71c9876f8b4546889de4f4a5899b50d6,https://nercdsh.dev.azure.manchester.ac.uk/server/rest/services/UPRN_PoC_Web_Layer_UK_v1/FeatureServer/23,,VectorDataset,/ClimateJust,0,tasmax_rcp26_rp50_2050_90p,Summer extreme maximum temperature low emissions 50 year return period 2050 90th percentile,,True,True,False,/Summer Extreme Maximum Temperature/Low Emissions,,,data,2
57601,,e4ee5ea81f4244d6b0cd00c0ac765ce5,ClimateJust - Grid (UK) - UKCP18,ArcGISFeatureLayer,71c9876f8b4546889de4f4a5899b50d6,https://nercdsh.dev.azure.manchester.ac.uk/server/rest/services/UPRN_PoC_Web_Layer_UK_v1/FeatureServer/23,,VectorDataset,/ClimateJust,0,tasmax_rcp26_rp50_2080_10p,Summer extreme maximum temperature low emissions 50 year return period 2080 10th percentile,,True,True,False,/Summer Extreme Maximum Temperature/Low Emissions,,,data,2
57701,,e4ee5ea81f4244d6b0cd00c0ac765ce5,ClimateJust - Grid (UK) - UKCP18,ArcGISFeatureLayer,71c9876f8b4546889de4f4a5899b50d6,https://nercdsh.dev.azure.manchester.ac.uk/server/rest/services/UPRN_PoC_Web_Layer_UK_v1/FeatureServer/23,,VectorDataset,/ClimateJust,0,tasmax_rcp26_rp50_2080_50p,Summer extreme maximum temperature low emissions 50 year return period 2080 median,,True,True,False,/Summer Extreme Maximum Temperature/Low Emissions,,,data,2
57801,,e4ee5ea81f4244d6b0cd00c0ac765ce5,ClimateJust - Grid (UK) - UKCP18,ArcGISFeatureLayer,71c9876f8b4546889de4f4a5899b50d6,https://nercdsh.dev.azure.manchester.ac.uk/server/rest/services/UPRN_PoC_Web_Layer_UK_v1/FeatureServer/23,,VectorDataset,/ClimateJust,0,tasmax_rcp26_rp50_2080_90p,Summer extreme maximum temperature low emissions 50 year return period 2080 90th percentile,,True,True,False,/Summer Extreme Maximum Temperature/Low Emissions,,,data,2
57901,,e4ee5ea81f4244d6b0cd00c0ac765ce5,ClimateJust - Grid (UK) - UKCP18,ArcGISFeatureLayer,71c9876f8b4546889de4f4a5899b50d6,https://nercdsh.dev.azure.manchester.ac.uk/server/rest/services/UPRN_PoC_Web_Layer_UK_v1/FeatureServer/23,,VectorDataset,/ClimateJust,0,tasmax_rcp26_rp100_2020_10p,Summer extreme maximum temperature low emissions 100 year return period 2020 10th percentile,,True,True,False,/Summer Extreme Maximum Temperature/Low Emissions,,,data,2
58001,,e4ee5ea81f4244d6b0cd00c0ac765ce5,ClimateJust - Grid (UK) - UKCP18,ArcGISFeatureLayer,71c9876f8b4546889de4f4a5899b50d6,https://nercdsh.dev.azure.manchester.ac.uk/server/rest/services/UPRN_PoC_Web_Layer_UK_v1/FeatureServer/23,,VectorDataset,/ClimateJust,0,tasmax_rcp26_rp100_2020_50p,Summer extreme maximum temperature low emissions 100 year return period 2020 median,,True,True,False,/Summer Extreme Maximum Temperature/Low Emissions,,,data,2
58101,,e4ee5ea81f4244d6b0cd00c0ac765ce5,ClimateJust - Grid (UK) - UKCP18,ArcGISFeatureLayer,71c9876f8b4546889de4f4a5899b50d6,https://nercdsh.dev.azure.manchester.ac.uk/server/rest/services/UPRN_PoC_Web_Layer_UK_v1/FeatureServer/23,,VectorDataset,/ClimateJust,0,tasmax_rcp26_rp100_2020_90p,Summer extreme maximum temperature low emissions 100 year return period 2020 90th percentile,,True,True,False,/Summer Extreme Maximum Temperature/Low Emissions,,,data,2
58201,,e4ee5ea81f4244d6b0cd00c0ac765ce5,ClimateJust - Grid (UK) - UKCP18,ArcGISFeatureLayer,71c9876f8b4546889de4f4a5899b50d6,https://nercdsh.dev.azure.manchester.ac.uk/server/rest/services/UPRN_PoC_Web_Layer_UK_v1/FeatureServer/23,,VectorDataset,/ClimateJust,0,tasmax_rcp26_rp100_2050_10p,Summer extreme maximum temperature low emissions 100 year return period 2050 10th percentile,,True,True,False,/Summer Extreme Maximum Temperature/Low Emissions,,,data,2
58301,,e4ee5ea81f4244d6b0cd00c0ac765ce5,ClimateJust - Grid (UK) - UKCP18,ArcGISFeatureLayer,71c9876f8b4546889de4f4a5899b50d6,https://nercdsh.dev.azure.manchester.ac.uk/server/rest/services/UPRN_PoC_Web_Layer_UK_v1/FeatureServer/23,,VectorDataset,/ClimateJust,0,tasmax_rcp26_rp100_2050_50p,Summer extreme maximum temperature low emissions 100 year return period 2050 median,,True,True,False,/Summer Extreme Maximum Temperature/Low Emissions,,,data,2
58401,,e4ee5ea81f4244d6b0cd00c0ac765ce5,ClimateJust - Grid (UK) - UKCP18,ArcGISFeatureLayer,71c9876f8b4546889de4f4a5899b50d6,https://nercdsh.dev.azure.manchester.ac.uk/server/rest/services/UPRN_PoC_Web_Layer_UK_v1/FeatureServer/23,,VectorDataset,/ClimateJust,0,tasmax_rcp26_rp100_2050_90p,Summer extreme maximum temperature low emissions 100 year return period 2050 90th percentile,,True,True,False,/Summer Extreme Maximum Temperature/Low Emissions,,,data,2
58501,,e4ee5ea81f4244d6b0cd00c0ac765ce5,ClimateJust - Grid (UK) - UKCP18,ArcGISFeatureLayer,71c9876f8b4546889de4f4a5899b50d6,https://nercdsh.dev.azure.manchester.ac.uk/server/rest/services/UPRN_PoC_Web_Layer_UK_v1/FeatureServer/23,,VectorDataset,/ClimateJust,0,tasmax_rcp26_rp100_2080_10p,Summer extreme maximum temperature low emissions 100 year return period 2080 10th percentile,,True,True,False,/Summer Extreme Maximum Temperature/Low Emissions,,,data,2
58601,,e4ee5ea81f4244d6b0cd00c0ac765ce5,ClimateJust - Grid (UK) - UKCP18,ArcGISFeatureLayer,71c9876f8b4546889de4f4a5899b50d6,https://nercdsh.dev.azure.manchester.ac.uk/server/rest/services/UPRN_PoC_Web_Layer_UK_v1/FeatureServer/23,,VectorDataset,/ClimateJust,0,tasmax_rcp26_rp100_2080_50p,Summer extreme maximum temperature low emissions 100 year return period 2080 median,,True,True,False,/Summer Extreme Maximum Temperature/Low Emissions,,,data,2
58701,,e4ee5ea81f4244d6b0cd00c0ac765ce5,ClimateJust - Grid (UK) - UKCP18,ArcGISFeatureLayer,71c9876f8b4546889de4f4a5899b50d6,https://nercdsh.dev.azure.manchester.ac.uk/server/rest/services/UPRN_PoC_Web_Layer_UK_v1/FeatureServer/23,,VectorDataset,/ClimateJust,0,tasmax_rcp26_rp100_2080_90p,Summer extreme maximum temperature low emissions 100 year return period 2080 90th percentile,,True,True,False,/Summer Extreme Maximum Temperature/Low Emissions,,,data,2
58801,,e4ee5ea81f4244d6b0cd00c0ac765ce5,ClimateJust - Grid (UK) - UKCP18,ArcGISFeatureLayer,71c9876f8b4546889de4f4a5899b50d6,https://nercdsh.dev.azure.manchester.ac.uk/server/rest/services/UPRN_PoC_Web_Layer_UK_v1/FeatureServer/23,,VectorDataset,/ClimateJust,0,tasmax_rcp45_rp20_2020_10p,Summer extreme maximum temperature moderate emissions 20 year return period 2020 10th percentile,,True,True,False,/Summer Extreme Maximum Temperature/Moderate Emissions,,,data,2
58901,,e4ee5ea81f4244d6b0cd00c0ac765ce5,ClimateJust - Grid (UK) - UKCP18,ArcGISFeatureLayer,71c9876f8b4546889de4f4a5899b50d6,https://nercdsh.dev.azure.manchester.ac.uk/server/rest/services/UPRN_PoC_Web_Layer_UK_v1/FeatureServer/23,,VectorDataset,/ClimateJust,0,tasmax_rcp45_rp20_2020_50p,Summer extreme maximum temperature moderate emissions 20 year return period 2020 median,,True,True,False,/Summer Extreme Maximum Temperature/Moderate Emissions,,,data,2
59001,,e4ee5ea81f4244d6b0cd00c0ac765ce5,ClimateJust - Grid (UK) - UKCP18,ArcGISFeatureLayer,71c9876f8b4546889de4f4a5899b50d6,https://nercdsh.dev.azure.manchester.ac.uk/server/rest/services/UPRN_PoC_Web_Layer_UK_v1/FeatureServer/23,,VectorDataset,/ClimateJust,0,tasmax_rcp45_rp20_2020_90p,Summer extreme maximum temperature moderate emissions 20 year return period 2020 90th percentile,,True,True,False,/Summer Extreme Maximum Temperature/Moderate Emissions,,,data,2
59101,,e4ee5ea81f4244d6b0cd00c0ac765ce5,ClimateJust - Grid (UK) - UKCP18,ArcGISFeatureLayer,71c9876f8b4546889de4f4a5899b50d6,https://nercdsh.dev.azure.manchester.ac.uk/server/rest/services/UPRN_PoC_Web_Layer_UK_v1/FeatureServer/23,,VectorDataset,/ClimateJust,0,tasmax_rcp45_rp20_2050_10p,Summer extreme maximum temperature moderate emissions 20 year return period 2050 10th percentile,,True,True,False,/Summer Extreme Maximum Temperature/Moderate Emissions,,,data,2
59201,,e4ee5ea81f4244d6b0cd00c0ac765ce5,ClimateJust - Grid (UK) - UKCP18,ArcGISFeatureLayer,71c9876f8b4546889de4f4a5899b50d6,https://nercdsh.dev.azure.manchester.ac.uk/server/rest/services/UPRN_PoC_Web_Layer_UK_v1/FeatureServer/23,,VectorDataset,/ClimateJust,0,tasmax_rcp45_rp20_2050_50p,Summer extreme maximum temperature moderate emissions 20 year return period 2050 median,,True,True,False,/Summer Extreme Maximum Temperature/Moderate Emissions,,,data,2
59301,,e4ee5ea81f4244d6b0cd00c0ac765ce5,ClimateJust - Grid (UK) - UKCP18,ArcGISFeatureLayer,71c9876f8b4546889de4f4a5899b50d6,https://nercdsh.dev.azure.manchester.ac.uk/server/rest/services/UPRN_PoC_Web_Layer_UK_v1/FeatureServer/23,,VectorDataset,/ClimateJust,0,tasmax_rcp45_rp20_2050_90p,Summer extreme maximum temperature moderate emissions 20 year return period 2050 90th percentile,,True,True,False,/Summer Extreme Maximum Temperature/Moderate Emissions,,,data,2
59401,,e4ee5ea81f4244d6b0cd00c0ac765ce5,ClimateJust - Grid (UK) - UKCP18,ArcGISFeatureLayer,71c9876f8b4546889de4f4a5899b50d6,https://nercdsh.dev.azure.manchester.ac.uk/server/rest/services/UPRN_PoC_Web_Layer_UK_v1/FeatureServer/23,,VectorDataset,/ClimateJust,0,tasmax_rcp45_rp20_2080_10p,Summer extreme maximum temperature moderate emissions 20 year return period 2080 10th percentile,,True,True,False,/Summer Extreme Maximum Temperature/Moderate Emissions,,,data,2
59501,,e4ee5ea81f4244d6b0cd00c0ac765ce5,ClimateJust - Grid (UK) - UKCP18,ArcGISFeatureLayer,71c9876f8b4546889de4f4a5899b50d6,https://nercdsh.dev.azure.manchester.ac.uk/server/rest/services/UPRN_PoC_Web_Layer_UK_v1/FeatureServer/23,,VectorDataset,/ClimateJust,0,tasmax_rcp45_rp20_2080_50p,Summer extreme maximum temperature moderate emissions 20 year return period 2080 median,,True,True,False,/Summer Extreme Maximum Temperature/Moderate Emissions,,,data,2
59601,,e4ee5ea81f4244d6b0cd00c0ac765ce5,ClimateJust - Grid (UK) - UKCP18,ArcGISFeatureLayer,71c9876f8b4546889de4f4a5899b50d6,https://nercdsh.dev.azure.manchester.ac.uk/server/rest/services/UPRN_PoC_Web_Layer_UK_v1/FeatureServer/23,,VectorDataset,/ClimateJust,0,tasmax_rcp45_rp20_2080_90p,Summer extreme maximum temperature moderate emissions 20 year return period 2080 90th percentile,,True,True,False,/Summer Extreme Maximum Temperature/Moderate Emissions,,,data,2
59701,,e4ee5ea81f4244d6b0cd00c0ac765ce5,ClimateJust - Grid (UK) - UKCP18,ArcGISFeatureLayer,71c9876f8b4546889de4f4a5899b50d6,https://nercdsh.dev.azure.manchester.ac.uk/server/rest/services/UPRN_PoC_Web_Layer_UK_v1/FeatureServer/23,,VectorDataset,/ClimateJust,0,tasmax_rcp45_rp50_2020_10p,Summer extreme maximum temperature moderate emissions 50 year return period 2020 10th percentile,,True,True,False,/Summer Extreme Maximum Temperature/Moderate Emissions,,,data,2
59801,,e4ee5ea81f4244d6b0cd00c0ac765ce5,ClimateJust - Grid (UK) - UKCP18,ArcGISFeatureLayer,71c9876f8b4546889de4f4a5899b50d6,https://nercdsh.dev.azure.manchester.ac.uk/server/rest/services/UPRN_PoC_Web_Layer_UK_v1/FeatureServer/23,,VectorDataset,/ClimateJust,0,tasmax_rcp45_rp50_2020_50p,Summer extreme maximum temperature moderate emissions 50 year return period 2020 median,,True,True,False,/Summer Extreme Maximum Temperature/Moderate Emissions,,,data,2
59901,,e4ee5ea81f4244d6b0cd00c0ac765ce5,ClimateJust - Grid (UK) - UKCP18,ArcGISFeatureLayer,71c9876f8b4546889de4f4a5899b50d6,https://nercdsh.dev.azure.manchester.ac.uk/server/rest/services/UPRN_PoC_Web_Layer_UK_v1/FeatureServer/23,,VectorDataset,/ClimateJust,0,tasmax_rcp45_rp50_2020_90p,Summer extreme maximum temperature moderate emissions 50 year return period 2020 90th percentile,,True,True,False,/Summer Extreme Maximum Temperature/Moderate Emissions,,,data,2
60001,,e4ee5ea81f4244d6b0cd00c0ac765ce5,ClimateJust - Grid (UK) - UKCP18,ArcGISFeatureLayer,71c9876f8b4546889de4f4a5899b50d6,https://nercdsh.dev.azure.manchester.ac.uk/server/rest/services/UPRN_PoC_Web_Layer_UK_v1/FeatureServer/23,,VectorDataset,/ClimateJust,0,tasmax_rcp45_rp50_2050_10p,Summer extreme maximum temperature moderate emissions 50 year return period 2050 10th percentile,,True,True,False,/Summer Extreme Maximum Temperature/Moderate Emissions,,,data,2
60101,,e4ee5ea81f4244d6b0cd00c0ac765ce5,ClimateJust - Grid (UK) - UKCP18,ArcGISFeatureLayer,71c9876f8b4546889de4f4a5899b50d6,https://nercdsh.dev.azure.manchester.ac.uk/server/rest/services/UPRN_PoC_Web_Layer_UK_v1/FeatureServer/23,,VectorDataset,/ClimateJust,0,tasmax_rcp45_rp50_2050_50p,Summer extreme maximum temperature moderate emissions 50 year return period 2050 median,,True,True,False,/Summer Extreme Maximum Temperature/Moderate Emissions,,,data,2
60201,,e4ee5ea81f4244d6b0cd00c0ac765ce5,ClimateJust - Grid (UK) - UKCP18,ArcGISFeatureLayer,71c9876f8b4546889de4f4a5899b50d6,https://nercdsh.dev.azure.manchester.ac.uk/server/rest/services/UPRN_PoC_Web_Layer_UK_v1/FeatureServer/23,,VectorDataset,/ClimateJust,0,tasmax_rcp45_rp50_2050_90p,Summer extreme maximum temperature moderate emissions 50 year return period 2050 90th percentile,,True,True,False,/Summer Extreme Maximum Temperature/Moderate Emissions,,,data,2
60301,,e4ee5ea81f4244d6b0cd00c0ac765ce5,ClimateJust - Grid (UK) - UKCP18,ArcGISFeatureLayer,71c9876f8b4546889de4f4a5899b50d6,https://nercdsh.dev.azure.manchester.ac.uk/server/rest/services/UPRN_PoC_Web_Layer_UK_v1/FeatureServer/23,,VectorDataset,/ClimateJust,0,tasmax_rcp45_rp50_2080_10p,Summer extreme maximum temperature moderate emissions 50 year return period 2080 10th percentile,,True,True,False,/Summer Extreme Maximum Temperature/Moderate Emissions,,,data,2
60401,,e4ee5ea81f4244d6b0cd00c0ac765ce5,ClimateJust - Grid (UK) - UKCP18,ArcGISFeatureLayer,71c9876f8b4546889de4f4a5899b50d6,https://nercdsh.dev.azure.manchester.ac.uk/server/rest/services/UPRN_PoC_Web_Layer_UK_v1/FeatureServer/23,,VectorDataset,/ClimateJust,0,tasmax_rcp45_rp50_2080_50p,Summer extreme maximum temperature moderate emissions 50 year return period 2080 median,,True,True,False,/Summer Extreme Maximum Temperature/Moderate Emissions,,,data,2
60501,,e4ee5ea81f4244d6b0cd00c0ac765ce5,ClimateJust - Grid (UK) - UKCP18,ArcGISFeatureLayer,71c9876f8b4546889de4f4a5899b50d6,https://nercdsh.dev.azure.manchester.ac.uk/server/rest/services/UPRN_PoC_Web_Layer_UK_v1/FeatureServer/23,,VectorDataset,/ClimateJust,0,tasmax_rcp45_rp50_2080_90p,Summer extreme maximum temperature moderate emissions 50 year return period 2080 90th percentile,,True,True,False,/Summer Extreme Maximum Temperature/Moderate Emissions,,,data,2
60601,,e4ee5ea81f4244d6b0cd00c0ac765ce5,ClimateJust - Grid (UK) - UKCP18,ArcGISFeatureLayer,71c9876f8b4546889de4f4a5899b50d6,https://nercdsh.dev.azure.manchester.ac.uk/server/rest/services/UPRN_PoC_Web_Layer_UK_v1/FeatureServer/23,,VectorDataset,/ClimateJust,0,tasmax_rcp45_rp100_2020_10p,Summer extreme maximum temperature moderate emissions 100 year return period 2020 10th percentile,,True,True,False,/Summer Extreme Maximum Temperature/Moderate Emissions,,,data,2
60701,,e4ee5ea81f4244d6b0cd00c0ac765ce5,ClimateJust - Grid (UK) - UKCP18,ArcGISFeatureLayer,71c9876f8b4546889de4f4a5899b50d6,https://nercdsh.dev.azure.manchester.ac.uk/server/rest/services/UPRN_PoC_Web_Layer_UK_v1/FeatureServer/23,,VectorDataset,/ClimateJust,0,tasmax_rcp45_rp100_2020_50p,Summer extreme maximum temperature moderate emissions 100 year return period 2020 median,,True,True,False,/Summer Extreme Maximum Temperature/Moderate Emissions,,,data,2
60801,,e4ee5ea81f4244d6b0cd00c0ac765ce5,ClimateJust - Grid (UK) - UKCP18,ArcGISFeatureLayer,71c9876f8b4546889de4f4a5899b50d6,https://nercdsh.dev.azure.manchester.ac.uk/server/rest/services/UPRN_PoC_Web_Layer_UK_v1/FeatureServer/23,,VectorDataset,/ClimateJust,0,tasmax_rcp45_rp100_2020_90p,Summer extreme maximum temperature moderate emissions 100 year return period 2020 90th percentile,,True,True,False,/Summer Extreme Maximum Temperature/Moderate Emissions,,,data,2
60901,,e4ee5ea81f4244d6b0cd00c0ac765ce5,ClimateJust - Grid (UK) - UKCP18,ArcGISFeatureLayer,71c9876f8b4546889de4f4a5899b50d6,https://nercdsh.dev.azure.manchester.ac.uk/server/rest/services/UPRN_PoC_Web_Layer_UK_v1/FeatureServer/23,,VectorDataset,/ClimateJust,0,tasmax_rcp45_rp100_2050_10p,Summer extreme maximum temperature moderate emissions 100 year return period 2050 10th percentile,,True,True,False,/Summer Extreme Maximum Temperature/Moderate Emissions,,,data,2
61001,,e4ee5ea81f4244d6b0cd00c0ac765ce5,ClimateJust - Grid (UK) - UKCP18,ArcGISFeatureLayer,71c9876f8b4546889de4f4a5899b50d6,https://nercdsh.dev.azure.manchester.ac.uk/server/rest/services/UPRN_PoC_Web_Layer_UK_v1/FeatureServer/23,,VectorDataset,/ClimateJust,0,tasmax_rcp45_rp100_2050_50p,Summer extreme maximum temperature moderate emissions 100 year return period 2050 median,,True,True,False,/Summer Extreme Maximum Temperature/Moderate Emissions,,,data,2
61101,,e4ee5ea81f4244d6b0cd00c0ac765ce5,ClimateJust - Grid (UK) - UKCP18,ArcGISFeatureLayer,71c9876f8b4546889de4f4a5899b50d6,https://nercdsh.dev.azure.manchester.ac.uk/server/rest/services/UPRN_PoC_Web_Layer_UK_v1/FeatureServer/23,,VectorDataset,/ClimateJust,0,tasmax_rcp45_rp100_2050_90p,Summer extreme maximum temperature moderate emissions 100 year return period 2050 90th percentile,,True,True,False,/Summer Extreme Maximum Temperature/Moderate Emissions,,,data,2
61201,,e4ee5ea81f4244d6b0cd00c0ac765ce5,ClimateJust - Grid (UK) - UKCP18,ArcGISFeatureLayer,71c9876f8b4546889de4f4a5899b50d6,https://nercdsh.dev.azure.manchester.ac.uk/server/rest/services/UPRN_PoC_Web_Layer_UK_v1/FeatureServer/23,,VectorDataset,/ClimateJust,0,tasmax_rcp45_rp100_2080_10p,Summer extreme maximum temperature moderate emissions 100 year return period 2080 10th percentile,,True,True,False,/Summer Extreme Maximum Temperature/Moderate Emissions,,,data,2
61301,,e4ee5ea81f4244d6b0cd00c0ac765ce5,ClimateJust - Grid (UK) - UKCP18,ArcGISFeatureLayer,71c9876f8b4546889de4f4a5899b50d6,https://nercdsh.dev.azure.manchester.ac.uk/server/rest/services/UPRN_PoC_Web_Layer_UK_v1/FeatureServer/23,,VectorDataset,/ClimateJust,0,tasmax_rcp45_rp100_2080_50p,Summer extreme maximum temperature moderate emissions 100 year return period 2080 median,,True,True,False,/Summer Extreme Maximum Temperature/Moderate Emissions,,,data,2
61401,,e4ee5ea81f4244d6b0cd00c0ac765ce5,ClimateJust - Grid (UK) - UKCP18,ArcGISFeatureLayer,71c9876f8b4546889de4f4a5899b50d6,https://nercdsh.dev.azure.manchester.ac.uk/server/rest/services/UPRN_PoC_Web_Layer_UK_v1/FeatureServer/23,,VectorDataset,/ClimateJust,0,tasmax_rcp45_rp100_2080_90p,Summer extreme maximum temperature moderate emissions 100 year return period 2080 90th percentile,,True,True,False,/Summer Extreme Maximum Temperature/Moderate Emissions,,,data,2
61501,,e4ee5ea81f4244d6b0cd00c0ac765ce5,ClimateJust - Grid (UK) - UKCP18,ArcGISFeatureLayer,71c9876f8b4546889de4f4a5899b50d6,https://nercdsh.dev.azure.manchester.ac.uk/server/rest/services/UPRN_PoC_Web_Layer_UK_v1/FeatureServer/23,,VectorDataset,/ClimateJust,0,tasmax_rcp60_rp20_2020_10p,Summer extreme maximum temperature high emissions 20 year return period 2020 10th percentile,,True,True,False,/Summer Extreme Maximum Temperature/High Emissions,,,data,2
61601,,e4ee5ea81f4244d6b0cd00c0ac765ce5,ClimateJust - Grid (UK) - UKCP18,ArcGISFeatureLayer,71c9876f8b4546889de4f4a5899b50d6,https://nercdsh.dev.azure.manchester.ac.uk/server/rest/services/UPRN_PoC_Web_Layer_UK_v1/FeatureServer/23,,VectorDataset,/ClimateJust,0,tasmax_rcp60_rp20_2020_50p,Summer extreme maximum temperature high emissions 20 year return period 2020 median,,True,True,False,/Summer Extreme Maximum Temperature/High Emissions,,,data,2
61701,,e4ee5ea81f4244d6b0cd00c0ac765ce5,ClimateJust - Grid (UK) - UKCP18,ArcGISFeatureLayer,71c9876f8b4546889de4f4a5899b50d6,https://nercdsh.dev.azure.manchester.ac.uk/server/rest/services/UPRN_PoC_Web_Layer_UK_v1/FeatureServer/23,,VectorDataset,/ClimateJust,0,tasmax_rcp60_rp20_2020_90p,Summer extreme maximum temperature high emissions 20 year return period 2020 90th percentile,,True,True,False,/Summer Extreme Maximum Temperature/High Emissions,,,data,2
61801,,e4ee5ea81f4244d6b0cd00c0ac765ce5,ClimateJust - Grid (UK) - UKCP18,ArcGISFeatureLayer,71c9876f8b4546889de4f4a5899b50d6,https://nercdsh.dev.azure.manchester.ac.uk/server/rest/services/UPRN_PoC_Web_Layer_UK_v1/FeatureServer/23,,VectorDataset,/ClimateJust,0,tasmax_rcp60_rp20_2050_10p,Summer extreme maximum temperature high emissions 20 year return period 2050 10th percentile,,True,True,False,/Summer Extreme Maximum Temperature/High Emissions,,,data,2
61901,,e4ee5ea81f4244d6b0cd00c0ac765ce5,ClimateJust - Grid (UK) - UKCP18,ArcGISFeatureLayer,71c9876f8b4546889de4f4a5899b50d6,https://nercdsh.dev.azure.manchester.ac.uk/server/rest/services/UPRN_PoC_Web_Layer_UK_v1/FeatureServer/23,,VectorDataset,/ClimateJust,0,tasmax_rcp60_rp20_2050_50p,Summer extreme maximum temperature high emissions 20 year return period 2050 median,,True,True,False,/Summer Extreme Maximum Temperature/High Emissions,,,data,2
62001,,e4ee5ea81f4244d6b0cd00c0ac765ce5,ClimateJust - Grid (UK) - UKCP18,ArcGISFeatureLayer,71c9876f8b4546889de4f4a5899b50d6,https://nercdsh.dev.azure.manchester.ac.uk/server/rest/services/UPRN_PoC_Web_Layer_UK_v1/FeatureServer/23,,VectorDataset,/ClimateJust,0,tasmax_rcp60_rp20_2050_90p,Summer extreme maximum temperature high emissions 20 year return period 2050 90th percentile,,True,True,False,/Summer Extreme Maximum Temperature/High Emissions,,,data,2
62101,,e4ee5ea81f4244d6b0cd00c0ac765ce5,ClimateJust - Grid (UK) - UKCP18,ArcGISFeatureLayer,71c9876f8b4546889de4f4a5899b50d6,https://nercdsh.dev.azure.manchester.ac.uk/server/rest/services/UPRN_PoC_Web_Layer_UK_v1/FeatureServer/23,,VectorDataset,/ClimateJust,0,tasmax_rcp60_rp20_2080_10p,Summer extreme maximum temperature high emissions 20 year return period 2080 10th percentile,,True,True,False,/Summer Extreme Maximum Temperature/High Emissions,,,data,2
62201,,e4ee5ea81f4244d6b0cd00c0ac765ce5,ClimateJust - Grid (UK) - UKCP18,ArcGISFeatureLayer,71c9876f8b4546889de4f4a5899b50d6,https://nercdsh.dev.azure.manchester.ac.uk/server/rest/services/UPRN_PoC_Web_Layer_UK_v1/FeatureServer/23,,VectorDataset,/ClimateJust,0,tasmax_rcp60_rp20_2080_50p,Summer extreme maximum temperature high emissions 20 year return period 2080 median,,True,True,False,/Summer Extreme Maximum Temperature/High Emissions,,,data,2
62301,,e4ee5ea81f4244d6b0cd00c0ac765ce5,ClimateJust - Grid (UK) - UKCP18,ArcGISFeatureLayer,71c9876f8b4546889de4f4a5899b50d6,https://nercdsh.dev.azure.manchester.ac.uk/server/rest/services/UPRN_PoC_Web_Layer_UK_v1/FeatureServer/23,,VectorDataset,/ClimateJust,0,tasmax_rcp60_rp20_2080_90p,Summer extreme maximum temperature high emissions 20 year return period 2080 90th percentile,,True,True,False,/Summer Extreme Maximum Temperature/High Emissions,,,data,2
62401,,e4ee5ea81f4244d6b0cd00c0ac765ce5,ClimateJust - Grid (UK) - UKCP18,ArcGISFeatureLayer,71c9876f8b4546889de4f4a5899b50d6,https://nercdsh.dev.azure.manchester.ac.uk/server/rest/services/UPRN_PoC_Web_Layer_UK_v1/FeatureServer/23,,VectorDataset,/ClimateJust,0,tasmax_rcp60_rp50_2020_10p,Summer extreme maximum temperature high emissions 50 year return period 2020 10th percentile,,True,True,False,/Summer Extreme Maximum Temperature/High Emissions,,,data,2
62501,,e4ee5ea81f4244d6b0cd00c0ac765ce5,ClimateJust - Grid (UK) - UKCP18,ArcGISFeatureLayer,71c9876f8b4546889de4f4a5899b50d6,https://nercdsh.dev.azure.manchester.ac.uk/server/rest/services/UPRN_PoC_Web_Layer_UK_v1/FeatureServer/23,,VectorDataset,/ClimateJust,0,tasmax_rcp60_rp50_2020_50p,Summer extreme maximum temperature high emissions 50 year return period 2020 median,,True,True,False,/Summer Extreme Maximum Temperature/High Emissions,,,data,2
62601,,e4ee5ea81f4244d6b0cd00c0ac765ce5,ClimateJust - Grid (UK) - UKCP18,ArcGISFeatureLayer,71c9876f8b4546889de4f4a5899b50d6,https://nercdsh.dev.azure.manchester.ac.uk/server/rest/services/UPRN_PoC_Web_Layer_UK_v1/FeatureServer/23,,VectorDataset,/ClimateJust,0,tasmax_rcp60_rp50_2020_90p,Summer extreme maximum temperature high emissions 50 year return period 2020 90th percentile,,True,True,False,/Summer Extreme Maximum Temperature/High Emissions,,,data,2
62701,,e4ee5ea81f4244d6b0cd00c0ac765ce5,ClimateJust - Grid (UK) - UKCP18,ArcGISFeatureLayer,71c9876f8b4546889de4f4a5899b50d6,https://nercdsh.dev.azure.manchester.ac.uk/server/rest/services/UPRN_PoC_Web_Layer_UK_v1/FeatureServer/23,,VectorDataset,/ClimateJust,0,tasmax_rcp60_rp50_2050_10p,Summer extreme maximum temperature high emissions 50 year return period 2050 10th percentile,,True,True,False,/Summer Extreme Maximum Temperature/High Emissions,,,data,2
62801,,e4ee5ea81f4244d6b0cd00c0ac765ce5,ClimateJust - Grid (UK) - UKCP18,ArcGISFeatureLayer,71c9876f8b4546889de4f4a5899b50d6,https://nercdsh.dev.azure.manchester.ac.uk/server/rest/services/UPRN_PoC_Web_Layer_UK_v1/FeatureServer/23,,VectorDataset,/ClimateJust,0,tasmax_rcp60_rp50_2050_50p,Summer extreme maximum temperature high emissions 50 year return period 2050 median,,True,True,False,/Summer Extreme Maximum Temperature/High Emissions,,,data,2
62901,,e4ee5ea81f4244d6b0cd00c0ac765ce5,ClimateJust - Grid (UK) - UKCP18,ArcGISFeatureLayer,71c9876f8b4546889de4f4a5899b50d6,https://nercdsh.dev.azure.manchester.ac.uk/server/rest/services/UPRN_PoC_Web_Layer_UK_v1/FeatureServer/23,,VectorDataset,/ClimateJust,0,tasmax_rcp60_rp50_2050_90p,Summer extreme maximum temperature high emissions 50 year return period 2050 90th percentile,,True,True,False,/Summer Extreme Maximum Temperature/High Emissions,,,data,2
63001,,e4ee5ea81f4244d6b0cd00c0ac765ce5,ClimateJust - Grid (UK) - UKCP18,ArcGISFeatureLayer,71c9876f8b4546889de4f4a5899b50d6,https://nercdsh.dev.azure.manchester.ac.uk/server/rest/services/UPRN_PoC_Web_Layer_UK_v1/FeatureServer/23,,VectorDataset,/ClimateJust,0,tasmax_rcp60_rp50_2080_10p,Summer extreme maximum temperature high emissions 50 year return period 2080 10th percentile,,True,True,False,/Summer Extreme Maximum Temperature/High Emissions,,,data,2
63101,,e4ee5ea81f4244d6b0cd00c0ac765ce5,ClimateJust - Grid (UK) - UKCP18,ArcGISFeatureLayer,71c9876f8b4546889de4f4a5899b50d6,https://nercdsh.dev.azure.manchester.ac.uk/server/rest/services/UPRN_PoC_Web_Layer_UK_v1/FeatureServer/23,,VectorDataset,/ClimateJust,0,tasmax_rcp60_rp50_2080_50p,Summer extreme maximum temperature high emissions 50 year return period 2080 median,,True,True,False,/Summer Extreme Maximum Temperature/High Emissions,,,data,2
63201,,e4ee5ea81f4244d6b0cd00c0ac765ce5,ClimateJust - Grid (UK) - UKCP18,ArcGISFeatureLayer,71c9876f8b4546889de4f4a5899b50d6,https://nercdsh.dev.azure.manchester.ac.uk/server/rest/services/UPRN_PoC_Web_Layer_UK_v1/FeatureServer/23,,VectorDataset,/ClimateJust,0,tasmax_rcp60_rp50_2080_90p,Summer extreme maximum temperature high emissions 50 year return period 2080 90th percentile,,True,True,False,/Summer Extreme Maximum Temperature/High Emissions,,,data,2
63301,,e4ee5ea81f4244d6b0cd00c0ac765ce5,ClimateJust - Grid (UK) - UKCP18,ArcGISFeatureLayer,71c9876f8b4546889de4f4a5899b50d6,https://nercdsh.dev.azure.manchester.ac.uk/server/rest/services/UPRN_PoC_Web_Layer_UK_v1/FeatureServer/23,,VectorDataset,/ClimateJust,0,tasmax_rcp60_rp100_2020_10p,Summer extreme maximum temperature high emissions 100 year return period 2020 10th percentile,,True,True,False,/Summer Extreme Maximum Temperature/High Emissions,,,data,2
63401,,e4ee5ea81f4244d6b0cd00c0ac765ce5,ClimateJust - Grid (UK) - UKCP18,ArcGISFeatureLayer,71c9876f8b4546889de4f4a5899b50d6,https://nercdsh.dev.azure.manchester.ac.uk/server/rest/services/UPRN_PoC_Web_Layer_UK_v1/FeatureServer/23,,VectorDataset,/ClimateJust,0,tasmax_rcp60_rp100_2020_50p,Summer extreme maximum temperature high emissions 100 year return period 2020 median,,True,True,False,/Summer Extreme Maximum Temperature/High Emissions,,,data,2
63501,,e4ee5ea81f4244d6b0cd00c0ac765ce5,ClimateJust - Grid (UK) - UKCP18,ArcGISFeatureLayer,71c9876f8b4546889de4f4a5899b50d6,https://nercdsh.dev.azure.manchester.ac.uk/server/rest/services/UPRN_PoC_Web_Layer_UK_v1/FeatureServer/23,,VectorDataset,/ClimateJust,0,tasmax_rcp60_rp100_2020_90p,Summer extreme maximum temperature high emissions 100 year return period 2020 90th percentile,,True,True,False,/Summer Extreme Maximum Temperature/High Emissions,,,data,2
63601,,e4ee5ea81f4244d6b0cd00c0ac765ce5,ClimateJust - Grid (UK) - UKCP18,ArcGISFeatureLayer,71c9876f8b4546889de4f4a5899b50d6,https://nercdsh.dev.azure.manchester.ac.uk/server/rest/services/UPRN_PoC_Web_Layer_UK_v1/FeatureServer/23,,VectorDataset,/ClimateJust,0,tasmax_rcp60_rp100_2050_10p,Summer extreme maximum temperature high emissions 100 year return period 2050 10th percentile,,True,True,False,/Summer Extreme Maximum Temperature/High Emissions,,,data,2
63701,,e4ee5ea81f4244d6b0cd00c0ac765ce5,ClimateJust - Grid (UK) - UKCP18,ArcGISFeatureLayer,71c9876f8b4546889de4f4a5899b50d6,https://nercdsh.dev.azure.manchester.ac.uk/server/rest/services/UPRN_PoC_Web_Layer_UK_v1/FeatureServer/23,,VectorDataset,/ClimateJust,0,tasmax_rcp60_rp100_2050_50p,Summer extreme maximum temperature high emissions 100 year return period 2050 median,,True,True,False,/Summer Extreme Maximum Temperature/High Emissions,,,data,2
63801,,e4ee5ea81f4244d6b0cd00c0ac765ce5,ClimateJust - Grid (UK) - UKCP18,ArcGISFeatureLayer,71c9876f8b4546889de4f4a5899b50d6,https://nercdsh.dev.azure.manchester.ac.uk/server/rest/services/UPRN_PoC_Web_Layer_UK_v1/FeatureServer/23,,VectorDataset,/ClimateJust,0,tasmax_rcp60_rp100_2050_90p,Summer extreme maximum temperature high emissions 100 year return period 2050 90th percentile,,True,True,False,/Summer Extreme Maximum Temperature/High Emissions,,,data,2
63901,,e4ee5ea81f4244d6b0cd00c0ac765ce5,ClimateJust - Grid (UK) - UKCP18,ArcGISFeatureLayer,71c9876f8b4546889de4f4a5899b50d6,https://nercdsh.dev.azure.manchester.ac.uk/server/rest/services/UPRN_PoC_Web_Layer_UK_v1/FeatureServer/23,,VectorDataset,/ClimateJust,0,tasmax_rcp60_rp100_2080_10p,Summer extreme maximum temperature high emissions 100 year return period 2080 10th percentile,,True,True,False,/Summer Extreme Maximum Temperature/High Emissions,,,data,2
64001,,e4ee5ea81f4244d6b0cd00c0ac765ce5,ClimateJust - Grid (UK) - UKCP18,ArcGISFeatureLayer,71c9876f8b4546889de4f4a5899b50d6,https://nercdsh.dev.azure.manchester.ac.uk/server/rest/services/UPRN_PoC_Web_Layer_UK_v1/FeatureServer/23,,VectorDataset,/ClimateJust,0,tasmax_rcp60_rp100_2080_50p,Summer extreme maximum temperature high emissions 100 year return period 2080 median,,True,True,False,/Summer Extreme Maximum Temperature/High Emissions,,,data,2
64101,,e4ee5ea81f4244d6b0cd00c0ac765ce5,ClimateJust - Grid (UK) - UKCP18,ArcGISFeatureLayer,71c9876f8b4546889de4f4a5899b50d6,https://nercdsh.dev.azure.manchester.ac.uk/server/rest/services/UPRN_PoC_Web_Layer_UK_v1/FeatureServer/23,,VectorDataset,/ClimateJust,0,tasmax_rcp60_rp100_2080_90p,Summer extreme maximum temperature high emissions 100 year return period 2080 90th percentile,,True,True,False,/Summer Extreme Maximum Temperature/High Emissions,,,data,2
64201,,e4ee5ea81f4244d6b0cd00c0ac765ce5,ClimateJust - Grid (UK) - UKCP18,ArcGISFeatureLayer,71c9876f8b4546889de4f4a5899b50d6,https://nercdsh.dev.azure.manchester.ac.uk/server/rest/services/UPRN_PoC_Web_Layer_UK_v1/FeatureServer/23,,VectorDataset,/ClimateJust,0,tasmax_rcp85_rp20_2020_10p,Summer extreme maximum temperature very high emissions 20 year return period 2020 10th percentile,,True,True,False,/Summer Extreme Maximum Temperature/Very High Emissions,,,data,2
64301,,e4ee5ea81f4244d6b0cd00c0ac765ce5,ClimateJust - Grid (UK) - UKCP18,ArcGISFeatureLayer,71c9876f8b4546889de4f4a5899b50d6,https://nercdsh.dev.azure.manchester.ac.uk/server/rest/services/UPRN_PoC_Web_Layer_UK_v1/FeatureServer/23,,VectorDataset,/ClimateJust,0,tasmax_rcp85_rp20_2020_50p,Summer extreme maximum temperature very high emissions 20 year return period 2020 median,,True,True,False,/Summer Extreme Maximum Temperature/Very High Emissions,,,data,2
64401,,e4ee5ea81f4244d6b0cd00c0ac765ce5,ClimateJust - Grid (UK) - UKCP18,ArcGISFeatureLayer,71c9876f8b4546889de4f4a5899b50d6,https://nercdsh.dev.azure.manchester.ac.uk/server/rest/services/UPRN_PoC_Web_Layer_UK_v1/FeatureServer/23,,VectorDataset,/ClimateJust,0,tasmax_rcp85_rp20_2020_90p,Summer extreme maximum temperature very high emissions 20 year return period 2020 90th percentile,,True,True,False,/Summer Extreme Maximum Temperature/Very High Emissions,,,data,2
64501,,e4ee5ea81f4244d6b0cd00c0ac765ce5,ClimateJust - Grid (UK) - UKCP18,ArcGISFeatureLayer,71c9876f8b4546889de4f4a5899b50d6,https://nercdsh.dev.azure.manchester.ac.uk/server/rest/services/UPRN_PoC_Web_Layer_UK_v1/FeatureServer/23,,VectorDataset,/ClimateJust,0,tasmax_rcp85_rp20_2050_10p,Summer extreme maximum temperature very high emissions 20 year return period 2050 10th percentile,,True,True,False,/Summer Extreme Maximum Temperature/Very High Emissions,,,data,2
64601,,e4ee5ea81f4244d6b0cd00c0ac765ce5,ClimateJust - Grid (UK) - UKCP18,ArcGISFeatureLayer,71c9876f8b4546889de4f4a5899b50d6,https://nercdsh.dev.azure.manchester.ac.uk/server/rest/services/UPRN_PoC_Web_Layer_UK_v1/FeatureServer/23,,VectorDataset,/ClimateJust,0,tasmax_rcp85_rp20_2050_50p,Summer extreme maximum temperature very high emissions 20 year return period 2050 median,,True,True,False,/Summer Extreme Maximum Temperature/Very High Emissions,,,data,2
64701,,e4ee5ea81f4244d6b0cd00c0ac765ce5,ClimateJust - Grid (UK) - UKCP18,ArcGISFeatureLayer,71c9876f8b4546889de4f4a5899b50d6,https://nercdsh.dev.azure.manchester.ac.uk/server/rest/services/UPRN_PoC_Web_Layer_UK_v1/FeatureServer/23,,VectorDataset,/ClimateJust,0,tasmax_rcp85_rp20_2050_90p,Summer extreme maximum temperature very high emissions 20 year return period 2050 90th percentile,,True,True,False,/Summer Extreme Maximum Temperature/Very High Emissions,,,data,2
64801,,e4ee5ea81f4244d6b0cd00c0ac765ce5,ClimateJust - Grid (UK) - UKCP18,ArcGISFeatureLayer,71c9876f8b4546889de4f4a5899b50d6,https://nercdsh.dev.azure.manchester.ac.uk/server/rest/services/UPRN_PoC_Web_Layer_UK_v1/FeatureServer/23,,VectorDataset,/ClimateJust,0,tasmax_rcp85_rp20_2080_10p,Summer extreme maximum temperature very high emissions 20 year return period 2080 10th percentile,,True,True,False,/Summer Extreme Maximum Temperature/Very High Emissions,,,data,2
64901,,e4ee5ea81f4244d6b0cd00c0ac765ce5,ClimateJust - Grid (UK) - UKCP18,ArcGISFeatureLayer,71c9876f8b4546889de4f4a5899b50d6,https://nercdsh.dev.azure.manchester.ac.uk/server/rest/services/UPRN_PoC_Web_Layer_UK_v1/FeatureServer/23,,VectorDataset,/ClimateJust,0,tasmax_rcp85_rp20_2080_50p,Summer extreme maximum temperature very high emissions 20 year return period 2080 median,,True,True,False,/Summer Extreme Maximum Temperature/Very High Emissions,,,data,2
65001,,e4ee5ea81f4244d6b0cd00c0ac765ce5,ClimateJust - Grid (UK) - UKCP18,ArcGISFeatureLayer,71c9876f8b4546889de4f4a5899b50d6,https://nercdsh.dev.azure.manchester.ac.uk/server/rest/services/UPRN_PoC_Web_Layer_UK_v1/FeatureServer/23,,VectorDataset,/ClimateJust,0,tasmax_rcp85_rp20_2080_90p,Summer extreme maximum temperature very high emissions 20 year return period 2080 90th percentile,,True,True,False,/Summer Extreme Maximum Temperature/Very High Emissions,,,data,2
65101,,e4ee5ea81f4244d6b0cd00c0ac765ce5,ClimateJust - Grid (UK) - UKCP18,ArcGISFeatureLayer,71c9876f8b4546889de4f4a5899b50d6,https://nercdsh.dev.azure.manchester.ac.uk/server/rest/services/UPRN_PoC_Web_Layer_UK_v1/FeatureServer/23,,VectorDataset,/ClimateJust,0,tasmax_rcp85_rp50_2020_10p,Summer extreme maximum temperature very high emissions 50 year return period 2020 10th percentile,,True,True,False,/Summer Extreme Maximum Temperature/Very High Emissions,,,data,2
65201,,e4ee5ea81f4244d6b0cd00c0ac765ce5,ClimateJust - Grid (UK) - UKCP18,ArcGISFeatureLayer,71c9876f8b4546889de4f4a5899b50d6,https://nercdsh.dev.azure.manchester.ac.uk/server/rest/services/UPRN_PoC_Web_Layer_UK_v1/FeatureServer/23,,VectorDataset,/ClimateJust,0,tasmax_rcp85_rp50_2020_50p,Summer extreme maximum temperature very high emissions 50 year return period 2020 median,,True,True,False,/Summer Extreme Maximum Temperature/Very High Emissions,,,data,2
65301,,e4ee5ea81f4244d6b0cd00c0ac765ce5,ClimateJust - Grid (UK) - UKCP18,ArcGISFeatureLayer,71c9876f8b4546889de4f4a5899b50d6,https://nercdsh.dev.azure.manchester.ac.uk/server/rest/services/UPRN_PoC_Web_Layer_UK_v1/FeatureServer/23,,VectorDataset,/ClimateJust,0,tasmax_rcp85_rp50_2020_90p,Summer extreme maximum temperature very high emissions 50 year return period 2020 90th percentile,,True,True,False,/Summer Extreme Maximum Temperature/Very High Emissions,,,data,2
65401,,e4ee5ea81f4244d6b0cd00c0ac765ce5,ClimateJust - Grid (UK) - UKCP18,ArcGISFeatureLayer,71c9876f8b4546889de4f4a5899b50d6,https://nercdsh.dev.azure.manchester.ac.uk/server/rest/services/UPRN_PoC_Web_Layer_UK_v1/FeatureServer/23,,VectorDataset,/ClimateJust,0,tasmax_rcp85_rp50_2050_10p,Summer extreme maximum temperature very high emissions 50 year return period 2050 10th percentile,,True,True,False,/Summer Extreme Maximum Temperature/Very High Emissions,,,data,2
65501,,e4ee5ea81f4244d6b0cd00c0ac765ce5,ClimateJust - Grid (UK) - UKCP18,ArcGISFeatureLayer,71c9876f8b4546889de4f4a5899b50d6,https://nercdsh.dev.azure.manchester.ac.uk/server/rest/services/UPRN_PoC_Web_Layer_UK_v1/FeatureServer/23,,VectorDataset,/ClimateJust,0,tasmax_rcp85_rp50_2050_50p,Summer extreme maximum temperature very high emissions 50 year return period 2050 median,,True,True,False,/Summer Extreme Maximum Temperature/Very High Emissions,,,data,2
65601,,e4ee5ea81f4244d6b0cd00c0ac765ce5,ClimateJust - Grid (UK) - UKCP18,ArcGISFeatureLayer,71c9876f8b4546889de4f4a5899b50d6,https://nercdsh.dev.azure.manchester.ac.uk/server/rest/services/UPRN_PoC_Web_Layer_UK_v1/FeatureServer/23,,VectorDataset,/ClimateJust,0,tasmax_rcp85_rp50_2050_90p,Summer extreme maximum temperature very high emissions 50 year return period 2050 90th percentile,,True,True,False,/Summer Extreme Maximum Temperature/Very High Emissions,,,data,2
65701,,e4ee5ea81f4244d6b0cd00c0ac765ce5,ClimateJust - Grid (UK) - UKCP18,ArcGISFeatureLayer,71c9876f8b4546889de4f4a5899b50d6,https://nercdsh.dev.azure.manchester.ac.uk/server/rest/services/UPRN_PoC_Web_Layer_UK_v1/FeatureServer/23,,VectorDataset,/ClimateJust,0,tasmax_rcp85_rp50_2080_10p,Summer extreme maximum temperature very high emissions 50 year return period 2080 10th percentile,,True,True,False,/Summer Extreme Maximum Temperature/Very High Emissions,,,data,2
65801,,e4ee5ea81f4244d6b0cd00c0ac765ce5,ClimateJust - Grid (UK) - UKCP18,ArcGISFeatureLayer,71c9876f8b4546889de4f4a5899b50d6,https://nercdsh.dev.azure.manchester.ac.uk/server/rest/services/UPRN_PoC_Web_Layer_UK_v1/FeatureServer/23,,VectorDataset,/ClimateJust,0,tasmax_rcp85_rp50_2080_50p,Summer extreme maximum temperature very high emissions 50 year return period 2080 median,,True,True,False,/Summer Extreme Maximum Temperature/Very High Emissions,,,data,2
65901,,e4ee5ea81f4244d6b0cd00c0ac765ce5,ClimateJust - Grid (UK) - UKCP18,ArcGISFeatureLayer,71c9876f8b4546889de4f4a5899b50d6,https://nercdsh.dev.azure.manchester.ac.uk/server/rest/services/UPRN_PoC_Web_Layer_UK_v1/FeatureServer/23,,VectorDataset,/ClimateJust,0,tasmax_rcp85_rp50_2080_90p,Summer extreme maximum temperature very high emissions 50 year return period 2080 90th percentile,,True,True,False,/Summer Extreme Maximum Temperature/Very High Emissions,,,data,2
66001,,e4ee5ea81f4244d6b0cd00c0ac765ce5,ClimateJust - Grid (UK) - UKCP18,ArcGISFeatureLayer,71c9876f8b4546889de4f4a5899b50d6,https://nercdsh.dev.azure.manchester.ac.uk/server/rest/services/UPRN_PoC_Web_Layer_UK_v1/FeatureServer/23,,VectorDataset,/ClimateJust,0,tasmax_rcp85_rp100_2020_10p,Summer extreme maximum temperature very high emissions 100 year return period 2020 10th percentile,,True,True,False,/Summer Extreme Maximum Temperature/Very High Emissions,,,data,2
66101,,e4ee5ea81f4244d6b0cd00c0ac765ce5,ClimateJust - Grid (UK) - UKCP18,ArcGISFeatureLayer,71c9876f8b4546889de4f4a5899b50d6,https://nercdsh.dev.azure.manchester.ac.uk/server/rest/services/UPRN_PoC_Web_Layer_UK_v1/FeatureServer/23,,VectorDataset,/ClimateJust,0,tasmax_rcp85_rp100_2020_50p,Summer extreme maximum temperature very high emissions 100 year return period 2020 median,,True,True,False,/Summer Extreme Maximum Temperature/Very High Emissions,,,data,2
66201,,e4ee5ea81f4244d6b0cd00c0ac765ce5,ClimateJust - Grid (UK) - UKCP18,ArcGISFeatureLayer,71c9876f8b4546889de4f4a5899b50d6,https://nercdsh.dev.azure.manchester.ac.uk/server/rest/services/UPRN_PoC_Web_Layer_UK_v1/FeatureServer/23,,VectorDataset,/ClimateJust,0,tasmax_rcp85_rp100_2020_90p,Summer extreme maximum temperature very high emissions 100 year return period 2020 90th percentile,,True,True,False,/Summer Extreme Maximum Temperature/Very High Emissions,,,data,2
66301,,e4ee5ea81f4244d6b0cd00c0ac765ce5,ClimateJust - Grid (UK) - UKCP18,ArcGISFeatureLayer,71c9876f8b4546889de4f4a5899b50d6,https://nercdsh.dev.azure.manchester.ac.uk/server/rest/services/UPRN_PoC_Web_Layer_UK_v1/FeatureServer/23,,VectorDataset,/ClimateJust,0,tasmax_rcp85_rp100_2050_10p,Summer extreme maximum temperature very high emissions 100 year return period 2050 10th percentile,,True,True,False,/Summer Extreme Maximum Temperature/Very High Emissions,,,data,2
66401,,e4ee5ea81f4244d6b0cd00c0ac765ce5,ClimateJust - Grid (UK) - UKCP18,ArcGISFeatureLayer,71c9876f8b4546889de4f4a5899b50d6,https://nercdsh.dev.azure.manchester.ac.uk/server/rest/services/UPRN_PoC_Web_Layer_UK_v1/FeatureServer/23,,VectorDataset,/ClimateJust,0,tasmax_rcp85_rp100_2050_50p,Summer extreme maximum temperature very high emissions 100 year return period 2050 median,,True,True,False,/Summer Extreme Maximum Temperature/Very High Emissions,,,data,2
66501,,e4ee5ea81f4244d6b0cd00c0ac765ce5,ClimateJust - Grid (UK) - UKCP18,ArcGISFeatureLayer,71c9876f8b4546889de4f4a5899b50d6,https://nercdsh.dev.azure.manchester.ac.uk/server/rest/services/UPRN_PoC_Web_Layer_UK_v1/FeatureServer/23,,VectorDataset,/ClimateJust,0,tasmax_rcp85_rp100_2050_90p,Summer extreme maximum temperature very high emissions 100 year return period 2050 90th percentile,,True,True,False,/Summer Extreme Maximum Temperature/Very High Emissions,,,data,2
66601,,e4ee5ea81f4244d6b0cd00c0ac765ce5,ClimateJust - Grid (UK) - UKCP18,ArcGISFeatureLayer,71c9876f8b4546889de4f4a5899b50d6,https://nercdsh.dev.azure.manchester.ac.uk/server/rest/services/UPRN_PoC_Web_Layer_UK_v1/FeatureServer/23,,VectorDataset,/ClimateJust,0,tasmax_rcp85_rp100_2080_10p,Summer extreme maximum temperature very high emissions 100 year return period 2080 10th percentile,,True,True,False,/Summer Extreme Maximum Temperature/Very High Emissions,,,data,2
66701,,e4ee5ea81f4244d6b0cd00c0ac765ce5,ClimateJust - Grid (UK) - UKCP18,ArcGISFeatureLayer,71c9876f8b4546889de4f4a5899b50d6,https://nercdsh.dev.azure.manchester.ac.uk/server/rest/services/UPRN_PoC_Web_Layer_UK_v1/FeatureServer/23,,VectorDataset,/ClimateJust,0,tasmax_rcp85_rp100_2080_50p,Summer extreme maximum temperature very high emissions 100 year return period 2080 median,,True,True,False,/Summer Extreme Maximum Temperature/Very High Emissions,,,data,2
66801,,e4ee5ea81f4244d6b0cd00c0ac765ce5,ClimateJust - Grid (UK) - UKCP18,ArcGISFeatureLayer,71c9876f8b4546889de4f4a5899b50d6,https://nercdsh.dev.azure.manchester.ac.uk/server/rest/services/UPRN_PoC_Web_Layer_UK_v1/FeatureServer/23,,VectorDataset,/ClimateJust,0,tasmax_rcp85_rp100_2080_90p,Summer extreme maximum temperature very high emissions 100 year return period 2080 90th percentile,,True,True,False,/Summer Extreme Maximum Temperature/Very High Emissions,,,data,2
66901,,e4ee5ea81f4244d6b0cd00c0ac765ce5,ClimateJust - Grid (UK) - UKCP18,ArcGISFeatureLayer,71c9876f8b4546889de4f4a5899b50d6,https://nercdsh.dev.azure.manchester.ac.uk/server/rest/services/UPRN_PoC_Web_Layer_UK_v1/FeatureServer/23,,VectorDataset,/ClimateJust,0,z_ar_tasmax_rcp26_rp20_2020_10p,Summer extreme Relative Z-score maximum temperature low emissions 20 year return period 2020 10th percentile,,True,True,False,/Summer Extreme Relative Z-score Maximum Temperature/Low Emissions,,,data,2
67001,,e4ee5ea81f4244d6b0cd00c0ac765ce5,ClimateJust - Grid (UK) - UKCP18,ArcGISFeatureLayer,71c9876f8b4546889de4f4a5899b50d6,https://nercdsh.dev.azure.manchester.ac.uk/server/rest/services/UPRN_PoC_Web_Layer_UK_v1/FeatureServer/23,,VectorDataset,/ClimateJust,0,z_ar_tasmax_rcp26_rp20_2020_50p,Summer extreme Relative Z-score maximum temperature low emissions 20 year return period 2020 median,,True,True,False,/Summer Extreme Relative Z-score Maximum Temperature/Low Emissions,,,data,2
67101,,e4ee5ea81f4244d6b0cd00c0ac765ce5,ClimateJust - Grid (UK) - UKCP18,ArcGISFeatureLayer,71c9876f8b4546889de4f4a5899b50d6,https://nercdsh.dev.azure.manchester.ac.uk/server/rest/services/UPRN_PoC_Web_Layer_UK_v1/FeatureServer/23,,VectorDataset,/ClimateJust,0,z_ar_tasmax_rcp26_rp20_2020_90p,Summer extreme Relative Z-score maximum temperature low emissions 20 year return period 2020 90th percentile,,True,True,False,/Summer Extreme Relative Z-score Maximum Temperature/Low Emissions,,,data,2
67201,,e4ee5ea81f4244d6b0cd00c0ac765ce5,ClimateJust - Grid (UK) - UKCP18,ArcGISFeatureLayer,71c9876f8b4546889de4f4a5899b50d6,https://nercdsh.dev.azure.manchester.ac.uk/server/rest/services/UPRN_PoC_Web_Layer_UK_v1/FeatureServer/23,,VectorDataset,/ClimateJust,0,z_ar_tasmax_rcp26_rp20_2050_10p,Summer extreme Relative Z-score maximum temperature low emissions 20 year return period 2050 10th percentile,,True,True,False,/Summer Extreme Relative Z-score Maximum Temperature/Low Emissions,,,data,2
67301,,e4ee5ea81f4244d6b0cd00c0ac765ce5,ClimateJust - Grid (UK) - UKCP18,ArcGISFeatureLayer,71c9876f8b4546889de4f4a5899b50d6,https://nercdsh.dev.azure.manchester.ac.uk/server/rest/services/UPRN_PoC_Web_Layer_UK_v1/FeatureServer/23,,VectorDataset,/ClimateJust,0,z_ar_tasmax_rcp26_rp20_2050_50p,Summer extreme Relative Z-score maximum temperature low emissions 20 year return period 2050 median,,True,True,False,/Summer Extreme Relative Z-score Maximum Temperature/Low Emissions,,,data,2
67401,,e4ee5ea81f4244d6b0cd00c0ac765ce5,ClimateJust - Grid (UK) - UKCP18,ArcGISFeatureLayer,71c9876f8b4546889de4f4a5899b50d6,https://nercdsh.dev.azure.manchester.ac.uk/server/rest/services/UPRN_PoC_Web_Layer_UK_v1/FeatureServer/23,,VectorDataset,/ClimateJust,0,z_ar_tasmax_rcp26_rp20_2050_90p,Summer extreme Relative Z-score maximum temperature low emissions 20 year return period 2050 90th percentile,,True,True,False,/Summer Extreme Relative Z-score Maximum Temperature/Low Emissions,,,data,2
67501,,e4ee5ea81f4244d6b0cd00c0ac765ce5,ClimateJust - Grid (UK) - UKCP18,ArcGISFeatureLayer,71c9876f8b4546889de4f4a5899b50d6,https://nercdsh.dev.azure.manchester.ac.uk/server/rest/services/UPRN_PoC_Web_Layer_UK_v1/FeatureServer/23,,VectorDataset,/ClimateJust,0,z_ar_tasmax_rcp26_rp20_2080_10p,Summer extreme Relative Z-score maximum temperature low emissions 20 year return period 2080 10th percentile,,True,True,False,/Summer Extreme Relative Z-score Maximum Temperature/Low Emissions,,,data,2
67601,,e4ee5ea81f4244d6b0cd00c0ac765ce5,ClimateJust - Grid (UK) - UKCP18,ArcGISFeatureLayer,71c9876f8b4546889de4f4a5899b50d6,https://nercdsh.dev.azure.manchester.ac.uk/server/rest/services/UPRN_PoC_Web_Layer_UK_v1/FeatureServer/23,,VectorDataset,/ClimateJust,0,z_ar_tasmax_rcp26_rp20_2080_50p,Summer extreme Relative Z-score maximum temperature low emissions 20 year return period 2080 median,,True,True,False,/Summer Extreme Relative Z-score Maximum Temperature/Low Emissions,,,data,2
67701,,e4ee5ea81f4244d6b0cd00c0ac765ce5,ClimateJust - Grid (UK) - UKCP18,ArcGISFeatureLayer,71c9876f8b4546889de4f4a5899b50d6,https://nercdsh.dev.azure.manchester.ac.uk/server/rest/services/UPRN_PoC_Web_Layer_UK_v1/FeatureServer/23,,VectorDataset,/ClimateJust,0,z_ar_tasmax_rcp26_rp20_2080_90p,Summer extreme Relative Z-score maximum temperature low emissions 20 year return period 2080 90th percentile,,True,True,False,/Summer Extreme Relative Z-score Maximum Temperature/Low Emissions,,,data,2
67801,,e4ee5ea81f4244d6b0cd00c0ac765ce5,ClimateJust - Grid (UK) - UKCP18,ArcGISFeatureLayer,71c9876f8b4546889de4f4a5899b50d6,https://nercdsh.dev.azure.manchester.ac.uk/server/rest/services/UPRN_PoC_Web_Layer_UK_v1/FeatureServer/23,,VectorDataset,/ClimateJust,0,z_ar_tasmax_rcp26_rp50_2020_10p,Summer extreme Relative Z-score maximum temperature low emissions 50 year return period 2020 10th percentile,,True,True,False,/Summer Extreme Relative Z-score Maximum Temperature/Low Emissions,,,data,2
67901,,e4ee5ea81f4244d6b0cd00c0ac765ce5,ClimateJust - Grid (UK) - UKCP18,ArcGISFeatureLayer,71c9876f8b4546889de4f4a5899b50d6,https://nercdsh.dev.azure.manchester.ac.uk/server/rest/services/UPRN_PoC_Web_Layer_UK_v1/FeatureServer/23,,VectorDataset,/ClimateJust,0,z_ar_tasmax_rcp26_rp50_2020_50p,Summer extreme Relative Z-score maximum temperature low emissions 50 year return period 2020 median,,True,True,False,/Summer Extreme Relative Z-score Maximum Temperature/Low Emissions,,,data,2
68001,,e4ee5ea81f4244d6b0cd00c0ac765ce5,ClimateJust - Grid (UK) - UKCP18,ArcGISFeatureLayer,71c9876f8b4546889de4f4a5899b50d6,https://nercdsh.dev.azure.manchester.ac.uk/server/rest/services/UPRN_PoC_Web_Layer_UK_v1/FeatureServer/23,,VectorDataset,/ClimateJust,0,z_ar_tasmax_rcp26_rp50_2020_90p,Summer extreme Relative Z-score maximum temperature low emissions 50 year return period 2020 90th percentile,,True,True,False,/Summer Extreme Relative Z-score Maximum Temperature/Low Emissions,,,data,2
68101,,e4ee5ea81f4244d6b0cd00c0ac765ce5,ClimateJust - Grid (UK) - UKCP18,ArcGISFeatureLayer,71c9876f8b4546889de4f4a5899b50d6,https://nercdsh.dev.azure.manchester.ac.uk/server/rest/services/UPRN_PoC_Web_Layer_UK_v1/FeatureServer/23,,VectorDataset,/ClimateJust,0,z_ar_tasmax_rcp26_rp50_2050_10p,Summer extreme Relative Z-score maximum temperature low emissions 50 year return period 2050 10th percentile,,True,True,False,/Summer Extreme Relative Z-score Maximum Temperature/Low Emissions,,,data,2
68201,,e4ee5ea81f4244d6b0cd00c0ac765ce5,ClimateJust - Grid (UK) - UKCP18,ArcGISFeatureLayer,71c9876f8b4546889de4f4a5899b50d6,https://nercdsh.dev.azure.manchester.ac.uk/server/rest/services/UPRN_PoC_Web_Layer_UK_v1/FeatureServer/23,,VectorDataset,/ClimateJust,0,z_ar_tasmax_rcp26_rp50_2050_50p,Summer extreme Relative Z-score maximum temperature low emissions 50 year return period 2050 median,,True,True,False,/Summer Extreme Relative Z-score Maximum Temperature/Low Emissions,,,data,2
68301,,e4ee5ea81f4244d6b0cd00c0ac765ce5,ClimateJust - Grid (UK) - UKCP18,ArcGISFeatureLayer,71c9876f8b4546889de4f4a5899b50d6,https://nercdsh.dev.azure.manchester.ac.uk/server/rest/services/UPRN_PoC_Web_Layer_UK_v1/FeatureServer/23,,VectorDataset,/ClimateJust,0,z_ar_tasmax_rcp26_rp50_2050_90p,Summer extreme Relative Z-score maximum temperature low emissions 50 year return period 2050 90th percentile,,True,True,False,/Summer Extreme Relative Z-score Maximum Temperature/Low Emissions,,,data,2
68401,,e4ee5ea81f4244d6b0cd00c0ac765ce5,ClimateJust - Grid (UK) - UKCP18,ArcGISFeatureLayer,71c9876f8b4546889de4f4a5899b50d6,https://nercdsh.dev.azure.manchester.ac.uk/server/rest/services/UPRN_PoC_Web_Layer_UK_v1/FeatureServer/23,,VectorDataset,/ClimateJust,0,z_ar_tasmax_rcp26_rp50_2080_10p,Summer extreme Relative Z-score maximum temperature low emissions 50 year return period 2080 10th percentile,,True,True,False,/Summer Extreme Relative Z-score Maximum Temperature/Low Emissions,,,data,2
68501,,e4ee5ea81f4244d6b0cd00c0ac765ce5,ClimateJust - Grid (UK) - UKCP18,ArcGISFeatureLayer,71c9876f8b4546889de4f4a5899b50d6,https://nercdsh.dev.azure.manchester.ac.uk/server/rest/services/UPRN_PoC_Web_Layer_UK_v1/FeatureServer/23,,VectorDataset,/ClimateJust,0,z_ar_tasmax_rcp26_rp50_2080_50p,Summer extreme Relative Z-score maximum temperature low emissions 50 year return period 2080 median,,True,True,False,/Summer Extreme Relative Z-score Maximum Temperature/Low Emissions,,,data,2
68601,,e4ee5ea81f4244d6b0cd00c0ac765ce5,ClimateJust - Grid (UK) - UKCP18,ArcGISFeatureLayer,71c9876f8b4546889de4f4a5899b50d6,https://nercdsh.dev.azure.manchester.ac.uk/server/rest/services/UPRN_PoC_Web_Layer_UK_v1/FeatureServer/23,,VectorDataset,/ClimateJust,0,z_ar_tasmax_rcp26_rp50_2080_90p,Summer extreme Relative Z-score maximum temperature low emissions 50 year return period 2080 90th percentile,,True,True,False,/Summer Extreme Relative Z-score Maximum Temperature/Low Emissions,,,data,2
68701,,e4ee5ea81f4244d6b0cd00c0ac765ce5,ClimateJust - Grid (UK) - UKCP18,ArcGISFeatureLayer,71c9876f8b4546889de4f4a5899b50d6,https://nercdsh.dev.azure.manchester.ac.uk/server/rest/services/UPRN_PoC_Web_Layer_UK_v1/FeatureServer/23,,VectorDataset,/ClimateJust,0,z_ar_tasmax_rcp26_rp100_2020_10,Summer extreme Relative Z-score maximum temperature low emissions 100 year return period 2020 10th percentile,,True,True,False,/Summer Extreme Relative Z-score Maximum Temperature/Low Emissions,,,data,2
68801,,e4ee5ea81f4244d6b0cd00c0ac765ce5,ClimateJust - Grid (UK) - UKCP18,ArcGISFeatureLayer,71c9876f8b4546889de4f4a5899b50d6,https://nercdsh.dev.azure.manchester.ac.uk/server/rest/services/UPRN_PoC_Web_Layer_UK_v1/FeatureServer/23,,VectorDataset,/ClimateJust,0,z_ar_tasmax_rcp26_rp100_2020_50,Summer extreme Relative Z-score maximum temperature low emissions 100 year return period 2020 median,,True,True,False,/Summer Extreme Relative Z-score Maximum Temperature/Low Emissions,,,data,2
68901,,e4ee5ea81f4244d6b0cd00c0ac765ce5,ClimateJust - Grid (UK) - UKCP18,ArcGISFeatureLayer,71c9876f8b4546889de4f4a5899b50d6,https://nercdsh.dev.azure.manchester.ac.uk/server/rest/services/UPRN_PoC_Web_Layer_UK_v1/FeatureServer/23,,VectorDataset,/ClimateJust,0,z_ar_tasmax_rcp26_rp100_2020_90,Summer extreme Relative Z-score maximum temperature low emissions 100 year return period 2020 90th percentile,,True,True,False,/Summer Extreme Relative Z-score Maximum Temperature/Low Emissions,,,data,2
69001,,e4ee5ea81f4244d6b0cd00c0ac765ce5,ClimateJust - Grid (UK) - UKCP18,ArcGISFeatureLayer,71c9876f8b4546889de4f4a5899b50d6,https://nercdsh.dev.azure.manchester.ac.uk/server/rest/services/UPRN_PoC_Web_Layer_UK_v1/FeatureServer/23,,VectorDataset,/ClimateJust,0,z_ar_tasmax_rcp26_rp100_2050_10,Summer extreme Relative Z-score maximum temperature low emissions 100 year return period 2050 10th percentile,,True,True,False,/Summer Extreme Relative Z-score Maximum Temperature/Low Emissions,,,data,2
69101,,e4ee5ea81f4244d6b0cd00c0ac765ce5,ClimateJust - Grid (UK) - UKCP18,ArcGISFeatureLayer,71c9876f8b4546889de4f4a5899b50d6,https://nercdsh.dev.azure.manchester.ac.uk/server/rest/services/UPRN_PoC_Web_Layer_UK_v1/FeatureServer/23,,VectorDataset,/ClimateJust,0,z_ar_tasmax_rcp26_rp100_2050_50,Summer extreme Relative Z-score maximum temperature low emissions 100 year return period 2050 median,,True,True,False,/Summer Extreme Relative Z-score Maximum Temperature/Low Emissions,,,data,2
69201,,e4ee5ea81f4244d6b0cd00c0ac765ce5,ClimateJust - Grid (UK) - UKCP18,ArcGISFeatureLayer,71c9876f8b4546889de4f4a5899b50d6,https://nercdsh.dev.azure.manchester.ac.uk/server/rest/services/UPRN_PoC_Web_Layer_UK_v1/FeatureServer/23,,VectorDataset,/ClimateJust,0,z_ar_tasmax_rcp26_rp100_2050_90,Summer extreme Relative Z-score maximum temperature low emissions 100 year return period 2050 90th percentile,,True,True,False,/Summer Extreme Relative Z-score Maximum Temperature/Low Emissions,,,data,2
69301,,e4ee5ea81f4244d6b0cd00c0ac765ce5,ClimateJust - Grid (UK) - UKCP18,ArcGISFeatureLayer,71c9876f8b4546889de4f4a5899b50d6,https://nercdsh.dev.azure.manchester.ac.uk/server/rest/services/UPRN_PoC_Web_Layer_UK_v1/FeatureServer/23,,VectorDataset,/ClimateJust,0,z_ar_tasmax_rcp26_rp100_2080_10,Summer extreme Relative Z-score maximum temperature low emissions 100 year return period 2080 10th percentile,,True,True,False,/Summer Extreme Relative Z-score Maximum Temperature/Low Emissions,,,data,2
69401,,e4ee5ea81f4244d6b0cd00c0ac765ce5,ClimateJust - Grid (UK) - UKCP18,ArcGISFeatureLayer,71c9876f8b4546889de4f4a5899b50d6,https://nercdsh.dev.azure.manchester.ac.uk/server/rest/services/UPRN_PoC_Web_Layer_UK_v1/FeatureServer/23,,VectorDataset,/ClimateJust,0,z_ar_tasmax_rcp26_rp100_2080_50,Summer extreme Relative Z-score maximum temperature low emissions 100 year return period 2080 median,,True,True,False,/Summer Extreme Relative Z-score Maximum Temperature/Low Emissions,,,data,2
69501,,e4ee5ea81f4244d6b0cd00c0ac765ce5,ClimateJust - Grid (UK) - UKCP18,ArcGISFeatureLayer,71c9876f8b4546889de4f4a5899b50d6,https://nercdsh.dev.azure.manchester.ac.uk/server/rest/services/UPRN_PoC_Web_Layer_UK_v1/FeatureServer/23,,VectorDataset,/ClimateJust,0,z_ar_tasmax_rcp26_rp100_2080_90,Summer extreme Relative Z-score maximum temperature low emissions 100 year return period 2080 90th percentile,,True,True,False,/Summer Extreme Relative Z-score Maximum Temperature/Low Emissions,,,data,2
69601,,e4ee5ea81f4244d6b0cd00c0ac765ce5,ClimateJust - Grid (UK) - UKCP18,ArcGISFeatureLayer,71c9876f8b4546889de4f4a5899b50d6,https://nercdsh.dev.azure.manchester.ac.uk/server/rest/services/UPRN_PoC_Web_Layer_UK_v1/FeatureServer/23,,VectorDataset,/ClimateJust,0,z_ar_tasmax_rcp45_rp20_2020_10p,Summer extreme Relative Z-score maximum temperature moderate emissions 20 year return period 2020 10th percentile,,True,True,False,/Summer Extreme Relative Z-score Maximum Temperature/Moderate Emissions,,,data,2
69701,,e4ee5ea81f4244d6b0cd00c0ac765ce5,ClimateJust - Grid (UK) - UKCP18,ArcGISFeatureLayer,71c9876f8b4546889de4f4a5899b50d6,https://nercdsh.dev.azure.manchester.ac.uk/server/rest/services/UPRN_PoC_Web_Layer_UK_v1/FeatureServer/23,,VectorDataset,/ClimateJust,0,z_ar_tasmax_rcp45_rp20_2020_50p,Summer extreme Relative Z-score maximum temperature moderate emissions 20 year return period 2020 median,,True,True,False,/Summer Extreme Relative Z-score Maximum Temperature/Moderate Emissions,,,data,2
69801,,e4ee5ea81f4244d6b0cd00c0ac765ce5,ClimateJust - Grid (UK) - UKCP18,ArcGISFeatureLayer,71c9876f8b4546889de4f4a5899b50d6,https://nercdsh.dev.azure.manchester.ac.uk/server/rest/services/UPRN_PoC_Web_Layer_UK_v1/FeatureServer/23,,VectorDataset,/ClimateJust,0,z_ar_tasmax_rcp45_rp20_2020_90p,Summer extreme Relative Z-score maximum temperature moderate emissions 20 year return period 2020 90th percentile,,True,True,False,/Summer Extreme Relative Z-score Maximum Temperature/Moderate Emissions,,,data,2
69901,,e4ee5ea81f4244d6b0cd00c0ac765ce5,ClimateJust - Grid (UK) - UKCP18,ArcGISFeatureLayer,71c9876f8b4546889de4f4a5899b50d6,https://nercdsh.dev.azure.manchester.ac.uk/server/rest/services/UPRN_PoC_Web_Layer_UK_v1/FeatureServer/23,,VectorDataset,/ClimateJust,0,z_ar_tasmax_rcp45_rp20_2050_10p,Summer extreme Relative Z-score maximum temperature moderate emissions 20 year return period 2050 10th percentile,,True,True,False,/Summer Extreme Relative Z-score Maximum Temperature/Moderate Emissions,,,data,2
70001,,e4ee5ea81f4244d6b0cd00c0ac765ce5,ClimateJust - Grid (UK) - UKCP18,ArcGISFeatureLayer,71c9876f8b4546889de4f4a5899b50d6,https://nercdsh.dev.azure.manchester.ac.uk/server/rest/services/UPRN_PoC_Web_Layer_UK_v1/FeatureServer/23,,VectorDataset,/ClimateJust,0,z_ar_tasmax_rcp45_rp20_2050_50p,Summer extreme Relative Z-score maximum temperature moderate emissions 20 year return period 2050 median,,True,True,False,/Summer Extreme Relative Z-score Maximum Temperature/Moderate Emissions,,,data,2
70101,,e4ee5ea81f4244d6b0cd00c0ac765ce5,ClimateJust - Grid (UK) - UKCP18,ArcGISFeatureLayer,71c9876f8b4546889de4f4a5899b50d6,https://nercdsh.dev.azure.manchester.ac.uk/server/rest/services/UPRN_PoC_Web_Layer_UK_v1/FeatureServer/23,,VectorDataset,/ClimateJust,0,z_ar_tasmax_rcp45_rp20_2050_90p,Summer extreme Relative Z-score maximum temperature moderate emissions 20 year return period 2050 90th percentile,,True,True,False,/Summer Extreme Relative Z-score Maximum Temperature/Moderate Emissions,,,data,2
70201,,e4ee5ea81f4244d6b0cd00c0ac765ce5,ClimateJust - Grid (UK) - UKCP18,ArcGISFeatureLayer,71c9876f8b4546889de4f4a5899b50d6,https://nercdsh.dev.azure.manchester.ac.uk/server/rest/services/UPRN_PoC_Web_Layer_UK_v1/FeatureServer/23,,VectorDataset,/ClimateJust,0,z_ar_tasmax_rcp45_rp20_2080_10p,Summer extreme Relative Z-score maximum temperature moderate emissions 20 year return period 2080 10th percentile,,True,True,False,/Summer Extreme Relative Z-score Maximum Temperature/Moderate Emissions,,,data,2
70301,,e4ee5ea81f4244d6b0cd00c0ac765ce5,ClimateJust - Grid (UK) - UKCP18,ArcGISFeatureLayer,71c9876f8b4546889de4f4a5899b50d6,https://nercdsh.dev.azure.manchester.ac.uk/server/rest/services/UPRN_PoC_Web_Layer_UK_v1/FeatureServer/23,,VectorDataset,/ClimateJust,0,z_ar_tasmax_rcp45_rp20_2080_50p,Summer extreme Relative Z-score maximum temperature moderate emissions 20 year return period 2080 median,,True,True,False,/Summer Extreme Relative Z-score Maximum Temperature/Moderate Emissions,,,data,2
70401,,e4ee5ea81f4244d6b0cd00c0ac765ce5,ClimateJust - Grid (UK) - UKCP18,ArcGISFeatureLayer,71c9876f8b4546889de4f4a5899b50d6,https://nercdsh.dev.azure.manchester.ac.uk/server/rest/services/UPRN_PoC_Web_Layer_UK_v1/FeatureServer/23,,VectorDataset,/ClimateJust,0,z_ar_tasmax_rcp45_rp20_2080_90p,Summer extreme Relative Z-score maximum temperature moderate emissions 20 year return period 2080 90th percentile,,True,True,False,/Summer Extreme Relative Z-score Maximum Temperature/Moderate Emissions,,,data,2
70501,,e4ee5ea81f4244d6b0cd00c0ac765ce5,ClimateJust - Grid (UK) - UKCP18,ArcGISFeatureLayer,71c9876f8b4546889de4f4a5899b50d6,https://nercdsh.dev.azure.manchester.ac.uk/server/rest/services/UPRN_PoC_Web_Layer_UK_v1/FeatureServer/23,,VectorDataset,/ClimateJust,0,z_ar_tasmax_rcp45_rp50_2020_10p,Summer extreme Relative Z-score maximum temperature moderate emissions 50 year return period 2020 10th percentile,,True,True,False,/Summer Extreme Relative Z-score Maximum Temperature/Moderate Emissions,,,data,2
70601,,e4ee5ea81f4244d6b0cd00c0ac765ce5,ClimateJust - Grid (UK) - UKCP18,ArcGISFeatureLayer,71c9876f8b4546889de4f4a5899b50d6,https://nercdsh.dev.azure.manchester.ac.uk/server/rest/services/UPRN_PoC_Web_Layer_UK_v1/FeatureServer/23,,VectorDataset,/ClimateJust,0,z_ar_tasmax_rcp45_rp50_2020_50p,Summer extreme Relative Z-score maximum temperature moderate emissions 50 year return period 2020 median,,True,True,False,/Summer Extreme Relative Z-score Maximum Temperature/Moderate Emissions,,,data,2
70701,,e4ee5ea81f4244d6b0cd00c0ac765ce5,ClimateJust - Grid (UK) - UKCP18,ArcGISFeatureLayer,71c9876f8b4546889de4f4a5899b50d6,https://nercdsh.dev.azure.manchester.ac.uk/server/rest/services/UPRN_PoC_Web_Layer_UK_v1/FeatureServer/23,,VectorDataset,/ClimateJust,0,z_ar_tasmax_rcp45_rp50_2020_90p,Summer extreme Relative Z-score maximum temperature moderate emissions 50 year return period 2020 90th percentile,,True,True,False,/Summer Extreme Relative Z-score Maximum Temperature/Moderate Emissions,,,data,2
70801,,e4ee5ea81f4244d6b0cd00c0ac765ce5,ClimateJust - Grid (UK) - UKCP18,ArcGISFeatureLayer,71c9876f8b4546889de4f4a5899b50d6,https://nercdsh.dev.azure.manchester.ac.uk/server/rest/services/UPRN_PoC_Web_Layer_UK_v1/FeatureServer/23,,VectorDataset,/ClimateJust,0,z_ar_tasmax_rcp45_rp50_2050_10p,Summer extreme Relative Z-score maximum temperature moderate emissions 50 year return period 2050 10th percentile,,True,True,False,/Summer Extreme Relative Z-score Maximum Temperature/Moderate Emissions,,,data,2
70901,,e4ee5ea81f4244d6b0cd00c0ac765ce5,ClimateJust - Grid (UK) - UKCP18,ArcGISFeatureLayer,71c9876f8b4546889de4f4a5899b50d6,https://nercdsh.dev.azure.manchester.ac.uk/server/rest/services/UPRN_PoC_Web_Layer_UK_v1/FeatureServer/23,,VectorDataset,/ClimateJust,0,z_ar_tasmax_rcp45_rp50_2050_50p,Summer extreme Relative Z-score maximum temperature moderate emissions 50 year return period 2050 median,,True,True,False,/Summer Extreme Relative Z-score Maximum Temperature/Moderate Emissions,,,data,2
71001,,e4ee5ea81f4244d6b0cd00c0ac765ce5,ClimateJust - Grid (UK) - UKCP18,ArcGISFeatureLayer,71c9876f8b4546889de4f4a5899b50d6,https://nercdsh.dev.azure.manchester.ac.uk/server/rest/services/UPRN_PoC_Web_Layer_UK_v1/FeatureServer/23,,VectorDataset,/ClimateJust,0,z_ar_tasmax_rcp45_rp50_2050_90p,Summer extreme Relative Z-score maximum temperature moderate emissions 50 year return period 2050 90th percentile,,True,True,False,/Summer Extreme Relative Z-score Maximum Temperature/Moderate Emissions,,,data,2
71101,,e4ee5ea81f4244d6b0cd00c0ac765ce5,ClimateJust - Grid (UK) - UKCP18,ArcGISFeatureLayer,71c9876f8b4546889de4f4a5899b50d6,https://nercdsh.dev.azure.manchester.ac.uk/server/rest/services/UPRN_PoC_Web_Layer_UK_v1/FeatureServer/23,,VectorDataset,/ClimateJust,0,z_ar_tasmax_rcp45_rp50_2080_10p,Summer extreme Relative Z-score maximum temperature moderate emissions 50 year return period 2080 10th percentile,,True,True,False,/Summer Extreme Relative Z-score Maximum Temperature/Moderate Emissions,,,data,2
71201,,e4ee5ea81f4244d6b0cd00c0ac765ce5,ClimateJust - Grid (UK) - UKCP18,ArcGISFeatureLayer,71c9876f8b4546889de4f4a5899b50d6,https://nercdsh.dev.azure.manchester.ac.uk/server/rest/services/UPRN_PoC_Web_Layer_UK_v1/FeatureServer/23,,VectorDataset,/ClimateJust,0,z_ar_tasmax_rcp45_rp50_2080_50p,Summer extreme Relative Z-score maximum temperature moderate emissions 50 year return period 2080 median,,True,True,False,/Summer Extreme Relative Z-score Maximum Temperature/Moderate Emissions,,,data,2
71301,,e4ee5ea81f4244d6b0cd00c0ac765ce5,ClimateJust - Grid (UK) - UKCP18,ArcGISFeatureLayer,71c9876f8b4546889de4f4a5899b50d6,https://nercdsh.dev.azure.manchester.ac.uk/server/rest/services/UPRN_PoC_Web_Layer_UK_v1/FeatureServer/23,,VectorDataset,/ClimateJust,0,z_ar_tasmax_rcp45_rp50_2080_90p,Summer extreme Relative Z-score maximum temperature moderate emissions 50 year return period 2080 90th percentile,,True,True,False,/Summer Extreme Relative Z-score Maximum Temperature/Moderate Emissions,,,data,2
71401,,e4ee5ea81f4244d6b0cd00c0ac765ce5,ClimateJust - Grid (UK) - UKCP18,ArcGISFeatureLayer,71c9876f8b4546889de4f4a5899b50d6,https://nercdsh.dev.azure.manchester.ac.uk/server/rest/services/UPRN_PoC_Web_Layer_UK_v1/FeatureServer/23,,VectorDataset,/ClimateJust,0,z_ar_tasmax_rcp45_rp100_2020_10,Summer extreme Relative Z-score maximum temperature moderate emissions 100 year return period 2020 10th percentile,,True,True,False,/Summer Extreme Relative Z-score Maximum Temperature/Moderate Emissions,,,data,2
71501,,e4ee5ea81f4244d6b0cd00c0ac765ce5,ClimateJust - Grid (UK) - UKCP18,ArcGISFeatureLayer,71c9876f8b4546889de4f4a5899b50d6,https://nercdsh.dev.azure.manchester.ac.uk/server/rest/services/UPRN_PoC_Web_Layer_UK_v1/FeatureServer/23,,VectorDataset,/ClimateJust,0,z_ar_tasmax_rcp45_rp100_2020_50,Summer extreme Relative Z-score maximum temperature moderate emissions 100 year return period 2020 median,,True,True,False,/Summer Extreme Relative Z-score Maximum Temperature/Moderate Emissions,,,data,2
71601,,e4ee5ea81f4244d6b0cd00c0ac765ce5,ClimateJust - Grid (UK) - UKCP18,ArcGISFeatureLayer,71c9876f8b4546889de4f4a5899b50d6,https://nercdsh.dev.azure.manchester.ac.uk/server/rest/services/UPRN_PoC_Web_Layer_UK_v1/FeatureServer/23,,VectorDataset,/ClimateJust,0,z_ar_tasmax_rcp45_rp100_2020_90,Summer extreme Relative Z-score maximum temperature moderate emissions 100 year return period 2020 90th percentile,,True,True,False,/Summer Extreme Relative Z-score Maximum Temperature/Moderate Emissions,,,data,2
71701,,e4ee5ea81f4244d6b0cd00c0ac765ce5,ClimateJust - Grid (UK) - UKCP18,ArcGISFeatureLayer,71c9876f8b4546889de4f4a5899b50d6,https://nercdsh.dev.azure.manchester.ac.uk/server/rest/services/UPRN_PoC_Web_Layer_UK_v1/FeatureServer/23,,VectorDataset,/ClimateJust,0,z_ar_tasmax_rcp45_rp100_2050_10,Summer extreme Relative Z-score maximum temperature moderate emissions 100 year return period 2050 10th percentile,,True,True,False,/Summer Extreme Relative Z-score Maximum Temperature/Moderate Emissions,,,data,2
71801,,e4ee5ea81f4244d6b0cd00c0ac765ce5,ClimateJust - Grid (UK) - UKCP18,ArcGISFeatureLayer,71c9876f8b4546889de4f4a5899b50d6,https://nercdsh.dev.azure.manchester.ac.uk/server/rest/services/UPRN_PoC_Web_Layer_UK_v1/FeatureServer/23,,VectorDataset,/ClimateJust,0,z_ar_tasmax_rcp45_rp100_2050_50,Summer extreme Relative Z-score maximum temperature moderate emissions 100 year return period 2050 median,,True,True,False,/Summer Extreme Relative Z-score Maximum Temperature/Moderate Emissions,,,data,2
71901,,e4ee5ea81f4244d6b0cd00c0ac765ce5,ClimateJust - Grid (UK) - UKCP18,ArcGISFeatureLayer,71c9876f8b4546889de4f4a5899b50d6,https://nercdsh.dev.azure.manchester.ac.uk/server/rest/services/UPRN_PoC_Web_Layer_UK_v1/FeatureServer/23,,VectorDataset,/ClimateJust,0,z_ar_tasmax_rcp45_rp100_2050_90,Summer extreme Relative Z-score maximum temperature moderate emissions 100 year return period 2050 90th percentile,,True,True,False,/Summer Extreme Relative Z-score Maximum Temperature/Moderate Emissions,,,data,2
72001,,e4ee5ea81f4244d6b0cd00c0ac765ce5,ClimateJust - Grid (UK) - UKCP18,ArcGISFeatureLayer,71c9876f8b4546889de4f4a5899b50d6,https://nercdsh.dev.azure.manchester.ac.uk/server/rest/services/UPRN_PoC_Web_Layer_UK_v1/FeatureServer/23,,VectorDataset,/ClimateJust,0,z_ar_tasmax_rcp45_rp100_2080_10,Summer extreme Relative Z-score maximum temperature moderate emissions 100 year return period 2080 10th percentile,,True,True,False,/Summer Extreme Relative Z-score Maximum Temperature/Moderate Emissions,,,data,2
72101,,e4ee5ea81f4244d6b0cd00c0ac765ce5,ClimateJust - Grid (UK) - UKCP18,ArcGISFeatureLayer,71c9876f8b4546889de4f4a5899b50d6,https://nercdsh.dev.azure.manchester.ac.uk/server/rest/services/UPRN_PoC_Web_Layer_UK_v1/FeatureServer/23,,VectorDataset,/ClimateJust,0,z_ar_tasmax_rcp45_rp100_2080_50,Summer extreme Relative Z-score maximum temperature moderate emissions 100 year return period 2080 median,,True,True,False,/Summer Extreme Relative Z-score Maximum Temperature/Moderate Emissions,,,data,2
72201,,e4ee5ea81f4244d6b0cd00c0ac765ce5,ClimateJust - Grid (UK) - UKCP18,ArcGISFeatureLayer,71c9876f8b4546889de4f4a5899b50d6,https://nercdsh.dev.azure.manchester.ac.uk/server/rest/services/UPRN_PoC_Web_Layer_UK_v1/FeatureServer/23,,VectorDataset,/ClimateJust,0,z_ar_tasmax_rcp45_rp100_2080_90,Summer extreme Relative Z-score maximum temperature moderate emissions 100 year return period 2080 90th percentile,,True,True,False,/Summer Extreme Relative Z-score Maximum Temperature/Moderate Emissions,,,data,2
72301,,e4ee5ea81f4244d6b0cd00c0ac765ce5,ClimateJust - Grid (UK) - UKCP18,ArcGISFeatureLayer,71c9876f8b4546889de4f4a5899b50d6,https://nercdsh.dev.azure.manchester.ac.uk/server/rest/services/UPRN_PoC_Web_Layer_UK_v1/FeatureServer/23,,VectorDataset,/ClimateJust,0,z_ar_tasmax_rcp60_rp20_2020_10p,Summer extreme Relative Z-score maximum temperature high emissions 20 year return period 2020 10th percentile,,True,True,False,/Summer Extreme Relative Z-score Maximum Temperature/High Emissions,,,data,2
72401,,e4ee5ea81f4244d6b0cd00c0ac765ce5,ClimateJust - Grid (UK) - UKCP18,ArcGISFeatureLayer,71c9876f8b4546889de4f4a5899b50d6,https://nercdsh.dev.azure.manchester.ac.uk/server/rest/services/UPRN_PoC_Web_Layer_UK_v1/FeatureServer/23,,VectorDataset,/ClimateJust,0,z_ar_tasmax_rcp60_rp20_2020_50p,Summer extreme Relative Z-score maximum temperature high emissions 20 year return period 2020 median,,True,True,False,/Summer Extreme Relative Z-score Maximum Temperature/High Emissions,,,data,2
72501,,e4ee5ea81f4244d6b0cd00c0ac765ce5,ClimateJust - Grid (UK) - UKCP18,ArcGISFeatureLayer,71c9876f8b4546889de4f4a5899b50d6,https://nercdsh.dev.azure.manchester.ac.uk/server/rest/services/UPRN_PoC_Web_Layer_UK_v1/FeatureServer/23,,VectorDataset,/ClimateJust,0,z_ar_tasmax_rcp60_rp20_2020_90p,Summer extreme Relative Z-score maximum temperature high emissions 20 year return period 2020 90th percentile,,True,True,False,/Summer Extreme Relative Z-score Maximum Temperature/High Emissions,,,data,2
72601,,e4ee5ea81f4244d6b0cd00c0ac765ce5,ClimateJust - Grid (UK) - UKCP18,ArcGISFeatureLayer,71c9876f8b4546889de4f4a5899b50d6,https://nercdsh.dev.azure.manchester.ac.uk/server/rest/services/UPRN_PoC_Web_Layer_UK_v1/FeatureServer/23,,VectorDataset,/ClimateJust,0,z_ar_tasmax_rcp60_rp20_2050_10p,Summer extreme Relative Z-score maximum temperature high emissions 20 year return period 2050 10th percentile,,True,True,False,/Summer Extreme Relative Z-score Maximum Temperature/High Emissions,,,data,2
72701,,e4ee5ea81f4244d6b0cd00c0ac765ce5,ClimateJust - Grid (UK) - UKCP18,ArcGISFeatureLayer,71c9876f8b4546889de4f4a5899b50d6,https://nercdsh.dev.azure.manchester.ac.uk/server/rest/services/UPRN_PoC_Web_Layer_UK_v1/FeatureServer/23,,VectorDataset,/ClimateJust,0,z_ar_tasmax_rcp60_rp20_2050_50p,Summer extreme Relative Z-score maximum temperature high emissions 20 year return period 2050 median,,True,True,False,/Summer Extreme Relative Z-score Maximum Temperature/High Emissions,,,data,2
72801,,e4ee5ea81f4244d6b0cd00c0ac765ce5,ClimateJust - Grid (UK) - UKCP18,ArcGISFeatureLayer,71c9876f8b4546889de4f4a5899b50d6,https://nercdsh.dev.azure.manchester.ac.uk/server/rest/services/UPRN_PoC_Web_Layer_UK_v1/FeatureServer/23,,VectorDataset,/ClimateJust,0,z_ar_tasmax_rcp60_rp20_2050_90p,Summer extreme Relative Z-score maximum temperature high emissions 20 year return period 2050 90th percentile,,True,True,False,/Summer Extreme Relative Z-score Maximum Temperature/High Emissions,,,data,2
72901,,e4ee5ea81f4244d6b0cd00c0ac765ce5,ClimateJust - Grid (UK) - UKCP18,ArcGISFeatureLayer,71c9876f8b4546889de4f4a5899b50d6,https://nercdsh.dev.azure.manchester.ac.uk/server/rest/services/UPRN_PoC_Web_Layer_UK_v1/FeatureServer/23,,VectorDataset,/ClimateJust,0,z_ar_tasmax_rcp60_rp20_2080_10p,Summer extreme Relative Z-score maximum temperature high emissions 20 year return period 2080 10th percentile,,True,True,False,/Summer Extreme Relative Z-score Maximum Temperature/High Emissions,,,data,2
73001,,e4ee5ea81f4244d6b0cd00c0ac765ce5,ClimateJust - Grid (UK) - UKCP18,ArcGISFeatureLayer,71c9876f8b4546889de4f4a5899b50d6,https://nercdsh.dev.azure.manchester.ac.uk/server/rest/services/UPRN_PoC_Web_Layer_UK_v1/FeatureServer/23,,VectorDataset,/ClimateJust,0,z_ar_tasmax_rcp60_rp20_2080_50p,Summer extreme Relative Z-score maximum temperature high emissions 20 year return period 2080 median,,True,True,False,/Summer Extreme Relative Z-score Maximum Temperature/High Emissions,,,data,2
73101,,e4ee5ea81f4244d6b0cd00c0ac765ce5,ClimateJust - Grid (UK) - UKCP18,ArcGISFeatureLayer,71c9876f8b4546889de4f4a5899b50d6,https://nercdsh.dev.azure.manchester.ac.uk/server/rest/services/UPRN_PoC_Web_Layer_UK_v1/FeatureServer/23,,VectorDataset,/ClimateJust,0,z_ar_tasmax_rcp60_rp20_2080_90p,Summer extreme Relative Z-score maximum temperature high emissions 20 year return period 2080 90th percentile,,True,True,False,/Summer Extreme Relative Z-score Maximum Temperature/High Emissions,,,data,2
73201,,e4ee5ea81f4244d6b0cd00c0ac765ce5,ClimateJust - Grid (UK) - UKCP18,ArcGISFeatureLayer,71c9876f8b4546889de4f4a5899b50d6,https://nercdsh.dev.azure.manchester.ac.uk/server/rest/services/UPRN_PoC_Web_Layer_UK_v1/FeatureServer/23,,VectorDataset,/ClimateJust,0,z_ar_tasmax_rcp60_rp50_2020_10p,Summer extreme Relative Z-score maximum temperature high emissions 50 year return period 2020 10th percentile,,True,True,False,/Summer Extreme Relative Z-score Maximum Temperature/High Emissions,,,data,2
73301,,e4ee5ea81f4244d6b0cd00c0ac765ce5,ClimateJust - Grid (UK) - UKCP18,ArcGISFeatureLayer,71c9876f8b4546889de4f4a5899b50d6,https://nercdsh.dev.azure.manchester.ac.uk/server/rest/services/UPRN_PoC_Web_Layer_UK_v1/FeatureServer/23,,VectorDataset,/ClimateJust,0,z_ar_tasmax_rcp60_rp50_2020_50p,Summer extreme Relative Z-score maximum temperature high emissions 50 year return period 2020 median,,True,True,False,/Summer Extreme Relative Z-score Maximum Temperature/High Emissions,,,data,2
73401,,e4ee5ea81f4244d6b0cd00c0ac765ce5,ClimateJust - Grid (UK) - UKCP18,ArcGISFeatureLayer,71c9876f8b4546889de4f4a5899b50d6,https://nercdsh.dev.azure.manchester.ac.uk/server/rest/services/UPRN_PoC_Web_Layer_UK_v1/FeatureServer/23,,VectorDataset,/ClimateJust,0,z_ar_tasmax_rcp60_rp50_2020_90p,Summer extreme Relative Z-score maximum temperature high emissions 50 year return period 2020 90th percentile,,True,True,False,/Summer Extreme Relative Z-score Maximum Temperature/High Emissions,,,data,2
73501,,e4ee5ea81f4244d6b0cd00c0ac765ce5,ClimateJust - Grid (UK) - UKCP18,ArcGISFeatureLayer,71c9876f8b4546889de4f4a5899b50d6,https://nercdsh.dev.azure.manchester.ac.uk/server/rest/services/UPRN_PoC_Web_Layer_UK_v1/FeatureServer/23,,VectorDataset,/ClimateJust,0,z_ar_tasmax_rcp60_rp50_2050_10p,Summer extreme Relative Z-score maximum temperature high emissions 50 year return period 2050 10th percentile,,True,True,False,/Summer Extreme Relative Z-score Maximum Temperature/High Emissions,,,data,2
73601,,e4ee5ea81f4244d6b0cd00c0ac765ce5,ClimateJust - Grid (UK) - UKCP18,ArcGISFeatureLayer,71c9876f8b4546889de4f4a5899b50d6,https://nercdsh.dev.azure.manchester.ac.uk/server/rest/services/UPRN_PoC_Web_Layer_UK_v1/FeatureServer/23,,VectorDataset,/ClimateJust,0,z_ar_tasmax_rcp60_rp50_2050_50p,Summer extreme Relative Z-score maximum temperature high emissions 50 year return period 2050 median,,True,True,False,/Summer Extreme Relative Z-score Maximum Temperature/High Emissions,,,data,2
73701,,e4ee5ea81f4244d6b0cd00c0ac765ce5,ClimateJust - Grid (UK) - UKCP18,ArcGISFeatureLayer,71c9876f8b4546889de4f4a5899b50d6,https://nercdsh.dev.azure.manchester.ac.uk/server/rest/services/UPRN_PoC_Web_Layer_UK_v1/FeatureServer/23,,VectorDataset,/ClimateJust,0,z_ar_tasmax_rcp60_rp50_2050_90p,Summer extreme Relative Z-score maximum temperature high emissions 50 year return period 2050 90th percentile,,True,True,False,/Summer Extreme Relative Z-score Maximum Temperature/High Emissions,,,data,2
73801,,e4ee5ea81f4244d6b0cd00c0ac765ce5,ClimateJust - Grid (UK) - UKCP18,ArcGISFeatureLayer,71c9876f8b4546889de4f4a5899b50d6,https://nercdsh.dev.azure.manchester.ac.uk/server/rest/services/UPRN_PoC_Web_Layer_UK_v1/FeatureServer/23,,VectorDataset,/ClimateJust,0,z_ar_tasmax_rcp60_rp50_2080_10p,Summer extreme Relative Z-score maximum temperature high emissions 50 year return period 2080 10th percentile,,True,True,False,/Summer Extreme Relative Z-score Maximum Temperature/High Emissions,,,data,2
73901,,e4ee5ea81f4244d6b0cd00c0ac765ce5,ClimateJust - Grid (UK) - UKCP18,ArcGISFeatureLayer,71c9876f8b4546889de4f4a5899b50d6,https://nercdsh.dev.azure.manchester.ac.uk/server/rest/services/UPRN_PoC_Web_Layer_UK_v1/FeatureServer/23,,VectorDataset,/ClimateJust,0,z_ar_tasmax_rcp60_rp50_2080_50p,Summer extreme Relative Z-score maximum temperature high emissions 50 year return period 2080 median,,True,True,False,/Summer Extreme Relative Z-score Maximum Temperature/High Emissions,,,data,2
74001,,e4ee5ea81f4244d6b0cd00c0ac765ce5,ClimateJust - Grid (UK) - UKCP18,ArcGISFeatureLayer,71c9876f8b4546889de4f4a5899b50d6,https://nercdsh.dev.azure.manchester.ac.uk/server/rest/services/UPRN_PoC_Web_Layer_UK_v1/FeatureServer/23,,VectorDataset,/ClimateJust,0,z_ar_tasmax_rcp60_rp50_2080_90p,Summer extreme Relative Z-score maximum temperature high emissions 50 year return period 2080 90th percentile,,True,True,False,/Summer Extreme Relative Z-score Maximum Temperature/High Emissions,,,data,2
74101,,e4ee5ea81f4244d6b0cd00c0ac765ce5,ClimateJust - Grid (UK) - UKCP18,ArcGISFeatureLayer,71c9876f8b4546889de4f4a5899b50d6,https://nercdsh.dev.azure.manchester.ac.uk/server/rest/services/UPRN_PoC_Web_Layer_UK_v1/FeatureServer/23,,VectorDataset,/ClimateJust,0,z_ar_tasmax_rcp60_rp100_2020_10,Summer extreme Relative Z-score maximum temperature high emissions 100 year return period 2020 10th percentile,,True,True,False,/Summer Extreme Relative Z-score Maximum Temperature/High Emissions,,,data,2
74201,,e4ee5ea81f4244d6b0cd00c0ac765ce5,ClimateJust - Grid (UK) - UKCP18,ArcGISFeatureLayer,71c9876f8b4546889de4f4a5899b50d6,https://nercdsh.dev.azure.manchester.ac.uk/server/rest/services/UPRN_PoC_Web_Layer_UK_v1/FeatureServer/23,,VectorDataset,/ClimateJust,0,z_ar_tasmax_rcp60_rp100_2020_50,Summer extreme Relative Z-score maximum temperature high emissions 100 year return period 2020 median,,True,True,False,/Summer Extreme Relative Z-score Maximum Temperature/High Emissions,,,data,2
74301,,e4ee5ea81f4244d6b0cd00c0ac765ce5,ClimateJust - Grid (UK) - UKCP18,ArcGISFeatureLayer,71c9876f8b4546889de4f4a5899b50d6,https://nercdsh.dev.azure.manchester.ac.uk/server/rest/services/UPRN_PoC_Web_Layer_UK_v1/FeatureServer/23,,VectorDataset,/ClimateJust,0,z_ar_tasmax_rcp60_rp100_2020_90,Summer extreme Relative Z-score maximum temperature high emissions 100 year return period 2020 90th percentile,,True,True,False,/Summer Extreme Relative Z-score Maximum Temperature/High Emissions,,,data,2
74401,,e4ee5ea81f4244d6b0cd00c0ac765ce5,ClimateJust - Grid (UK) - UKCP18,ArcGISFeatureLayer,71c9876f8b4546889de4f4a5899b50d6,https://nercdsh.dev.azure.manchester.ac.uk/server/rest/services/UPRN_PoC_Web_Layer_UK_v1/FeatureServer/23,,VectorDataset,/ClimateJust,0,z_ar_tasmax_rcp60_rp100_2050_10,Summer extreme Relative Z-score maximum temperature high emissions 100 year return period 2050 10th percentile,,True,True,False,/Summer Extreme Relative Z-score Maximum Temperature/High Emissions,,,data,2
74501,,e4ee5ea81f4244d6b0cd00c0ac765ce5,ClimateJust - Grid (UK) - UKCP18,ArcGISFeatureLayer,71c9876f8b4546889de4f4a5899b50d6,https://nercdsh.dev.azure.manchester.ac.uk/server/rest/services/UPRN_PoC_Web_Layer_UK_v1/FeatureServer/23,,VectorDataset,/ClimateJust,0,z_ar_tasmax_rcp60_rp100_2050_50,Summer extreme Relative Z-score maximum temperature high emissions 100 year return period 2050 median,,True,True,False,/Summer Extreme Relative Z-score Maximum Temperature/High Emissions,,,data,2
74601,,e4ee5ea81f4244d6b0cd00c0ac765ce5,ClimateJust - Grid (UK) - UKCP18,ArcGISFeatureLayer,71c9876f8b4546889de4f4a5899b50d6,https://nercdsh.dev.azure.manchester.ac.uk/server/rest/services/UPRN_PoC_Web_Layer_UK_v1/FeatureServer/23,,VectorDataset,/ClimateJust,0,z_ar_tasmax_rcp60_rp100_2050_90,Summer extreme Relative Z-score maximum temperature high emissions 100 year return period 2050 90th percentile,,True,True,False,/Summer Extreme Relative Z-score Maximum Temperature/High Emissions,,,data,2
74701,,e4ee5ea81f4244d6b0cd00c0ac765ce5,ClimateJust - Grid (UK) - UKCP18,ArcGISFeatureLayer,71c9876f8b4546889de4f4a5899b50d6,https://nercdsh.dev.azure.manchester.ac.uk/server/rest/services/UPRN_PoC_Web_Layer_UK_v1/FeatureServer/23,,VectorDataset,/ClimateJust,0,z_ar_tasmax_rcp60_rp100_2080_10,Summer extreme Relative Z-score maximum temperature high emissions 100 year return period 2080 10th percentile,,True,True,False,/Summer Extreme Relative Z-score Maximum Temperature/High Emissions,,,data,2
74801,,e4ee5ea81f4244d6b0cd00c0ac765ce5,ClimateJust - Grid (UK) - UKCP18,ArcGISFeatureLayer,71c9876f8b4546889de4f4a5899b50d6,https://nercdsh.dev.azure.manchester.ac.uk/server/rest/services/UPRN_PoC_Web_Layer_UK_v1/FeatureServer/23,,VectorDataset,/ClimateJust,0,z_ar_tasmax_rcp60_rp100_2080_50,Summer extreme Relative Z-score maximum temperature high emissions 100 year return period 2080 median,,True,True,False,/Summer Extreme Relative Z-score Maximum Temperature/High Emissions,,,data,2
74901,,e4ee5ea81f4244d6b0cd00c0ac765ce5,ClimateJust - Grid (UK) - UKCP18,ArcGISFeatureLayer,71c9876f8b4546889de4f4a5899b50d6,https://nercdsh.dev.azure.manchester.ac.uk/server/rest/services/UPRN_PoC_Web_Layer_UK_v1/FeatureServer/23,,VectorDataset,/ClimateJust,0,z_ar_tasmax_rcp60_rp100_2080_90,Summer extreme Relative Z-score maximum temperature high emissions 100 year return period 2080 90th percentile,,True,True,False,/Summer Extreme Relative Z-score Maximum Temperature/High Emissions,,,data,2
75001,,e4ee5ea81f4244d6b0cd00c0ac765ce5,ClimateJust - Grid (UK) - UKCP18,ArcGISFeatureLayer,71c9876f8b4546889de4f4a5899b50d6,https://nercdsh.dev.azure.manchester.ac.uk/server/rest/services/UPRN_PoC_Web_Layer_UK_v1/FeatureServer/23,,VectorDataset,/ClimateJust,0,z_ar_tasmax_rcp85_rp20_2020_10p,Summer extreme Relative Z-score maximum temperature very high emissions 20 year return period 2020 10th percentile,,True,True,False,/Summer Extreme Relative Z-score Maximum Temperature/Very High Emissions,,,data,2
75101,,e4ee5ea81f4244d6b0cd00c0ac765ce5,ClimateJust - Grid (UK) - UKCP18,ArcGISFeatureLayer,71c9876f8b4546889de4f4a5899b50d6,https://nercdsh.dev.azure.manchester.ac.uk/server/rest/services/UPRN_PoC_Web_Layer_UK_v1/FeatureServer/23,,VectorDataset,/ClimateJust,0,z_ar_tasmax_rcp85_rp20_2020_50p,Summer extreme Relative Z-score maximum temperature very high emissions 20 year return period 2020 median,,True,True,False,/Summer Extreme Relative Z-score Maximum Temperature/Very High Emissions,,,data,2
75201,,e4ee5ea81f4244d6b0cd00c0ac765ce5,ClimateJust - Grid (UK) - UKCP18,ArcGISFeatureLayer,71c9876f8b4546889de4f4a5899b50d6,https://nercdsh.dev.azure.manchester.ac.uk/server/rest/services/UPRN_PoC_Web_Layer_UK_v1/FeatureServer/23,,VectorDataset,/ClimateJust,0,z_ar_tasmax_rcp85_rp20_2020_90p,Summer extreme Relative Z-score maximum temperature very high emissions 20 year return period 2020 90th percentile,,True,True,False,/Summer Extreme Relative Z-score Maximum Temperature/Very High Emissions,,,data,2
75301,,e4ee5ea81f4244d6b0cd00c0ac765ce5,ClimateJust - Grid (UK) - UKCP18,ArcGISFeatureLayer,71c9876f8b4546889de4f4a5899b50d6,https://nercdsh.dev.azure.manchester.ac.uk/server/rest/services/UPRN_PoC_Web_Layer_UK_v1/FeatureServer/23,,VectorDataset,/ClimateJust,0,z_ar_tasmax_rcp85_rp20_2050_10p,Summer extreme Relative Z-score maximum temperature very high emissions 20 year return period 2050 10th percentile,,True,True,False,/Summer Extreme Relative Z-score Maximum Temperature/Very High Emissions,,,data,2
75401,,e4ee5ea81f4244d6b0cd00c0ac765ce5,ClimateJust - Grid (UK) - UKCP18,ArcGISFeatureLayer,71c9876f8b4546889de4f4a5899b50d6,https://nercdsh.dev.azure.manchester.ac.uk/server/rest/services/UPRN_PoC_Web_Layer_UK_v1/FeatureServer/23,,VectorDataset,/ClimateJust,0,z_ar_tasmax_rcp85_rp20_2050_50p,Summer extreme Relative Z-score maximum temperature very high emissions 20 year return period 2050 median,,True,True,False,/Summer Extreme Relative Z-score Maximum Temperature/Very High Emissions,,,data,2
75501,,e4ee5ea81f4244d6b0cd00c0ac765ce5,ClimateJust - Grid (UK) - UKCP18,ArcGISFeatureLayer,71c9876f8b4546889de4f4a5899b50d6,https://nercdsh.dev.azure.manchester.ac.uk/server/rest/services/UPRN_PoC_Web_Layer_UK_v1/FeatureServer/23,,VectorDataset,/ClimateJust,0,z_ar_tasmax_rcp85_rp20_2050_90p,Summer extreme Relative Z-score maximum temperature very high emissions 20 year return period 2050 90th percentile,,True,True,False,/Summer Extreme Relative Z-score Maximum Temperature/Very High Emissions,,,data,2
75601,,e4ee5ea81f4244d6b0cd00c0ac765ce5,ClimateJust - Grid (UK) - UKCP18,ArcGISFeatureLayer,71c9876f8b4546889de4f4a5899b50d6,https://nercdsh.dev.azure.manchester.ac.uk/server/rest/services/UPRN_PoC_Web_Layer_UK_v1/FeatureServer/23,,VectorDataset,/ClimateJust,0,z_ar_tasmax_rcp85_rp20_2080_10p,Summer extreme Relative Z-score maximum temperature very high emissions 20 year return period 2080 10th percentile,,True,True,False,/Summer Extreme Relative Z-score Maximum Temperature/Very High Emissions,,,data,2
75701,,e4ee5ea81f4244d6b0cd00c0ac765ce5,ClimateJust - Grid (UK) - UKCP18,ArcGISFeatureLayer,71c9876f8b4546889de4f4a5899b50d6,https://nercdsh.dev.azure.manchester.ac.uk/server/rest/services/UPRN_PoC_Web_Layer_UK_v1/FeatureServer/23,,VectorDataset,/ClimateJust,0,z_ar_tasmax_rcp85_rp20_2080_50p,Summer extreme Relative Z-score maximum temperature very high emissions 20 year return period 2080 median,,True,True,False,/Summer Extreme Relative Z-score Maximum Temperature/Very High Emissions,,,data,2
75801,,e4ee5ea81f4244d6b0cd00c0ac765ce5,ClimateJust - Grid (UK) - UKCP18,ArcGISFeatureLayer,71c9876f8b4546889de4f4a5899b50d6,https://nercdsh.dev.azure.manchester.ac.uk/server/rest/services/UPRN_PoC_Web_Layer_UK_v1/FeatureServer/23,,VectorDataset,/ClimateJust,0,z_ar_tasmax_rcp85_rp20_2080_90p,Summer extreme Relative Z-score maximum temperature very high emissions 20 year return period 2080 90th percentile,,True,True,False,/Summer Extreme Relative Z-score Maximum Temperature/Very High Emissions,,,data,2
75901,,e4ee5ea81f4244d6b0cd00c0ac765ce5,ClimateJust - Grid (UK) - UKCP18,ArcGISFeatureLayer,71c9876f8b4546889de4f4a5899b50d6,https://nercdsh.dev.azure.manchester.ac.uk/server/rest/services/UPRN_PoC_Web_Layer_UK_v1/FeatureServer/23,,VectorDataset,/ClimateJust,0,z_ar_tasmax_rcp85_rp50_2020_10p,Summer extreme Relative Z-score maximum temperature very high emissions 50 year return period 2020 10th percentile,,True,True,False,/Summer Extreme Relative Z-score Maximum Temperature/Very High Emissions,,,data,2
76001,,e4ee5ea81f4244d6b0cd00c0ac765ce5,ClimateJust - Grid (UK) - UKCP18,ArcGISFeatureLayer,71c9876f8b4546889de4f4a5899b50d6,https://nercdsh.dev.azure.manchester.ac.uk/server/rest/services/UPRN_PoC_Web_Layer_UK_v1/FeatureServer/23,,VectorDataset,/ClimateJust,0,z_ar_tasmax_rcp85_rp50_2020_50p,Summer extreme Relative Z-score maximum temperature very high emissions 50 year return period 2020 median,,True,True,False,/Summer Extreme Relative Z-score Maximum Temperature/Very High Emissions,,,data,2
76101,,e4ee5ea81f4244d6b0cd00c0ac765ce5,ClimateJust - Grid (UK) - UKCP18,ArcGISFeatureLayer,71c9876f8b4546889de4f4a5899b50d6,https://nercdsh.dev.azure.manchester.ac.uk/server/rest/services/UPRN_PoC_Web_Layer_UK_v1/FeatureServer/23,,VectorDataset,/ClimateJust,0,z_ar_tasmax_rcp85_rp50_2020_90p,Summer extreme Relative Z-score maximum temperature very high emissions 50 year return period 2020 90th percentile,,True,True,False,/Summer Extreme Relative Z-score Maximum Temperature/Very High Emissions,,,data,2
76201,,e4ee5ea81f4244d6b0cd00c0ac765ce5,ClimateJust - Grid (UK) - UKCP18,ArcGISFeatureLayer,71c9876f8b4546889de4f4a5899b50d6,https://nercdsh.dev.azure.manchester.ac.uk/server/rest/services/UPRN_PoC_Web_Layer_UK_v1/FeatureServer/23,,VectorDataset,/ClimateJust,0,z_ar_tasmax_rcp85_rp50_2050_10p,Summer extreme Relative Z-score maximum temperature very high emissions 50 year return period 2050 10th percentile,,True,True,False,/Summer Extreme Relative Z-score Maximum Temperature/Very High Emissions,,,data,2
76301,,e4ee5ea81f4244d6b0cd00c0ac765ce5,ClimateJust - Grid (UK) - UKCP18,ArcGISFeatureLayer,71c9876f8b4546889de4f4a5899b50d6,https://nercdsh.dev.azure.manchester.ac.uk/server/rest/services/UPRN_PoC_Web_Layer_UK_v1/FeatureServer/23,,VectorDataset,/ClimateJust,0,z_ar_tasmax_rcp85_rp50_2050_50p,Summer extreme Relative Z-score maximum temperature very high emissions 50 year return period 2050 median,,True,True,False,/Summer Extreme Relative Z-score Maximum Temperature/Very High Emissions,,,data,2
76401,,e4ee5ea81f4244d6b0cd00c0ac765ce5,ClimateJust - Grid (UK) - UKCP18,ArcGISFeatureLayer,71c9876f8b4546889de4f4a5899b50d6,https://nercdsh.dev.azure.manchester.ac.uk/server/rest/services/UPRN_PoC_Web_Layer_UK_v1/FeatureServer/23,,VectorDataset,/ClimateJust,0,z_ar_tasmax_rcp85_rp50_2050_90p,Summer extreme Relative Z-score maximum temperature very high emissions 50 year return period 2050 90th percentile,,True,True,False,/Summer Extreme Relative Z-score Maximum Temperature/Very High Emissions,,,data,2
76501,,e4ee5ea81f4244d6b0cd00c0ac765ce5,ClimateJust - Grid (UK) - UKCP18,ArcGISFeatureLayer,71c9876f8b4546889de4f4a5899b50d6,https://nercdsh.dev.azure.manchester.ac.uk/server/rest/services/UPRN_PoC_Web_Layer_UK_v1/FeatureServer/23,,VectorDataset,/ClimateJust,0,z_ar_tasmax_rcp85_rp50_2080_10p,Summer extreme Relative Z-score maximum temperature very high emissions 50 year return period 2080 10th percentile,,True,True,False,/Summer Extreme Relative Z-score Maximum Temperature/Very High Emissions,,,data,2
76601,,e4ee5ea81f4244d6b0cd00c0ac765ce5,ClimateJust - Grid (UK) - UKCP18,ArcGISFeatureLayer,71c9876f8b4546889de4f4a5899b50d6,https://nercdsh.dev.azure.manchester.ac.uk/server/rest/services/UPRN_PoC_Web_Layer_UK_v1/FeatureServer/23,,VectorDataset,/ClimateJust,0,z_ar_tasmax_rcp85_rp50_2080_50p,Summer extreme Relative Z-score maximum temperature very high emissions 50 year return period 2080 median,,True,True,False,/Summer Extreme Relative Z-score Maximum Temperature/Very High Emissions,,,data,2
76701,,e4ee5ea81f4244d6b0cd00c0ac765ce5,ClimateJust - Grid (UK) - UKCP18,ArcGISFeatureLayer,71c9876f8b4546889de4f4a5899b50d6,https://nercdsh.dev.azure.manchester.ac.uk/server/rest/services/UPRN_PoC_Web_Layer_UK_v1/FeatureServer/23,,VectorDataset,/ClimateJust,0,z_ar_tasmax_rcp85_rp50_2080_90p,Summer extreme Relative Z-score maximum temperature very high emissions 50 year return period 2080 90th percentile,,True,True,False,/Summer Extreme Relative Z-score Maximum Temperature/Very High Emissions,,,data,2
76801,,e4ee5ea81f4244d6b0cd00c0ac765ce5,ClimateJust - Grid (UK) - UKCP18,ArcGISFeatureLayer,71c9876f8b4546889de4f4a5899b50d6,https://nercdsh.dev.azure.manchester.ac.uk/server/rest/services/UPRN_PoC_Web_Layer_UK_v1/FeatureServer/23,,VectorDataset,/ClimateJust,0,z_ar_tasmax_rcp85_rp100_2020_10,Summer extreme Relative Z-score maximum temperature very high emissions 100 year return period 2020 10th percentile,,True,True,False,/Summer Extreme Relative Z-score Maximum Temperature/Very High Emissions,,,data,2
76901,,e4ee5ea81f4244d6b0cd00c0ac765ce5,ClimateJust - Grid (UK) - UKCP18,ArcGISFeatureLayer,71c9876f8b4546889de4f4a5899b50d6,https://nercdsh.dev.azure.manchester.ac.uk/server/rest/services/UPRN_PoC_Web_Layer_UK_v1/FeatureServer/23,,VectorDataset,/ClimateJust,0,z_ar_tasmax_rcp85_rp100_2020_50,Summer extreme Relative Z-score maximum temperature very high emissions 100 year return period 2020 median,,True,True,False,/Summer Extreme Relative Z-score Maximum Temperature/Very High Emissions,,,data,2
77001,,e4ee5ea81f4244d6b0cd00c0ac765ce5,ClimateJust - Grid (UK) - UKCP18,ArcGISFeatureLayer,71c9876f8b4546889de4f4a5899b50d6,https://nercdsh.dev.azure.manchester.ac.uk/server/rest/services/UPRN_PoC_Web_Layer_UK_v1/FeatureServer/23,,VectorDataset,/ClimateJust,0,z_ar_tasmax_rcp85_rp100_2020_90,Summer extreme Relative Z-score maximum temperature very high emissions 100 year return period 2020 90th percentile,,True,True,False,/Summer Extreme Relative Z-score Maximum Temperature/Very High Emissions,,,data,2
77101,,e4ee5ea81f4244d6b0cd00c0ac765ce5,ClimateJust - Grid (UK) - UKCP18,ArcGISFeatureLayer,71c9876f8b4546889de4f4a5899b50d6,https://nercdsh.dev.azure.manchester.ac.uk/server/rest/services/UPRN_PoC_Web_Layer_UK_v1/FeatureServer/23,,VectorDataset,/ClimateJust,0,z_ar_tasmax_rcp85_rp100_2050_10,Summer extreme Relative Z-score maximum temperature very high emissions 100 year return period 2050 10th percentile,,True,True,False,/Summer Extreme Relative Z-score Maximum Temperature/Very High Emissions,,,data,2
77201,,e4ee5ea81f4244d6b0cd00c0ac765ce5,ClimateJust - Grid (UK) - UKCP18,ArcGISFeatureLayer,71c9876f8b4546889de4f4a5899b50d6,https://nercdsh.dev.azure.manchester.ac.uk/server/rest/services/UPRN_PoC_Web_Layer_UK_v1/FeatureServer/23,,VectorDataset,/ClimateJust,0,z_ar_tasmax_rcp85_rp100_2050_50,Summer extreme Relative Z-score maximum temperature very high emissions 100 year return period 2050 median,,True,True,False,/Summer Extreme Relative Z-score Maximum Temperature/Very High Emissions,,,data,2
77301,,e4ee5ea81f4244d6b0cd00c0ac765ce5,ClimateJust - Grid (UK) - UKCP18,ArcGISFeatureLayer,71c9876f8b4546889de4f4a5899b50d6,https://nercdsh.dev.azure.manchester.ac.uk/server/rest/services/UPRN_PoC_Web_Layer_UK_v1/FeatureServer/23,,VectorDataset,/ClimateJust,0,z_ar_tasmax_rcp85_rp100_2050_90,Summer extreme Relative Z-score maximum temperature very high emissions 100 year return period 2050 90th percentile,,True,True,False,/Summer Extreme Relative Z-score Maximum Temperature/Very High Emissions,,,data,2
77401,,e4ee5ea81f4244d6b0cd00c0ac765ce5,ClimateJust - Grid (UK) - UKCP18,ArcGISFeatureLayer,71c9876f8b4546889de4f4a5899b50d6,https://nercdsh.dev.azure.manchester.ac.uk/server/rest/services/UPRN_PoC_Web_Layer_UK_v1/FeatureServer/23,,VectorDataset,/ClimateJust,0,z_ar_tasmax_rcp85_rp100_2080_10,Summer extreme Relative Z-score maximum temperature very high emissions 100 year return period 2080 10th percentile,,True,True,False,/Summer Extreme Relative Z-score Maximum Temperature/Very High Emissions,,,data,2
77501,,e4ee5ea81f4244d6b0cd00c0ac765ce5,ClimateJust - Grid (UK) - UKCP18,ArcGISFeatureLayer,71c9876f8b4546889de4f4a5899b50d6,https://nercdsh.dev.azure.manchester.ac.uk/server/rest/services/UPRN_PoC_Web_Layer_UK_v1/FeatureServer/23,,VectorDataset,/ClimateJust,0,z_ar_tasmax_rcp85_rp100_2080_50,Summer extreme Relative Z-score maximum temperature very high emissions 100 year return period 2080 median,,True,True,False,/Summer Extreme Relative Z-score Maximum Temperature/Very High Emissions,,,data,2
77601,,e4ee5ea81f4244d6b0cd00c0ac765ce5,ClimateJust - Grid (UK) - UKCP18,ArcGISFeatureLayer,71c9876f8b4546889de4f4a5899b50d6,https://nercdsh.dev.azure.manchester.ac.uk/server/rest/services/UPRN_PoC_Web_Layer_UK_v1/FeatureServer/23,,VectorDataset,/ClimateJust,0,z_ar_tasmax_rcp85_rp100_2080_90,Summer extreme Relative Z-score maximum temperature very high emissions 100 year return period 2080 90th percentile,,True,True,False,/Summer Extreme Relative Z-score Maximum Temperature/Very High Emissions,,,data,2
77701,,e4ee5ea81f4244d6b0cd00c0ac765ce5,ClimateJust - Grid (UK) - UKCP18,ArcGISFeatureLayer,71c9876f8b4546889de4f4a5899b50d6,https://nercdsh.dev.azure.manchester.ac.uk/server/rest/services/UPRN_PoC_Web_Layer_UK_v1/FeatureServer/23,,VectorDataset,/ClimateJust,0,perimeterepsg27700,Perimeter (EPSG 27700),,False,True,False,,,,data,2
77801,,e4ee5ea81f4244d6b0cd00c0ac765ce5,ClimateJust - Grid (UK) - UKCP18,ArcGISFeatureLayer,71c9876f8b4546889de4f4a5899b50d6,https://nercdsh.dev.azure.manchester.ac.uk/server/rest/services/UPRN_PoC_Web_Layer_UK_v1/FeatureServer/23,,VectorDataset,/ClimateJust,0,areaepsg27700,Area (EPSG 27700),,False,True,False,,,,data,2
77901,,e4ee5ea81f4244d6b0cd00c0ac765ce5,ClimateJust - Grid (UK) - UKCP18,ArcGISFeatureLayer,71c9876f8b4546889de4f4a5899b50d6,https://nercdsh.dev.azure.manchester.ac.uk/server/rest/services/UPRN_PoC_Web_Layer_UK_v1/FeatureServer/23,,VectorDataset,/ClimateJust,0,SHAPE__Area,SHAPE__Area,,False,True,False,,,,data,2
78001,,e4ee5ea81f4244d6b0cd00c0ac765ce5,ClimateJust - Grid (UK) - UKCP18,ArcGISFeatureLayer,71c9876f8b4546889de4f4a5899b50d6,https://nercdsh.dev.azure.manchester.ac.uk/server/rest/services/UPRN_PoC_Web_Layer_UK_v1/FeatureServer/23,,VectorDataset,/ClimateJust,0,st_perimeter(shape),st_perimeter(shape),,False,True,False,,,,data,2
78101,,995b781ceaf44fc5822ad2c15fcc0101,ClimateJust - LSOAs (UK) (2011) - Flood Data,ArcGISFeatureLayer,71c9876f8b4546889de4f4a5899b50d6,https://nercdsh.dev.azure.manchester.ac.uk/server/rest/services/UPRN_PoC_Web_Layer_UK_v1/FeatureServer/24,,VectorDataset,/ClimateJust,0,objectid,OBJECTID,,False,True,False,,,,data,2
78201,,995b781ceaf44fc5822ad2c15fcc0101,ClimateJust - LSOAs (UK) (2011) - Flood Data,ArcGISFeatureLayer,71c9876f8b4546889de4f4a5899b50d6,https://nercdsh.dev.azure.manchester.ac.uk/server/rest/services/UPRN_PoC_Web_Layer_UK_v1/FeatureServer/24,,VectorDataset,/ClimateJust,0,lsoa11cd,LSOA Code (2011),,True,True,True,,,,data,2
78301,,995b781ceaf44fc5822ad2c15fcc0101,ClimateJust - LSOAs (UK) (2011) - Flood Data,ArcGISFeatureLayer,71c9876f8b4546889de4f4a5899b50d6,https://nercdsh.dev.azure.manchester.ac.uk/server/rest/services/UPRN_PoC_Web_Layer_UK_v1/FeatureServer/24,,VectorDataset,/ClimateJust,0,lsoa11nm,LSOA Name (2011),,True,True,True,,,,data,2
78401,,995b781ceaf44fc5822ad2c15fcc0101,ClimateJust - LSOAs (UK) (2011) - Flood Data,ArcGISFeatureLayer,71c9876f8b4546889de4f4a5899b50d6,https://nercdsh.dev.azure.manchester.ac.uk/server/rest/services/UPRN_PoC_Web_Layer_UK_v1/FeatureServer/24,,VectorDataset,/ClimateJust,0,allpensioner_hh,All pensioner households (%),,True,True,False,,,,data,2
78501,,995b781ceaf44fc5822ad2c15fcc0101,ClimateJust - LSOAs (UK) (2011) - Flood Data,ArcGISFeatureLayer,71c9876f8b4546889de4f4a5899b50d6,https://nercdsh.dev.azure.manchester.ac.uk/server/rest/services/UPRN_PoC_Web_Layer_UK_v1/FeatureServer/24,,VectorDataset,/ClimateJust,0,arrivalsinuk,Recent arrivals to UK (% people with <1 yr residency coming from outside UK),,True,True,False,,,,data,2
78601,,995b781ceaf44fc5822ad2c15fcc0101,ClimateJust - LSOAs (UK) (2011) - Flood Data,ArcGISFeatureLayer,71c9876f8b4546889de4f4a5899b50d6,https://nercdsh.dev.azure.manchester.ac.uk/server/rest/services/UPRN_PoC_Web_Layer_UK_v1/FeatureServer/24,,VectorDataset,/ClimateJust,0,caravan_hh,% caravan or other mobile or temporary structures in all households,,True,True,False,,,,data,2
78701,,995b781ceaf44fc5822ad2c15fcc0101,ClimateJust - LSOAs (UK) (2011) - Flood Data,ArcGISFeatureLayer,71c9876f8b4546889de4f4a5899b50d6,https://nercdsh.dev.azure.manchester.ac.uk/server/rest/services/UPRN_PoC_Web_Layer_UK_v1/FeatureServer/24,,VectorDataset,/ClimateJust,0,carehomesexposedtoflooding,% no. of care homes exposed to flooding,,True,True,False,,,,data,2
78801,,995b781ceaf44fc5822ad2c15fcc0101,ClimateJust - LSOAs (UK) (2011) - Flood Data,ArcGISFeatureLayer,71c9876f8b4546889de4f4a5899b50d6,https://nercdsh.dev.azure.manchester.ac.uk/server/rest/services/UPRN_PoC_Web_Layer_UK_v1/FeatureServer/24,,VectorDataset,/ClimateJust,0,children_4_11,% children of primary school age (4-11) in the population,,True,True,False,,,,data,2
78901,,995b781ceaf44fc5822ad2c15fcc0101,ClimateJust - LSOAs (UK) (2011) - Flood Data,ArcGISFeatureLayer,71c9876f8b4546889de4f4a5899b50d6,https://nercdsh.dev.azure.manchester.ac.uk/server/rest/services/UPRN_PoC_Web_Layer_UK_v1/FeatureServer/24,,VectorDataset,/ClimateJust,0,dependentchildren_unemployed_hh,Households with dependent children and no adults in employment (%),,True,True,False,,,,data,2
79001,,995b781ceaf44fc5822ad2c15fcc0101,ClimateJust - LSOAs (UK) (2011) - Flood Data,ArcGISFeatureLayer,71c9876f8b4546889de4f4a5899b50d6,https://nercdsh.dev.azure.manchester.ac.uk/server/rest/services/UPRN_PoC_Web_Layer_UK_v1/FeatureServer/24,,VectorDataset,/ClimateJust,0,emergencyservicesexposedtoflood,% of emergency services exposed to flooding,,True,True,False,,,,data,2
79101,,995b781ceaf44fc5822ad2c15fcc0101,ClimateJust - LSOAs (UK) (2011) - Flood Data,ArcGISFeatureLayer,71c9876f8b4546889de4f4a5899b50d6,https://nercdsh.dev.azure.manchester.ac.uk/server/rest/services/UPRN_PoC_Web_Layer_UK_v1/FeatureServer/24,,VectorDataset,/ClimateJust,0,englishproficiency,Level of proficiency in English (%),,True,True,False,,,,data,2
79201,,995b781ceaf44fc5822ad2c15fcc0101,ClimateJust - LSOAs (UK) (2011) - Flood Data,ArcGISFeatureLayer,71c9876f8b4546889de4f4a5899b50d6,https://nercdsh.dev.azure.manchester.ac.uk/server/rest/services/UPRN_PoC_Web_Layer_UK_v1/FeatureServer/24,,VectorDataset,/ClimateJust,0,gpsexposedtoflooding,% no. of GP surgeries exposed to flooding,,True,True,False,,,,data,2
79301,,995b781ceaf44fc5822ad2c15fcc0101,ClimateJust - LSOAs (UK) (2011) - Flood Data,ArcGISFeatureLayer,71c9876f8b4546889de4f4a5899b50d6,https://nercdsh.dev.azure.manchester.ac.uk/server/rest/services/UPRN_PoC_Web_Layer_UK_v1/FeatureServer/24,,VectorDataset,/ClimateJust,0,imd_crime,Index of Multiple Deprivation - Crime Score,,True,True,False,,,,data,2
79401,,995b781ceaf44fc5822ad2c15fcc0101,ClimateJust - LSOAs (UK) (2011) - Flood Data,ArcGISFeatureLayer,71c9876f8b4546889de4f4a5899b50d6,https://nercdsh.dev.azure.manchester.ac.uk/server/rest/services/UPRN_PoC_Web_Layer_UK_v1/FeatureServer/24,,VectorDataset,/ClimateJust,0,incomedeprivationindex,Income deprivation index,,True,True,False,,,,data,2
79501,,995b781ceaf44fc5822ad2c15fcc0101,ClimateJust - LSOAs (UK) (2011) - Flood Data,ArcGISFeatureLayer,71c9876f8b4546889de4f4a5899b50d6,https://nercdsh.dev.azure.manchester.ac.uk/server/rest/services/UPRN_PoC_Web_Layer_UK_v1/FeatureServer/24,,VectorDataset,/ClimateJust,0,lackofprivatetransport,Lack of private transport (% households with no car or van),,True,True,False,,,,data,2
79601,,995b781ceaf44fc5822ad2c15fcc0101,ClimateJust - LSOAs (UK) (2011) - Flood Data,ArcGISFeatureLayer,71c9876f8b4546889de4f4a5899b50d6,https://nercdsh.dev.azure.manchester.ac.uk/server/rest/services/UPRN_PoC_Web_Layer_UK_v1/FeatureServer/24,,VectorDataset,/ClimateJust,0,loneparentdependentchildren_hh,% lone-parent households with dependent children,,True,True,False,,,,data,2
79701,,995b781ceaf44fc5822ad2c15fcc0101,ClimateJust - LSOAs (UK) (2011) - Flood Data,ArcGISFeatureLayer,71c9876f8b4546889de4f4a5899b50d6,https://nercdsh.dev.azure.manchester.ac.uk/server/rest/services/UPRN_PoC_Web_Layer_UK_v1/FeatureServer/24,,VectorDataset,/ClimateJust,0,longtermillness_hh,% households with at least one person with long term limiting illness,,True,True,False,,,,data,2
79801,,995b781ceaf44fc5822ad2c15fcc0101,ClimateJust - LSOAs (UK) (2011) - Flood Data,ArcGISFeatureLayer,71c9876f8b4546889de4f4a5899b50d6,https://nercdsh.dev.azure.manchester.ac.uk/server/rest/services/UPRN_PoC_Web_Layer_UK_v1/FeatureServer/24,,VectorDataset,/ClimateJust,0,longtermunemployed,Long-term unemployed (% who are LTU or who have never worked),,True,True,False,,,,data,2
79901,,995b781ceaf44fc5822ad2c15fcc0101,ClimateJust - LSOAs (UK) (2011) - Flood Data,ArcGISFeatureLayer,71c9876f8b4546889de4f4a5899b50d6,https://nercdsh.dev.azure.manchester.ac.uk/server/rest/services/UPRN_PoC_Web_Layer_UK_v1/FeatureServer/24,,VectorDataset,/ClimateJust,0,lowincomeoccupations,Low income occupations (% in routine or semi- routine occupations),,True,True,False,,,,data,2
80001,,995b781ceaf44fc5822ad2c15fcc0101,ClimateJust - LSOAs (UK) (2011) - Flood Data,ArcGISFeatureLayer,71c9876f8b4546889de4f4a5899b50d6,https://nercdsh.dev.azure.manchester.ac.uk/server/rest/services/UPRN_PoC_Web_Layer_UK_v1/FeatureServer/24,,VectorDataset,/ClimateJust,0,newmigrants,New migrants from outside local area (%),,True,True,False,,,,data,2
80101,,995b781ceaf44fc5822ad2c15fcc0101,ClimateJust - LSOAs (UK) (2011) - Flood Data,ArcGISFeatureLayer,71c9876f8b4546889de4f4a5899b50d6,https://nercdsh.dev.azure.manchester.ac.uk/server/rest/services/UPRN_PoC_Web_Layer_UK_v1/FeatureServer/24,,VectorDataset,/ClimateJust,0,nfvi,Neighbourhood Flood Vulnerability Index,,True,True,False,,,,data,2
80201,,995b781ceaf44fc5822ad2c15fcc0101,ClimateJust - LSOAs (UK) (2011) - Flood Data,ArcGISFeatureLayer,71c9876f8b4546889de4f4a5899b50d6,https://nercdsh.dev.azure.manchester.ac.uk/server/rest/services/UPRN_PoC_Web_Layer_UK_v1/FeatureServer/24,,VectorDataset,/ClimateJust,0,nfvi_inabilitytoprepare,Inability to prepare,,True,True,False,,,,data,2
80301,,995b781ceaf44fc5822ad2c15fcc0101,ClimateJust - LSOAs (UK) (2011) - Flood Data,ArcGISFeatureLayer,71c9876f8b4546889de4f4a5899b50d6,https://nercdsh.dev.azure.manchester.ac.uk/server/rest/services/UPRN_PoC_Web_Layer_UK_v1/FeatureServer/24,,VectorDataset,/ClimateJust,0,nfvi_inabilitytorecover,Inability to recover,,True,True,False,,,,data,2
80401,,995b781ceaf44fc5822ad2c15fcc0101,ClimateJust - LSOAs (UK) (2011) - Flood Data,ArcGISFeatureLayer,71c9876f8b4546889de4f4a5899b50d6,https://nercdsh.dev.azure.manchester.ac.uk/server/rest/services/UPRN_PoC_Web_Layer_UK_v1/FeatureServer/24,,VectorDataset,/ClimateJust,0,nfvi_inabilitytorespond,Inability to respond,,True,True,False,,,,data,2
80501,,995b781ceaf44fc5822ad2c15fcc0101,ClimateJust - LSOAs (UK) (2011) - Flood Data,ArcGISFeatureLayer,71c9876f8b4546889de4f4a5899b50d6,https://nercdsh.dev.azure.manchester.ac.uk/server/rest/services/UPRN_PoC_Web_Layer_UK_v1/FeatureServer/24,,VectorDataset,/ClimateJust,0,nfvi_lackofcommunitysupport,Lack of community support,,True,True,False,,,,data,2
80601,,995b781ceaf44fc5822ad2c15fcc0101,ClimateJust - LSOAs (UK) (2011) - Flood Data,ArcGISFeatureLayer,71c9876f8b4546889de4f4a5899b50d6,https://nercdsh.dev.azure.manchester.ac.uk/server/rest/services/UPRN_PoC_Web_Layer_UK_v1/FeatureServer/24,,VectorDataset,/ClimateJust,0,nfvi_susceptibility,Susceptibility,,True,True,False,,,,data,2
80701,,995b781ceaf44fc5822ad2c15fcc0101,ClimateJust - LSOAs (UK) (2011) - Flood Data,ArcGISFeatureLayer,71c9876f8b4546889de4f4a5899b50d6,https://nercdsh.dev.azure.manchester.ac.uk/server/rest/services/UPRN_PoC_Web_Layer_UK_v1/FeatureServer/24,,VectorDataset,/ClimateJust,0,peoplelivinginmedicalcare,% people living in medical and care establishments,,True,True,False,,,,data,2
80801,,995b781ceaf44fc5822ad2c15fcc0101,ClimateJust - LSOAs (UK) (2011) - Flood Data,ArcGISFeatureLayer,71c9876f8b4546889de4f4a5899b50d6,https://nercdsh.dev.azure.manchester.ac.uk/server/rest/services/UPRN_PoC_Web_Layer_UK_v1/FeatureServer/24,,VectorDataset,/ClimateJust,0,peopleover75,Older people (% people over 75 years),,True,True,False,,,,data,2
80901,,995b781ceaf44fc5822ad2c15fcc0101,ClimateJust - LSOAs (UK) (2011) - Flood Data,ArcGISFeatureLayer,71c9876f8b4546889de4f4a5899b50d6,https://nercdsh.dev.azure.manchester.ac.uk/server/rest/services/UPRN_PoC_Web_Layer_UK_v1/FeatureServer/24,,VectorDataset,/ClimateJust,0,peoplewithillhealth,Disability (% people whose day-to-day activities are limited a lot),,True,True,False,,,,data,2
81001,,995b781ceaf44fc5822ad2c15fcc0101,ClimateJust - LSOAs (UK) (2011) - Flood Data,ArcGISFeatureLayer,71c9876f8b4546889de4f4a5899b50d6,https://nercdsh.dev.azure.manchester.ac.uk/server/rest/services/UPRN_PoC_Web_Layer_UK_v1/FeatureServer/24,,VectorDataset,/ClimateJust,0,populationdisabled,High levels of disability (% of population who are disabled),,True,True,False,,,,data,2
81101,,995b781ceaf44fc5822ad2c15fcc0101,ClimateJust - LSOAs (UK) (2011) - Flood Data,ArcGISFeatureLayer,71c9876f8b4546889de4f4a5899b50d6,https://nercdsh.dev.azure.manchester.ac.uk/server/rest/services/UPRN_PoC_Web_Layer_UK_v1/FeatureServer/24,,VectorDataset,/ClimateJust,0,privaterenters_hh,Private renters (% Households),,True,True,False,,,,data,2
81201,,995b781ceaf44fc5822ad2c15fcc0101,ClimateJust - LSOAs (UK) (2011) - Flood Data,ArcGISFeatureLayer,71c9876f8b4546889de4f4a5899b50d6,https://nercdsh.dev.azure.manchester.ac.uk/server/rest/services/UPRN_PoC_Web_Layer_UK_v1/FeatureServer/24,,VectorDataset,/ClimateJust,0,propsexposedtohistoricalflood,Number of properties within historical flood boundary,,True,True,False,,,,data,2
81301,,995b781ceaf44fc5822ad2c15fcc0101,ClimateJust - LSOAs (UK) (2011) - Flood Data,ArcGISFeatureLayer,71c9876f8b4546889de4f4a5899b50d6,https://nercdsh.dev.azure.manchester.ac.uk/server/rest/services/UPRN_PoC_Web_Layer_UK_v1/FeatureServer/24,,VectorDataset,/ClimateJust,0,schoolsexposedtoflooding,% no. of schools exposed to flooding,,True,True,False,,,,data,2
81401,,995b781ceaf44fc5822ad2c15fcc0101,ClimateJust - LSOAs (UK) (2011) - Flood Data,ArcGISFeatureLayer,71c9876f8b4546889de4f4a5899b50d6,https://nercdsh.dev.azure.manchester.ac.uk/server/rest/services/UPRN_PoC_Web_Layer_UK_v1/FeatureServer/24,,VectorDataset,/ClimateJust,0,servicesexposedtoflooding,Vulnerability due to exposure of services to flooding,,True,True,False,,,,data,2
81501,,995b781ceaf44fc5822ad2c15fcc0101,ClimateJust - LSOAs (UK) (2011) - Flood Data,ArcGISFeatureLayer,71c9876f8b4546889de4f4a5899b50d6,https://nercdsh.dev.azure.manchester.ac.uk/server/rest/services/UPRN_PoC_Web_Layer_UK_v1/FeatureServer/24,,VectorDataset,/ClimateJust,0,sfri_2050s_2deg_rc_g,River & Coastal  |  Group  |  Future 2050s 2&deg;C scenario,,True,True,False,,,,data,2
81601,,995b781ceaf44fc5822ad2c15fcc0101,ClimateJust - LSOAs (UK) (2011) - Flood Data,ArcGISFeatureLayer,71c9876f8b4546889de4f4a5899b50d6,https://nercdsh.dev.azure.manchester.ac.uk/server/rest/services/UPRN_PoC_Web_Layer_UK_v1/FeatureServer/24,,VectorDataset,/ClimateJust,0,sfri_2050s_2deg_rc_i,River & Coastal  |  Individual  |  Future 2050s 2&deg;C scenario,,True,True,False,,,,data,2
81701,,995b781ceaf44fc5822ad2c15fcc0101,ClimateJust - LSOAs (UK) (2011) - Flood Data,ArcGISFeatureLayer,71c9876f8b4546889de4f4a5899b50d6,https://nercdsh.dev.azure.manchester.ac.uk/server/rest/services/UPRN_PoC_Web_Layer_UK_v1/FeatureServer/24,,VectorDataset,/ClimateJust,0,sfri_2050s_2deg_sw_g,Surface water  |  Group  |  Future 2050s 2&deg;C scenario,,True,True,False,,,,data,2
81801,,995b781ceaf44fc5822ad2c15fcc0101,ClimateJust - LSOAs (UK) (2011) - Flood Data,ArcGISFeatureLayer,71c9876f8b4546889de4f4a5899b50d6,https://nercdsh.dev.azure.manchester.ac.uk/server/rest/services/UPRN_PoC_Web_Layer_UK_v1/FeatureServer/24,,VectorDataset,/ClimateJust,0,sfri_2050s_2deg_sw_i,Surface water  |  Individual  |  Future 2050s 2&deg;C scenario,,True,True,False,,,,data,2
81901,,995b781ceaf44fc5822ad2c15fcc0101,ClimateJust - LSOAs (UK) (2011) - Flood Data,ArcGISFeatureLayer,71c9876f8b4546889de4f4a5899b50d6,https://nercdsh.dev.azure.manchester.ac.uk/server/rest/services/UPRN_PoC_Web_Layer_UK_v1/FeatureServer/24,,VectorDataset,/ClimateJust,0,sfri_2050s_4deg_rc_g,River & Coastal  |  Group  |  Future 2050s 4&deg;C scenario,,True,True,False,,,,data,2
82001,,995b781ceaf44fc5822ad2c15fcc0101,ClimateJust - LSOAs (UK) (2011) - Flood Data,ArcGISFeatureLayer,71c9876f8b4546889de4f4a5899b50d6,https://nercdsh.dev.azure.manchester.ac.uk/server/rest/services/UPRN_PoC_Web_Layer_UK_v1/FeatureServer/24,,VectorDataset,/ClimateJust,0,sfri_2050s_4deg_rc_i,River & Coastal  |  Individual  |  Future 2050s 4&deg;C scenario,,True,True,False,,,,data,2
82101,,995b781ceaf44fc5822ad2c15fcc0101,ClimateJust - LSOAs (UK) (2011) - Flood Data,ArcGISFeatureLayer,71c9876f8b4546889de4f4a5899b50d6,https://nercdsh.dev.azure.manchester.ac.uk/server/rest/services/UPRN_PoC_Web_Layer_UK_v1/FeatureServer/24,,VectorDataset,/ClimateJust,0,sfri_2050s_4deg_sw_g,Surface water  |  Group  |  Future 2050s 4&deg;C scenario,,True,True,False,,,,data,2
82201,,995b781ceaf44fc5822ad2c15fcc0101,ClimateJust - LSOAs (UK) (2011) - Flood Data,ArcGISFeatureLayer,71c9876f8b4546889de4f4a5899b50d6,https://nercdsh.dev.azure.manchester.ac.uk/server/rest/services/UPRN_PoC_Web_Layer_UK_v1/FeatureServer/24,,VectorDataset,/ClimateJust,0,sfri_2050s_4deg_sw_i,Surface water  |  Individual  |  Future 2050s 4&deg;C scenario,,True,True,False,,,,data,2
82301,,995b781ceaf44fc5822ad2c15fcc0101,ClimateJust - LSOAs (UK) (2011) - Flood Data,ArcGISFeatureLayer,71c9876f8b4546889de4f4a5899b50d6,https://nercdsh.dev.azure.manchester.ac.uk/server/rest/services/UPRN_PoC_Web_Layer_UK_v1/FeatureServer/24,,VectorDataset,/ClimateJust,0,sfri_presentday_rc_g,River & Coastal  |  Group  |  Present day,,True,True,False,,,,data,2
82401,,995b781ceaf44fc5822ad2c15fcc0101,ClimateJust - LSOAs (UK) (2011) - Flood Data,ArcGISFeatureLayer,71c9876f8b4546889de4f4a5899b50d6,https://nercdsh.dev.azure.manchester.ac.uk/server/rest/services/UPRN_PoC_Web_Layer_UK_v1/FeatureServer/24,,VectorDataset,/ClimateJust,0,sfri_presentday_rc_i,River & Coastal  |  Individual  |  Present day,,True,True,False,,,,data,2
82501,,995b781ceaf44fc5822ad2c15fcc0101,ClimateJust - LSOAs (UK) (2011) - Flood Data,ArcGISFeatureLayer,71c9876f8b4546889de4f4a5899b50d6,https://nercdsh.dev.azure.manchester.ac.uk/server/rest/services/UPRN_PoC_Web_Layer_UK_v1/FeatureServer/24,,VectorDataset,/ClimateJust,0,sfri_presentday_sw_g,Surface water  |  Group  |  Present day,,True,True,False,,,,data,2
82601,,995b781ceaf44fc5822ad2c15fcc0101,ClimateJust - LSOAs (UK) (2011) - Flood Data,ArcGISFeatureLayer,71c9876f8b4546889de4f4a5899b50d6,https://nercdsh.dev.azure.manchester.ac.uk/server/rest/services/UPRN_PoC_Web_Layer_UK_v1/FeatureServer/24,,VectorDataset,/ClimateJust,0,sfri_presentday_sw_i,Surface water  |  Individual  |  Present day,,True,True,False,,,,data,2
82701,,995b781ceaf44fc5822ad2c15fcc0101,ClimateJust - LSOAs (UK) (2011) - Flood Data,ArcGISFeatureLayer,71c9876f8b4546889de4f4a5899b50d6,https://nercdsh.dev.azure.manchester.ac.uk/server/rest/services/UPRN_PoC_Web_Layer_UK_v1/FeatureServer/24,,VectorDataset,/ClimateJust,0,singlepensioner_hh,% single-pensioner households,,True,True,False,,,,data,2
82801,,995b781ceaf44fc5822ad2c15fcc0101,ClimateJust - LSOAs (UK) (2011) - Flood Data,ArcGISFeatureLayer,71c9876f8b4546889de4f4a5899b50d6,https://nercdsh.dev.azure.manchester.ac.uk/server/rest/services/UPRN_PoC_Web_Layer_UK_v1/FeatureServer/24,,VectorDataset,/ClimateJust,0,socialrenters_hh,Social renters (% Households renting from Social or Council landlords),,True,True,False,,,,data,2
82901,,995b781ceaf44fc5822ad2c15fcc0101,ClimateJust - LSOAs (UK) (2011) - Flood Data,ArcGISFeatureLayer,71c9876f8b4546889de4f4a5899b50d6,https://nercdsh.dev.azure.manchester.ac.uk/server/rest/services/UPRN_PoC_Web_Layer_UK_v1/FeatureServer/24,,VectorDataset,/ClimateJust,0,unemployed,% Unemployed,,True,True,False,,,,data,2
83001,,995b781ceaf44fc5822ad2c15fcc0101,ClimateJust - LSOAs (UK) (2011) - Flood Data,ArcGISFeatureLayer,71c9876f8b4546889de4f4a5899b50d6,https://nercdsh.dev.azure.manchester.ac.uk/server/rest/services/UPRN_PoC_Web_Layer_UK_v1/FeatureServer/24,,VectorDataset,/ClimateJust,0,vulnerabilityduetoage,Vulnerability due to age,,True,True,False,,,,data,2
83101,,995b781ceaf44fc5822ad2c15fcc0101,ClimateJust - LSOAs (UK) (2011) - Flood Data,ArcGISFeatureLayer,71c9876f8b4546889de4f4a5899b50d6,https://nercdsh.dev.azure.manchester.ac.uk/server/rest/services/UPRN_PoC_Web_Layer_UK_v1/FeatureServer/24,,VectorDataset,/ClimateJust,0,vulnerabilityduetocrime,Vulnerability due to crime,,True,True,False,,,,data,2
83201,,995b781ceaf44fc5822ad2c15fcc0101,ClimateJust - LSOAs (UK) (2011) - Flood Data,ArcGISFeatureLayer,71c9876f8b4546889de4f4a5899b50d6,https://nercdsh.dev.azure.manchester.ac.uk/server/rest/services/UPRN_PoC_Web_Layer_UK_v1/FeatureServer/24,,VectorDataset,/ClimateJust,0,vulnerabilityduetohealth,Vulnerability due to health,,True,True,False,,,,data,2
83301,,995b781ceaf44fc5822ad2c15fcc0101,ClimateJust - LSOAs (UK) (2011) - Flood Data,ArcGISFeatureLayer,71c9876f8b4546889de4f4a5899b50d6,https://nercdsh.dev.azure.manchester.ac.uk/server/rest/services/UPRN_PoC_Web_Layer_UK_v1/FeatureServer/24,,VectorDataset,/ClimateJust,0,vulnerabilityduetohousing,Vulnerability due to housing characteristics,,True,True,False,,,,data,2
83401,,995b781ceaf44fc5822ad2c15fcc0101,ClimateJust - LSOAs (UK) (2011) - Flood Data,ArcGISFeatureLayer,71c9876f8b4546889de4f4a5899b50d6,https://nercdsh.dev.azure.manchester.ac.uk/server/rest/services/UPRN_PoC_Web_Layer_UK_v1/FeatureServer/24,,VectorDataset,/ClimateJust,0,vulnerabilityduetoincome,Vulnerability due to income,,True,True,False,,,,data,2
83501,,995b781ceaf44fc5822ad2c15fcc0101,ClimateJust - LSOAs (UK) (2011) - Flood Data,ArcGISFeatureLayer,71c9876f8b4546889de4f4a5899b50d6,https://nercdsh.dev.azure.manchester.ac.uk/server/rest/services/UPRN_PoC_Web_Layer_UK_v1/FeatureServer/24,,VectorDataset,/ClimateJust,0,vulnerabilityduetoinfo,Vulnerability due to issues of information use,,True,True,False,,,,data,2
83601,,995b781ceaf44fc5822ad2c15fcc0101,ClimateJust - LSOAs (UK) (2011) - Flood Data,ArcGISFeatureLayer,71c9876f8b4546889de4f4a5899b50d6,https://nercdsh.dev.azure.manchester.ac.uk/server/rest/services/UPRN_PoC_Web_Layer_UK_v1/FeatureServer/24,,VectorDataset,/ClimateJust,0,vulnerabilityduetoknowledge,Vulnerability due to lack of local knowledge,,True,True,False,,,,data,2
83701,,995b781ceaf44fc5822ad2c15fcc0101,ClimateJust - LSOAs (UK) (2011) - Flood Data,ArcGISFeatureLayer,71c9876f8b4546889de4f4a5899b50d6,https://nercdsh.dev.azure.manchester.ac.uk/server/rest/services/UPRN_PoC_Web_Layer_UK_v1/FeatureServer/24,,VectorDataset,/ClimateJust,0,vulnerabilityduetophysmobility,Vulnerability due to lack of physical mobility,,True,True,False,,,,data,2
83801,,995b781ceaf44fc5822ad2c15fcc0101,ClimateJust - LSOAs (UK) (2011) - Flood Data,ArcGISFeatureLayer,71c9876f8b4546889de4f4a5899b50d6,https://nercdsh.dev.azure.manchester.ac.uk/server/rest/services/UPRN_PoC_Web_Layer_UK_v1/FeatureServer/24,,VectorDataset,/ClimateJust,0,vulnerabilityduetosocialnetwork,Vulnerability due to lack of social networks,,True,True,False,,,,data,2
83901,,995b781ceaf44fc5822ad2c15fcc0101,ClimateJust - LSOAs (UK) (2011) - Flood Data,ArcGISFeatureLayer,71c9876f8b4546889de4f4a5899b50d6,https://nercdsh.dev.azure.manchester.ac.uk/server/rest/services/UPRN_PoC_Web_Layer_UK_v1/FeatureServer/24,,VectorDataset,/ClimateJust,0,vulnerabilityduetopropertytenur,Vulnerability due to property tenure,,True,True,False,,,,data,2
84001,,995b781ceaf44fc5822ad2c15fcc0101,ClimateJust - LSOAs (UK) (2011) - Flood Data,ArcGISFeatureLayer,71c9876f8b4546889de4f4a5899b50d6,https://nercdsh.dev.azure.manchester.ac.uk/server/rest/services/UPRN_PoC_Web_Layer_UK_v1/FeatureServer/24,,VectorDataset,/ClimateJust,0,youngchildren,Young children (% people under 5 years),,True,True,False,,,,data,2
84101,,995b781ceaf44fc5822ad2c15fcc0101,ClimateJust - LSOAs (UK) (2011) - Flood Data,ArcGISFeatureLayer,71c9876f8b4546889de4f4a5899b50d6,https://nercdsh.dev.azure.manchester.ac.uk/server/rest/services/UPRN_PoC_Web_Layer_UK_v1/FeatureServer/24,,VectorDataset,/ClimateJust,0,perimeterepsg27700,Perimeter (EPSG 27700),,False,True,False,,,,data,2
84201,,995b781ceaf44fc5822ad2c15fcc0101,ClimateJust - LSOAs (UK) (2011) - Flood Data,ArcGISFeatureLayer,71c9876f8b4546889de4f4a5899b50d6,https://nercdsh.dev.azure.manchester.ac.uk/server/rest/services/UPRN_PoC_Web_Layer_UK_v1/FeatureServer/24,,VectorDataset,/ClimateJust,0,areaepsg27700,Area (EPSG 27700),,False,True,False,,,,data,2
84301,,995b781ceaf44fc5822ad2c15fcc0101,ClimateJust - LSOAs (UK) (2011) - Flood Data,ArcGISFeatureLayer,71c9876f8b4546889de4f4a5899b50d6,https://nercdsh.dev.azure.manchester.ac.uk/server/rest/services/UPRN_PoC_Web_Layer_UK_v1/FeatureServer/24,,VectorDataset,/ClimateJust,0,SHAPE__Area,SHAPE__Area,,False,True,False,,,,data,2
84401,,995b781ceaf44fc5822ad2c15fcc0101,ClimateJust - LSOAs (UK) (2011) - Flood Data,ArcGISFeatureLayer,71c9876f8b4546889de4f4a5899b50d6,https://nercdsh.dev.azure.manchester.ac.uk/server/rest/services/UPRN_PoC_Web_Layer_UK_v1/FeatureServer/24,,VectorDataset,/ClimateJust,0,st_perimeter(shape),st_perimeter(shape),,False,True,False,,,,data,2
84501,,f5e0bb5cfa3542a69eb0fe7af71314b1,ClimateJust - LSOAs (WA) (2011 - 2022 V3) - 2022 Data,ArcGISFeatureLayer,71c9876f8b4546889de4f4a5899b50d6,https://nercdsh.dev.azure.manchester.ac.uk/server/rest/services/UPRN_PoC_Web_Layer_UK_v1/FeatureServer/238,,VectorDataset,/ClimateJust,0,objectid,OBJECTID,,False,True,False,,,,data,2
84601,,f5e0bb5cfa3542a69eb0fe7af71314b1,ClimateJust - LSOAs (WA) (2011 - 2022 V3) - 2022 Data,ArcGISFeatureLayer,71c9876f8b4546889de4f4a5899b50d6,https://nercdsh.dev.azure.manchester.ac.uk/server/rest/services/UPRN_PoC_Web_Layer_UK_v1/FeatureServer/238,,VectorDataset,/ClimateJust,0,lsoa11cd,LSOA Code (2011) (V3),,True,True,True,,,,data,2
84701,,f5e0bb5cfa3542a69eb0fe7af71314b1,ClimateJust - LSOAs (WA) (2011 - 2022 V3) - 2022 Data,ArcGISFeatureLayer,71c9876f8b4546889de4f4a5899b50d6,https://nercdsh.dev.azure.manchester.ac.uk/server/rest/services/UPRN_PoC_Web_Layer_UK_v1/FeatureServer/238,,VectorDataset,/ClimateJust,0,lsoa11nm,LSOA Name (2011) (V3),,True,True,True,,,,data,2
84801,,f5e0bb5cfa3542a69eb0fe7af71314b1,ClimateJust - LSOAs (WA) (2011 - 2022 V3) - 2022 Data,ArcGISFeatureLayer,71c9876f8b4546889de4f4a5899b50d6,https://nercdsh.dev.azure.manchester.ac.uk/server/rest/services/UPRN_PoC_Web_Layer_UK_v1/FeatureServer/238,,VectorDataset,/ClimateJust,0,sensitivityssfvi,Sensitivity Index,,True,True,False,,,,data,2
84901,,f5e0bb5cfa3542a69eb0fe7af71314b1,ClimateJust - LSOAs (WA) (2011 - 2022 V3) - 2022 Data,ArcGISFeatureLayer,71c9876f8b4546889de4f4a5899b50d6,https://nercdsh.dev.azure.manchester.ac.uk/server/rest/services/UPRN_PoC_Web_Layer_UK_v1/FeatureServer/238,,VectorDataset,/ClimateJust,0,inabilitytopreparessfvi,Inability to Prepare Index,,True,True,False,,,,data,2
85001,,f5e0bb5cfa3542a69eb0fe7af71314b1,ClimateJust - LSOAs (WA) (2011 - 2022 V3) - 2022 Data,ArcGISFeatureLayer,71c9876f8b4546889de4f4a5899b50d6,https://nercdsh.dev.azure.manchester.ac.uk/server/rest/services/UPRN_PoC_Web_Layer_UK_v1/FeatureServer/238,,VectorDataset,/ClimateJust,0,inabilitytorespondssfvi,Inability to Respond Index,,True,True,False,,,,data,2
85101,,f5e0bb5cfa3542a69eb0fe7af71314b1,ClimateJust - LSOAs (WA) (2011 - 2022 V3) - 2022 Data,ArcGISFeatureLayer,71c9876f8b4546889de4f4a5899b50d6,https://nercdsh.dev.azure.manchester.ac.uk/server/rest/services/UPRN_PoC_Web_Layer_UK_v1/FeatureServer/238,,VectorDataset,/ClimateJust,0,inabilitytorecoverssfvi,Inability to Recover Index,,True,True,False,,,,data,2
85201,,f5e0bb5cfa3542a69eb0fe7af71314b1,ClimateJust - LSOAs (WA) (2011 - 2022 V3) - 2022 Data,ArcGISFeatureLayer,71c9876f8b4546889de4f4a5899b50d6,https://nercdsh.dev.azure.manchester.ac.uk/server/rest/services/UPRN_PoC_Web_Layer_UK_v1/FeatureServer/238,,VectorDataset,/ClimateJust,0,enhancedexposuressfvi,Enhanced Exposure Index,,True,True,False,,,,data,2
85301,,f5e0bb5cfa3542a69eb0fe7af71314b1,ClimateJust - LSOAs (WA) (2011 - 2022 V3) - 2022 Data,ArcGISFeatureLayer,71c9876f8b4546889de4f4a5899b50d6,https://nercdsh.dev.azure.manchester.ac.uk/server/rest/services/UPRN_PoC_Web_Layer_UK_v1/FeatureServer/238,,VectorDataset,/ClimateJust,0,ssfvi,Socio-Spatial Flood Vulnerability Index,,True,True,False,,,,data,2
85401,,f5e0bb5cfa3542a69eb0fe7af71314b1,ClimateJust - LSOAs (WA) (2011 - 2022 V3) - 2022 Data,ArcGISFeatureLayer,71c9876f8b4546889de4f4a5899b50d6,https://nercdsh.dev.azure.manchester.ac.uk/server/rest/services/UPRN_PoC_Web_Layer_UK_v1/FeatureServer/238,,VectorDataset,/ClimateJust,0,population,Population ,,True,True,False,,,,data,2
85501,,f5e0bb5cfa3542a69eb0fe7af71314b1,ClimateJust - LSOAs (WA) (2011 - 2022 V3) - 2022 Data,ArcGISFeatureLayer,71c9876f8b4546889de4f4a5899b50d6,https://nercdsh.dev.azure.manchester.ac.uk/server/rest/services/UPRN_PoC_Web_Layer_UK_v1/FeatureServer/238,,VectorDataset,/ClimateJust,0,populationexposed,Population Exposed (Count),,True,True,False,,,,data,2
85601,,f5e0bb5cfa3542a69eb0fe7af71314b1,ClimateJust - LSOAs (WA) (2011 - 2022 V3) - 2022 Data,ArcGISFeatureLayer,71c9876f8b4546889de4f4a5899b50d6,https://nercdsh.dev.azure.manchester.ac.uk/server/rest/services/UPRN_PoC_Web_Layer_UK_v1/FeatureServer/238,,VectorDataset,/ClimateJust,0,exposedpopdefended,Exposed Population Defended (Count),,True,True,False,,,,data,2
85701,,f5e0bb5cfa3542a69eb0fe7af71314b1,ClimateJust - LSOAs (WA) (2011 - 2022 V3) - 2022 Data,ArcGISFeatureLayer,71c9876f8b4546889de4f4a5899b50d6,https://nercdsh.dev.azure.manchester.ac.uk/server/rest/services/UPRN_PoC_Web_Layer_UK_v1/FeatureServer/238,,VectorDataset,/ClimateJust,0,exposedpopundefended,Exposed Population Undefended (Count),,True,True,False,,,,data,2
85801,,f5e0bb5cfa3542a69eb0fe7af71314b1,ClimateJust - LSOAs (WA) (2011 - 2022 V3) - 2022 Data,ArcGISFeatureLayer,71c9876f8b4546889de4f4a5899b50d6,https://nercdsh.dev.azure.manchester.ac.uk/server/rest/services/UPRN_PoC_Web_Layer_UK_v1/FeatureServer/238,,VectorDataset,/ClimateJust,0,zpopulationexposed,Population Exposed (Z-Score),,True,True,False,,,,data,2
85901,,f5e0bb5cfa3542a69eb0fe7af71314b1,ClimateJust - LSOAs (WA) (2011 - 2022 V3) - 2022 Data,ArcGISFeatureLayer,71c9876f8b4546889de4f4a5899b50d6,https://nercdsh.dev.azure.manchester.ac.uk/server/rest/services/UPRN_PoC_Web_Layer_UK_v1/FeatureServer/238,,VectorDataset,/ClimateJust,0,zexposedpopundefended,Exposed Population Undefended (Z-Score),,True,True,False,,,,data,2
86001,,f5e0bb5cfa3542a69eb0fe7af71314b1,ClimateJust - LSOAs (WA) (2011 - 2022 V3) - 2022 Data,ArcGISFeatureLayer,71c9876f8b4546889de4f4a5899b50d6,https://nercdsh.dev.azure.manchester.ac.uk/server/rest/services/UPRN_PoC_Web_Layer_UK_v1/FeatureServer/238,,VectorDataset,/ClimateJust,0,zdisadvantageexposed,"Disadvantage (all potentially exposed, Z-Score)",,True,True,False,,,,data,2
86101,,f5e0bb5cfa3542a69eb0fe7af71314b1,ClimateJust - LSOAs (WA) (2011 - 2022 V3) - 2022 Data,ArcGISFeatureLayer,71c9876f8b4546889de4f4a5899b50d6,https://nercdsh.dev.azure.manchester.ac.uk/server/rest/services/UPRN_PoC_Web_Layer_UK_v1/FeatureServer/238,,VectorDataset,/ClimateJust,0,zdisadvantageundefended,"Disadvantage (all potentially undefended, Z-Score)",,True,True,False,,,,data,2
86201,,f5e0bb5cfa3542a69eb0fe7af71314b1,ClimateJust - LSOAs (WA) (2011 - 2022 V3) - 2022 Data,ArcGISFeatureLayer,71c9876f8b4546889de4f4a5899b50d6,https://nercdsh.dev.azure.manchester.ac.uk/server/rest/services/UPRN_PoC_Web_Layer_UK_v1/FeatureServer/238,,VectorDataset,/ClimateJust,0,youngchildren,Young children (% people under 5 years),,True,True,False,,,,data,2
86301,,f5e0bb5cfa3542a69eb0fe7af71314b1,ClimateJust - LSOAs (WA) (2011 - 2022 V3) - 2022 Data,ArcGISFeatureLayer,71c9876f8b4546889de4f4a5899b50d6,https://nercdsh.dev.azure.manchester.ac.uk/server/rest/services/UPRN_PoC_Web_Layer_UK_v1/FeatureServer/238,,VectorDataset,/ClimateJust,0,peopleover75,Older people (% people over 75 years),,True,True,False,,,,data,2
86401,,f5e0bb5cfa3542a69eb0fe7af71314b1,ClimateJust - LSOAs (WA) (2011 - 2022 V3) - 2022 Data,ArcGISFeatureLayer,71c9876f8b4546889de4f4a5899b50d6,https://nercdsh.dev.azure.manchester.ac.uk/server/rest/services/UPRN_PoC_Web_Layer_UK_v1/FeatureServer/238,,VectorDataset,/ClimateJust,0,emergencyhospitaladmiss,Rate of emergency admission to hospital,,True,True,False,,,,data,2
86501,,f5e0bb5cfa3542a69eb0fe7af71314b1,ClimateJust - LSOAs (WA) (2011 - 2022 V3) - 2022 Data,ArcGISFeatureLayer,71c9876f8b4546889de4f4a5899b50d6,https://nercdsh.dev.azure.manchester.ac.uk/server/rest/services/UPRN_PoC_Web_Layer_UK_v1/FeatureServer/238,,VectorDataset,/ClimateJust,0,disabilityandillhealth,Comparative illness and disability ratio,,True,True,False,,,,data,2
86601,,f5e0bb5cfa3542a69eb0fe7af71314b1,ClimateJust - LSOAs (WA) (2011 - 2022 V3) - 2022 Data,ArcGISFeatureLayer,71c9876f8b4546889de4f4a5899b50d6,https://nercdsh.dev.azure.manchester.ac.uk/server/rest/services/UPRN_PoC_Web_Layer_UK_v1/FeatureServer/238,,VectorDataset,/ClimateJust,0,moodanxietydisorders,Mood and Anxiety Disorder Indicator,,True,True,False,,,,data,2
86701,,f5e0bb5cfa3542a69eb0fe7af71314b1,ClimateJust - LSOAs (WA) (2011 - 2022 V3) - 2022 Data,ArcGISFeatureLayer,71c9876f8b4546889de4f4a5899b50d6,https://nercdsh.dev.azure.manchester.ac.uk/server/rest/services/UPRN_PoC_Web_Layer_UK_v1/FeatureServer/238,,VectorDataset,/ClimateJust,0,medicalcareresidents,Medical and Care Residents (Score),,True,True,False,,,,data,2
86801,,f5e0bb5cfa3542a69eb0fe7af71314b1,ClimateJust - LSOAs (WA) (2011 - 2022 V3) - 2022 Data,ArcGISFeatureLayer,71c9876f8b4546889de4f4a5899b50d6,https://nercdsh.dev.azure.manchester.ac.uk/server/rest/services/UPRN_PoC_Web_Layer_UK_v1/FeatureServer/238,,VectorDataset,/ClimateJust,0,zyoungchildren,Young children (Z-Score),,True,True,False,,,,data,2
86901,,f5e0bb5cfa3542a69eb0fe7af71314b1,ClimateJust - LSOAs (WA) (2011 - 2022 V3) - 2022 Data,ArcGISFeatureLayer,71c9876f8b4546889de4f4a5899b50d6,https://nercdsh.dev.azure.manchester.ac.uk/server/rest/services/UPRN_PoC_Web_Layer_UK_v1/FeatureServer/238,,VectorDataset,/ClimateJust,0,zpeopleover75,Older people (Z-Score),,True,True,False,,,,data,2
87001,,f5e0bb5cfa3542a69eb0fe7af71314b1,ClimateJust - LSOAs (WA) (2011 - 2022 V3) - 2022 Data,ArcGISFeatureLayer,71c9876f8b4546889de4f4a5899b50d6,https://nercdsh.dev.azure.manchester.ac.uk/server/rest/services/UPRN_PoC_Web_Layer_UK_v1/FeatureServer/238,,VectorDataset,/ClimateJust,0,zemergencyhospitaladmiss,Rate of emergency admission to hospital (Z-Score),,True,True,False,,,,data,2
87101,,f5e0bb5cfa3542a69eb0fe7af71314b1,ClimateJust - LSOAs (WA) (2011 - 2022 V3) - 2022 Data,ArcGISFeatureLayer,71c9876f8b4546889de4f4a5899b50d6,https://nercdsh.dev.azure.manchester.ac.uk/server/rest/services/UPRN_PoC_Web_Layer_UK_v1/FeatureServer/238,,VectorDataset,/ClimateJust,0,zdisabilityandillhealth,Comparative illness and disability ratio (Z-Score),,True,True,False,,,,data,2
87201,,f5e0bb5cfa3542a69eb0fe7af71314b1,ClimateJust - LSOAs (WA) (2011 - 2022 V3) - 2022 Data,ArcGISFeatureLayer,71c9876f8b4546889de4f4a5899b50d6,https://nercdsh.dev.azure.manchester.ac.uk/server/rest/services/UPRN_PoC_Web_Layer_UK_v1/FeatureServer/238,,VectorDataset,/ClimateJust,0,zmoodanxietydisorders,Mood and Anxiety Disorder Indicator (Z-Score),,True,True,False,,,,data,2
87301,,f5e0bb5cfa3542a69eb0fe7af71314b1,ClimateJust - LSOAs (WA) (2011 - 2022 V3) - 2022 Data,ArcGISFeatureLayer,71c9876f8b4546889de4f4a5899b50d6,https://nercdsh.dev.azure.manchester.ac.uk/server/rest/services/UPRN_PoC_Web_Layer_UK_v1/FeatureServer/238,,VectorDataset,/ClimateJust,0,zmedicalcareresidents,Employment deprived people in an area (Z-Score),,True,True,False,,,,data,2
87401,,f5e0bb5cfa3542a69eb0fe7af71314b1,ClimateJust - LSOAs (WA) (2011 - 2022 V3) - 2022 Data,ArcGISFeatureLayer,71c9876f8b4546889de4f4a5899b50d6,https://nercdsh.dev.azure.manchester.ac.uk/server/rest/services/UPRN_PoC_Web_Layer_UK_v1/FeatureServer/238,,VectorDataset,/ClimateJust,0,agevulnerability,Vulnerability due to age,,True,True,False,,,,data,2
87501,,f5e0bb5cfa3542a69eb0fe7af71314b1,ClimateJust - LSOAs (WA) (2011 - 2022 V3) - 2022 Data,ArcGISFeatureLayer,71c9876f8b4546889de4f4a5899b50d6,https://nercdsh.dev.azure.manchester.ac.uk/server/rest/services/UPRN_PoC_Web_Layer_UK_v1/FeatureServer/238,,VectorDataset,/ClimateJust,0,healthvulnerability,Vulnerability due to health,,True,True,False,,,,data,2
87601,,f5e0bb5cfa3542a69eb0fe7af71314b1,ClimateJust - LSOAs (WA) (2011 - 2022 V3) - 2022 Data,ArcGISFeatureLayer,71c9876f8b4546889de4f4a5899b50d6,https://nercdsh.dev.azure.manchester.ac.uk/server/rest/services/UPRN_PoC_Web_Layer_UK_v1/FeatureServer/238,,VectorDataset,/ClimateJust,0,employmentdeprivation,Employment deprived people in an area (% of working population),,True,True,False,,,,data,2
87701,,f5e0bb5cfa3542a69eb0fe7af71314b1,ClimateJust - LSOAs (WA) (2011 - 2022 V3) - 2022 Data,ArcGISFeatureLayer,71c9876f8b4546889de4f4a5899b50d6,https://nercdsh.dev.azure.manchester.ac.uk/server/rest/services/UPRN_PoC_Web_Layer_UK_v1/FeatureServer/238,,VectorDataset,/ClimateJust,0,incomedeprivation,Income deprived people in an area (% of zone population),,True,True,False,,,,data,2
87801,,f5e0bb5cfa3542a69eb0fe7af71314b1,ClimateJust - LSOAs (WA) (2011 - 2022 V3) - 2022 Data,ArcGISFeatureLayer,71c9876f8b4546889de4f4a5899b50d6,https://nercdsh.dev.azure.manchester.ac.uk/server/rest/services/UPRN_PoC_Web_Layer_UK_v1/FeatureServer/238,,VectorDataset,/ClimateJust,0,olderadultincomedeprivation,Income deprived older people in an area (% of people 60 or over),,True,True,False,,,,data,2
87901,,f5e0bb5cfa3542a69eb0fe7af71314b1,ClimateJust - LSOAs (WA) (2011 - 2022 V3) - 2022 Data,ArcGISFeatureLayer,71c9876f8b4546889de4f4a5899b50d6,https://nercdsh.dev.azure.manchester.ac.uk/server/rest/services/UPRN_PoC_Web_Layer_UK_v1/FeatureServer/238,,VectorDataset,/ClimateJust,0,socialrentershh,Social renters (% Households renting from Social or Council landlords),,True,True,False,,,,data,2
88001,,f5e0bb5cfa3542a69eb0fe7af71314b1,ClimateJust - LSOAs (WA) (2011 - 2022 V3) - 2022 Data,ArcGISFeatureLayer,71c9876f8b4546889de4f4a5899b50d6,https://nercdsh.dev.azure.manchester.ac.uk/server/rest/services/UPRN_PoC_Web_Layer_UK_v1/FeatureServer/238,,VectorDataset,/ClimateJust,0,privaterentershh,Private renters (% Households),,True,True,False,,,,data,2
88101,,f5e0bb5cfa3542a69eb0fe7af71314b1,ClimateJust - LSOAs (WA) (2011 - 2022 V3) - 2022 Data,ArcGISFeatureLayer,71c9876f8b4546889de4f4a5899b50d6,https://nercdsh.dev.azure.manchester.ac.uk/server/rest/services/UPRN_PoC_Web_Layer_UK_v1/FeatureServer/238,,VectorDataset,/ClimateJust,0,englishproficiency,Level of proficiency in English (% population),,True,True,False,,,,data,2
88201,,f5e0bb5cfa3542a69eb0fe7af71314b1,ClimateJust - LSOAs (WA) (2011 - 2022 V3) - 2022 Data,ArcGISFeatureLayer,71c9876f8b4546889de4f4a5899b50d6,https://nercdsh.dev.azure.manchester.ac.uk/server/rest/services/UPRN_PoC_Web_Layer_UK_v1/FeatureServer/238,,VectorDataset,/ClimateJust,0,substandardbroadband,Sub-standard Broadband (% premises below the Universal Service Obligation),,True,True,False,,,,data,2
88301,,f5e0bb5cfa3542a69eb0fe7af71314b1,ClimateJust - LSOAs (WA) (2011 - 2022 V3) - 2022 Data,ArcGISFeatureLayer,71c9876f8b4546889de4f4a5899b50d6,https://nercdsh.dev.azure.manchester.ac.uk/server/rest/services/UPRN_PoC_Web_Layer_UK_v1/FeatureServer/238,,VectorDataset,/ClimateJust,0,lacksuperfastbroadband,Lack of superfast broadband (% Premises),,True,True,False,,,,data,2
88401,,f5e0bb5cfa3542a69eb0fe7af71314b1,ClimateJust - LSOAs (WA) (2011 - 2022 V3) - 2022 Data,ArcGISFeatureLayer,71c9876f8b4546889de4f4a5899b50d6,https://nercdsh.dev.azure.manchester.ac.uk/server/rest/services/UPRN_PoC_Web_Layer_UK_v1/FeatureServer/238,,VectorDataset,/ClimateJust,0,populationtransience,Population Transience (Residential Mobility Index),,True,True,False,,,,data,2
88501,,f5e0bb5cfa3542a69eb0fe7af71314b1,ClimateJust - LSOAs (WA) (2011 - 2022 V3) - 2022 Data,ArcGISFeatureLayer,71c9876f8b4546889de4f4a5899b50d6,https://nercdsh.dev.azure.manchester.ac.uk/server/rest/services/UPRN_PoC_Web_Layer_UK_v1/FeatureServer/238,,VectorDataset,/ClimateJust,0,directfloodexperience,Number of properties within historical flood boundary,,True,True,False,,,,data,2
88601,,f5e0bb5cfa3542a69eb0fe7af71314b1,ClimateJust - LSOAs (WA) (2011 - 2022 V3) - 2022 Data,ArcGISFeatureLayer,71c9876f8b4546889de4f4a5899b50d6,https://nercdsh.dev.azure.manchester.ac.uk/server/rest/services/UPRN_PoC_Web_Layer_UK_v1/FeatureServer/238,,VectorDataset,/ClimateJust,0,floodwarnings,Flood alert and warning areas (% area not covered),,True,True,False,,,,data,2
88701,,f5e0bb5cfa3542a69eb0fe7af71314b1,ClimateJust - LSOAs (WA) (2011 - 2022 V3) - 2022 Data,ArcGISFeatureLayer,71c9876f8b4546889de4f4a5899b50d6,https://nercdsh.dev.azure.manchester.ac.uk/server/rest/services/UPRN_PoC_Web_Layer_UK_v1/FeatureServer/238,,VectorDataset,/ClimateJust,0,z_employmentdeprivation,Income deprived people in an area (Z-Score),,True,True,False,,,,data,2
88801,,f5e0bb5cfa3542a69eb0fe7af71314b1,ClimateJust - LSOAs (WA) (2011 - 2022 V3) - 2022 Data,ArcGISFeatureLayer,71c9876f8b4546889de4f4a5899b50d6,https://nercdsh.dev.azure.manchester.ac.uk/server/rest/services/UPRN_PoC_Web_Layer_UK_v1/FeatureServer/238,,VectorDataset,/ClimateJust,0,z_incomedeprivation,Income deprived people in an area (Z-Score),,True,True,False,,,,data,2
88901,,f5e0bb5cfa3542a69eb0fe7af71314b1,ClimateJust - LSOAs (WA) (2011 - 2022 V3) - 2022 Data,ArcGISFeatureLayer,71c9876f8b4546889de4f4a5899b50d6,https://nercdsh.dev.azure.manchester.ac.uk/server/rest/services/UPRN_PoC_Web_Layer_UK_v1/FeatureServer/238,,VectorDataset,/ClimateJust,0,z_olderadultincomedeprivation,Income deprived older people in an area (Z-Score),,True,True,False,,,,data,2
89001,,f5e0bb5cfa3542a69eb0fe7af71314b1,ClimateJust - LSOAs (WA) (2011 - 2022 V3) - 2022 Data,ArcGISFeatureLayer,71c9876f8b4546889de4f4a5899b50d6,https://nercdsh.dev.azure.manchester.ac.uk/server/rest/services/UPRN_PoC_Web_Layer_UK_v1/FeatureServer/238,,VectorDataset,/ClimateJust,0,z_socialrenters_hh,Social renters (Z-Score),,True,True,False,,,,data,2
89101,,f5e0bb5cfa3542a69eb0fe7af71314b1,ClimateJust - LSOAs (WA) (2011 - 2022 V3) - 2022 Data,ArcGISFeatureLayer,71c9876f8b4546889de4f4a5899b50d6,https://nercdsh.dev.azure.manchester.ac.uk/server/rest/services/UPRN_PoC_Web_Layer_UK_v1/FeatureServer/238,,VectorDataset,/ClimateJust,0,z_privaterenters_hh,Private renters (Z-Score),,True,True,False,,,,data,2
89201,,f5e0bb5cfa3542a69eb0fe7af71314b1,ClimateJust - LSOAs (WA) (2011 - 2022 V3) - 2022 Data,ArcGISFeatureLayer,71c9876f8b4546889de4f4a5899b50d6,https://nercdsh.dev.azure.manchester.ac.uk/server/rest/services/UPRN_PoC_Web_Layer_UK_v1/FeatureServer/238,,VectorDataset,/ClimateJust,0,z_englishproficiency,Level of proficiency in English (Z-Score),,True,True,False,,,,data,2
89301,,f5e0bb5cfa3542a69eb0fe7af71314b1,ClimateJust - LSOAs (WA) (2011 - 2022 V3) - 2022 Data,ArcGISFeatureLayer,71c9876f8b4546889de4f4a5899b50d6,https://nercdsh.dev.azure.manchester.ac.uk/server/rest/services/UPRN_PoC_Web_Layer_UK_v1/FeatureServer/238,,VectorDataset,/ClimateJust,0,z_substandardbroadband,Sub-standard Broadband (Z-Score),,True,True,False,,,,data,2
89401,,f5e0bb5cfa3542a69eb0fe7af71314b1,ClimateJust - LSOAs (WA) (2011 - 2022 V3) - 2022 Data,ArcGISFeatureLayer,71c9876f8b4546889de4f4a5899b50d6,https://nercdsh.dev.azure.manchester.ac.uk/server/rest/services/UPRN_PoC_Web_Layer_UK_v1/FeatureServer/238,,VectorDataset,/ClimateJust,0,z_lacksuperfastbroadband,Lack of superfast broadband (Z-Score),,True,True,False,,,,data,2
89501,,f5e0bb5cfa3542a69eb0fe7af71314b1,ClimateJust - LSOAs (WA) (2011 - 2022 V3) - 2022 Data,ArcGISFeatureLayer,71c9876f8b4546889de4f4a5899b50d6,https://nercdsh.dev.azure.manchester.ac.uk/server/rest/services/UPRN_PoC_Web_Layer_UK_v1/FeatureServer/238,,VectorDataset,/ClimateJust,0,z_populationtransience,Population Transience (Z-Score),,True,True,False,,,,data,2
89601,,f5e0bb5cfa3542a69eb0fe7af71314b1,ClimateJust - LSOAs (WA) (2011 - 2022 V3) - 2022 Data,ArcGISFeatureLayer,71c9876f8b4546889de4f4a5899b50d6,https://nercdsh.dev.azure.manchester.ac.uk/server/rest/services/UPRN_PoC_Web_Layer_UK_v1/FeatureServer/238,,VectorDataset,/ClimateJust,0,z_directfloodexperience,Number of properties within historical flood boundary (Z-Score),,True,True,False,,,,data,2
89701,,f5e0bb5cfa3542a69eb0fe7af71314b1,ClimateJust - LSOAs (WA) (2011 - 2022 V3) - 2022 Data,ArcGISFeatureLayer,71c9876f8b4546889de4f4a5899b50d6,https://nercdsh.dev.azure.manchester.ac.uk/server/rest/services/UPRN_PoC_Web_Layer_UK_v1/FeatureServer/238,,VectorDataset,/ClimateJust,0,z_floodwarnings,Flood alert and warning areas (Z-Score),,True,True,False,,,,data,2
89801,,f5e0bb5cfa3542a69eb0fe7af71314b1,ClimateJust - LSOAs (WA) (2011 - 2022 V3) - 2022 Data,ArcGISFeatureLayer,71c9876f8b4546889de4f4a5899b50d6,https://nercdsh.dev.azure.manchester.ac.uk/server/rest/services/UPRN_PoC_Web_Layer_UK_v1/FeatureServer/238,,VectorDataset,/ClimateJust,0,incomevulnerability,Vulnerability due to income,,True,True,False,,,,data,2
89901,,f5e0bb5cfa3542a69eb0fe7af71314b1,ClimateJust - LSOAs (WA) (2011 - 2022 V3) - 2022 Data,ArcGISFeatureLayer,71c9876f8b4546889de4f4a5899b50d6,https://nercdsh.dev.azure.manchester.ac.uk/server/rest/services/UPRN_PoC_Web_Layer_UK_v1/FeatureServer/238,,VectorDataset,/ClimateJust,0,propertytenurevulnerability,Vulnerability due to property tenure,,True,True,False,,,,data,2
90001,,f5e0bb5cfa3542a69eb0fe7af71314b1,ClimateJust - LSOAs (WA) (2011 - 2022 V3) - 2022 Data,ArcGISFeatureLayer,71c9876f8b4546889de4f4a5899b50d6,https://nercdsh.dev.azure.manchester.ac.uk/server/rest/services/UPRN_PoC_Web_Layer_UK_v1/FeatureServer/238,,VectorDataset,/ClimateJust,0,languagevulnerability,Vulnerability due to issues of information use,,True,True,False,,,,data,2
90101,,f5e0bb5cfa3542a69eb0fe7af71314b1,ClimateJust - LSOAs (WA) (2011 - 2022 V3) - 2022 Data,ArcGISFeatureLayer,71c9876f8b4546889de4f4a5899b50d6,https://nercdsh.dev.azure.manchester.ac.uk/server/rest/services/UPRN_PoC_Web_Layer_UK_v1/FeatureServer/238,,VectorDataset,/ClimateJust,0,internetvulnerability,Vulnerability due to lack of internet access,,True,True,False,,,,data,2
90201,,f5e0bb5cfa3542a69eb0fe7af71314b1,ClimateJust - LSOAs (WA) (2011 - 2022 V3) - 2022 Data,ArcGISFeatureLayer,71c9876f8b4546889de4f4a5899b50d6,https://nercdsh.dev.azure.manchester.ac.uk/server/rest/services/UPRN_PoC_Web_Layer_UK_v1/FeatureServer/238,,VectorDataset,/ClimateJust,0,knowledgefloodvulnerability,Vulnerability due to lack of local knowledge,,True,True,False,,,,data,2
90301,,f5e0bb5cfa3542a69eb0fe7af71314b1,ClimateJust - LSOAs (WA) (2011 - 2022 V3) - 2022 Data,ArcGISFeatureLayer,71c9876f8b4546889de4f4a5899b50d6,https://nercdsh.dev.azure.manchester.ac.uk/server/rest/services/UPRN_PoC_Web_Layer_UK_v1/FeatureServer/238,,VectorDataset,/ClimateJust,0,singlepensionerhouseholds,Single pensioner households (%),,True,True,False,,,,data,2
90401,,f5e0bb5cfa3542a69eb0fe7af71314b1,ClimateJust - LSOAs (WA) (2011 - 2022 V3) - 2022 Data,ArcGISFeatureLayer,71c9876f8b4546889de4f4a5899b50d6,https://nercdsh.dev.azure.manchester.ac.uk/server/rest/services/UPRN_PoC_Web_Layer_UK_v1/FeatureServer/238,,VectorDataset,/ClimateJust,0,lackschoolrelatednetworks,Lack of school-related networks (% children not of primary school age),,True,True,False,,,,data,2
90501,,f5e0bb5cfa3542a69eb0fe7af71314b1,ClimateJust - LSOAs (WA) (2011 - 2022 V3) - 2022 Data,ArcGISFeatureLayer,71c9876f8b4546889de4f4a5899b50d6,https://nercdsh.dev.azure.manchester.ac.uk/server/rest/services/UPRN_PoC_Web_Layer_UK_v1/FeatureServer/238,,VectorDataset,/ClimateJust,0,lackprivatetransport,Lack of private transport (% households with no car or van),,True,True,False,,,,data,2
90601,,f5e0bb5cfa3542a69eb0fe7af71314b1,ClimateJust - LSOAs (WA) (2011 - 2022 V3) - 2022 Data,ArcGISFeatureLayer,71c9876f8b4546889de4f4a5899b50d6,https://nercdsh.dev.azure.manchester.ac.uk/server/rest/services/UPRN_PoC_Web_Layer_UK_v1/FeatureServer/238,,VectorDataset,/ClimateJust,0,crime,Index of Multiple Deprivation crime score,,True,True,False,,,,data,2
90701,,f5e0bb5cfa3542a69eb0fe7af71314b1,ClimateJust - LSOAs (WA) (2011 - 2022 V3) - 2022 Data,ArcGISFeatureLayer,71c9876f8b4546889de4f4a5899b50d6,https://nercdsh.dev.azure.manchester.ac.uk/server/rest/services/UPRN_PoC_Web_Layer_UK_v1/FeatureServer/238,,VectorDataset,/ClimateJust,0,zsinglepensionerhouseholds,Single pensioner households (Z-Score),,True,True,False,,,,data,2
90801,,f5e0bb5cfa3542a69eb0fe7af71314b1,ClimateJust - LSOAs (WA) (2011 - 2022 V3) - 2022 Data,ArcGISFeatureLayer,71c9876f8b4546889de4f4a5899b50d6,https://nercdsh.dev.azure.manchester.ac.uk/server/rest/services/UPRN_PoC_Web_Layer_UK_v1/FeatureServer/238,,VectorDataset,/ClimateJust,0,zlackschoolrelatednetworks,Lack of school-related networks (Z-Score),,True,True,False,,,,data,2
90901,,f5e0bb5cfa3542a69eb0fe7af71314b1,ClimateJust - LSOAs (WA) (2011 - 2022 V3) - 2022 Data,ArcGISFeatureLayer,71c9876f8b4546889de4f4a5899b50d6,https://nercdsh.dev.azure.manchester.ac.uk/server/rest/services/UPRN_PoC_Web_Layer_UK_v1/FeatureServer/238,,VectorDataset,/ClimateJust,0,zlackprivatetransport,Lack of private transport (Z-Score),,True,True,False,,,,data,2
91001,,f5e0bb5cfa3542a69eb0fe7af71314b1,ClimateJust - LSOAs (WA) (2011 - 2022 V3) - 2022 Data,ArcGISFeatureLayer,71c9876f8b4546889de4f4a5899b50d6,https://nercdsh.dev.azure.manchester.ac.uk/server/rest/services/UPRN_PoC_Web_Layer_UK_v1/FeatureServer/238,,VectorDataset,/ClimateJust,0,socialnetworksvulnerability,Vulnerability due to lack of social networks,,True,True,False,,,,data,2
91101,,f5e0bb5cfa3542a69eb0fe7af71314b1,ClimateJust - LSOAs (WA) (2011 - 2022 V3) - 2022 Data,ArcGISFeatureLayer,71c9876f8b4546889de4f4a5899b50d6,https://nercdsh.dev.azure.manchester.ac.uk/server/rest/services/UPRN_PoC_Web_Layer_UK_v1/FeatureServer/238,,VectorDataset,/ClimateJust,0,mobilityvulnerability,Vulnerability due to lack of physical mobility,,True,True,False,,,,data,2
91201,,f5e0bb5cfa3542a69eb0fe7af71314b1,ClimateJust - LSOAs (WA) (2011 - 2022 V3) - 2022 Data,ArcGISFeatureLayer,71c9876f8b4546889de4f4a5899b50d6,https://nercdsh.dev.azure.manchester.ac.uk/server/rest/services/UPRN_PoC_Web_Layer_UK_v1/FeatureServer/238,,VectorDataset,/ClimateJust,0,crimevulnerability,Vulnerability due to crime,,True,True,False,,,,data,2
91301,,f5e0bb5cfa3542a69eb0fe7af71314b1,ClimateJust - LSOAs (WA) (2011 - 2022 V3) - 2022 Data,ArcGISFeatureLayer,71c9876f8b4546889de4f4a5899b50d6,https://nercdsh.dev.azure.manchester.ac.uk/server/rest/services/UPRN_PoC_Web_Layer_UK_v1/FeatureServer/238,,VectorDataset,/ClimateJust,0,returntimepharmacypublic,Average return travel time to a Pharmacy by public transport (minutes),,True,True,False,,,,data,2
91401,,f5e0bb5cfa3542a69eb0fe7af71314b1,ClimateJust - LSOAs (WA) (2011 - 2022 V3) - 2022 Data,ArcGISFeatureLayer,71c9876f8b4546889de4f4a5899b50d6,https://nercdsh.dev.azure.manchester.ac.uk/server/rest/services/UPRN_PoC_Web_Layer_UK_v1/FeatureServer/238,,VectorDataset,/ClimateJust,0,returntimepharmacyprivate,Average return travel time to a Pharmacy by private transport (minutes),,True,True,False,,,,data,2
91501,,f5e0bb5cfa3542a69eb0fe7af71314b1,ClimateJust - LSOAs (WA) (2011 - 2022 V3) - 2022 Data,ArcGISFeatureLayer,71c9876f8b4546889de4f4a5899b50d6,https://nercdsh.dev.azure.manchester.ac.uk/server/rest/services/UPRN_PoC_Web_Layer_UK_v1/FeatureServer/238,,VectorDataset,/ClimateJust,0,housingtrap,Median price paid for residential properties (Â£),,True,True,False,,,,data,2
91601,,f5e0bb5cfa3542a69eb0fe7af71314b1,ClimateJust - LSOAs (WA) (2011 - 2022 V3) - 2022 Data,ArcGISFeatureLayer,71c9876f8b4546889de4f4a5899b50d6,https://nercdsh.dev.azure.manchester.ac.uk/server/rest/services/UPRN_PoC_Web_Layer_UK_v1/FeatureServer/238,,VectorDataset,/ClimateJust,0,zreturntimepharmacypublic,Average return travel time to a Pharmacy by public transport (Z-Score),,True,True,False,,,,data,2
91701,,f5e0bb5cfa3542a69eb0fe7af71314b1,ClimateJust - LSOAs (WA) (2011 - 2022 V3) - 2022 Data,ArcGISFeatureLayer,71c9876f8b4546889de4f4a5899b50d6,https://nercdsh.dev.azure.manchester.ac.uk/server/rest/services/UPRN_PoC_Web_Layer_UK_v1/FeatureServer/238,,VectorDataset,/ClimateJust,0,zreturntimepharmacyprivate,Average return travel time to a Pharmacy by private transport (Z-Score),,True,True,False,,,,data,2
91801,,f5e0bb5cfa3542a69eb0fe7af71314b1,ClimateJust - LSOAs (WA) (2011 - 2022 V3) - 2022 Data,ArcGISFeatureLayer,71c9876f8b4546889de4f4a5899b50d6,https://nercdsh.dev.azure.manchester.ac.uk/server/rest/services/UPRN_PoC_Web_Layer_UK_v1/FeatureServer/238,,VectorDataset,/ClimateJust,0,zhousingtrap,Median price paid for residential properties (Z-Score),,True,True,False,,,,data,2
91901,,f5e0bb5cfa3542a69eb0fe7af71314b1,ClimateJust - LSOAs (WA) (2011 - 2022 V3) - 2022 Data,ArcGISFeatureLayer,71c9876f8b4546889de4f4a5899b50d6,https://nercdsh.dev.azure.manchester.ac.uk/server/rest/services/UPRN_PoC_Web_Layer_UK_v1/FeatureServer/238,,VectorDataset,/ClimateJust,0,pharmacyaccessvulnerability,Vulnerability due to lack of pharmacy access,,True,True,False,,,,data,2
92001,,f5e0bb5cfa3542a69eb0fe7af71314b1,ClimateJust - LSOAs (WA) (2011 - 2022 V3) - 2022 Data,ArcGISFeatureLayer,71c9876f8b4546889de4f4a5899b50d6,https://nercdsh.dev.azure.manchester.ac.uk/server/rest/services/UPRN_PoC_Web_Layer_UK_v1/FeatureServer/238,,VectorDataset,/ClimateJust,0,housepricesvulnerability,Vulnerability due to house prices,,True,True,False,,,,data,2
92101,,f5e0bb5cfa3542a69eb0fe7af71314b1,ClimateJust - LSOAs (WA) (2011 - 2022 V3) - 2022 Data,ArcGISFeatureLayer,71c9876f8b4546889de4f4a5899b50d6,https://nercdsh.dev.azure.manchester.ac.uk/server/rest/services/UPRN_PoC_Web_Layer_UK_v1/FeatureServer/238,,VectorDataset,/ClimateJust,0,urbancover,Built up area (% not greenspace),,True,True,False,,,,data,2
92201,,f5e0bb5cfa3542a69eb0fe7af71314b1,ClimateJust - LSOAs (WA) (2011 - 2022 V3) - 2022 Data,ArcGISFeatureLayer,71c9876f8b4546889de4f4a5899b50d6,https://nercdsh.dev.azure.manchester.ac.uk/server/rest/services/UPRN_PoC_Web_Layer_UK_v1/FeatureServer/238,,VectorDataset,/ClimateJust,0,lackprivategreenspaceflood,Lack of domestic gardens (% dwellings without gardens),,True,True,False,,,,data,2
92301,,f5e0bb5cfa3542a69eb0fe7af71314b1,ClimateJust - LSOAs (WA) (2011 - 2022 V3) - 2022 Data,ArcGISFeatureLayer,71c9876f8b4546889de4f4a5899b50d6,https://nercdsh.dev.azure.manchester.ac.uk/server/rest/services/UPRN_PoC_Web_Layer_UK_v1/FeatureServer/238,,VectorDataset,/ClimateJust,0,averagecommunitygreenspace,"Median combined size of parks and public gardens and playing fields within 1,000 m radius (m2)",,True,True,False,,,,data,2
92401,,f5e0bb5cfa3542a69eb0fe7af71314b1,ClimateJust - LSOAs (WA) (2011 - 2022 V3) - 2022 Data,ArcGISFeatureLayer,71c9876f8b4546889de4f4a5899b50d6,https://nercdsh.dev.azure.manchester.ac.uk/server/rest/services/UPRN_PoC_Web_Layer_UK_v1/FeatureServer/238,,VectorDataset,/ClimateJust,0,caravanortemporarystructures,Caravan or other mobile or temporary structures (% of all households),,True,True,False,,,,data,2
92501,,f5e0bb5cfa3542a69eb0fe7af71314b1,ClimateJust - LSOAs (WA) (2011 - 2022 V3) - 2022 Data,ArcGISFeatureLayer,71c9876f8b4546889de4f4a5899b50d6,https://nercdsh.dev.azure.manchester.ac.uk/server/rest/services/UPRN_PoC_Web_Layer_UK_v1/FeatureServer/238,,VectorDataset,/ClimateJust,0,zurbancover,Built up area (Z-Score),,True,True,False,,,,data,2
92601,,f5e0bb5cfa3542a69eb0fe7af71314b1,ClimateJust - LSOAs (WA) (2011 - 2022 V3) - 2022 Data,ArcGISFeatureLayer,71c9876f8b4546889de4f4a5899b50d6,https://nercdsh.dev.azure.manchester.ac.uk/server/rest/services/UPRN_PoC_Web_Layer_UK_v1/FeatureServer/238,,VectorDataset,/ClimateJust,0,zlackprivategreenspaceflood,Lack of domestic gardens (Z-Score),,True,True,False,,,,data,2
92701,,f5e0bb5cfa3542a69eb0fe7af71314b1,ClimateJust - LSOAs (WA) (2011 - 2022 V3) - 2022 Data,ArcGISFeatureLayer,71c9876f8b4546889de4f4a5899b50d6,https://nercdsh.dev.azure.manchester.ac.uk/server/rest/services/UPRN_PoC_Web_Layer_UK_v1/FeatureServer/238,,VectorDataset,/ClimateJust,0,zaveragecommunitygreenspace,"Median combined size of parks and public gardens and playing fields within 1,000 m radius (Z-Score)",,True,True,False,,,,data,2
92801,,f5e0bb5cfa3542a69eb0fe7af71314b1,ClimateJust - LSOAs (WA) (2011 - 2022 V3) - 2022 Data,ArcGISFeatureLayer,71c9876f8b4546889de4f4a5899b50d6,https://nercdsh.dev.azure.manchester.ac.uk/server/rest/services/UPRN_PoC_Web_Layer_UK_v1/FeatureServer/238,,VectorDataset,/ClimateJust,0,zcaravanortemporarystructures,Caravan or other mobile or temporary structures (Z-Score),,True,True,False,,,,data,2
92901,,f5e0bb5cfa3542a69eb0fe7af71314b1,ClimateJust - LSOAs (WA) (2011 - 2022 V3) - 2022 Data,ArcGISFeatureLayer,71c9876f8b4546889de4f4a5899b50d6,https://nercdsh.dev.azure.manchester.ac.uk/server/rest/services/UPRN_PoC_Web_Layer_UK_v1/FeatureServer/238,,VectorDataset,/ClimateJust,0,physenvironmentvulnerability,Vulnerability due to physical environment,,True,True,False,,,,data,2
93001,,f5e0bb5cfa3542a69eb0fe7af71314b1,ClimateJust - LSOAs (WA) (2011 - 2022 V3) - 2022 Data,ArcGISFeatureLayer,71c9876f8b4546889de4f4a5899b50d6,https://nercdsh.dev.azure.manchester.ac.uk/server/rest/services/UPRN_PoC_Web_Layer_UK_v1/FeatureServer/238,,VectorDataset,/ClimateJust,0,housingfloodvulnerability,Vulnerability due to housing characteristics,,True,True,False,,,,data,2
93101,,f5e0bb5cfa3542a69eb0fe7af71314b1,ClimateJust - LSOAs (WA) (2011 - 2022 V3) - 2022 Data,ArcGISFeatureLayer,71c9876f8b4546889de4f4a5899b50d6,https://nercdsh.dev.azure.manchester.ac.uk/server/rest/services/UPRN_PoC_Web_Layer_UK_v1/FeatureServer/238,,VectorDataset,/ClimateJust,0,tmaxp95recentpast,Recent past 30 year mean 1990 - 2019 (â„ƒ),,True,True,False,,,,data,2
93201,,f5e0bb5cfa3542a69eb0fe7af71314b1,ClimateJust - LSOAs (WA) (2011 - 2022 V3) - 2022 Data,ArcGISFeatureLayer,71c9876f8b4546889de4f4a5899b50d6,https://nercdsh.dev.azure.manchester.ac.uk/server/rest/services/UPRN_PoC_Web_Layer_UK_v1/FeatureServer/238,,VectorDataset,/ClimateJust,0,tmaxp95future15,1.5â„ƒ warmer world (â„ƒ),,True,True,False,,,,data,2
93301,,f5e0bb5cfa3542a69eb0fe7af71314b1,ClimateJust - LSOAs (WA) (2011 - 2022 V3) - 2022 Data,ArcGISFeatureLayer,71c9876f8b4546889de4f4a5899b50d6,https://nercdsh.dev.azure.manchester.ac.uk/server/rest/services/UPRN_PoC_Web_Layer_UK_v1/FeatureServer/238,,VectorDataset,/ClimateJust,0,tmaxp95future20,2â„ƒ warmer world (â„ƒ),,True,True,False,,,,data,2
93401,,f5e0bb5cfa3542a69eb0fe7af71314b1,ClimateJust - LSOAs (WA) (2011 - 2022 V3) - 2022 Data,ArcGISFeatureLayer,71c9876f8b4546889de4f4a5899b50d6,https://nercdsh.dev.azure.manchester.ac.uk/server/rest/services/UPRN_PoC_Web_Layer_UK_v1/FeatureServer/238,,VectorDataset,/ClimateJust,0,tmaxp95future30,3â„ƒ warmer world (â„ƒ),,True,True,False,,,,data,2
93501,,f5e0bb5cfa3542a69eb0fe7af71314b1,ClimateJust - LSOAs (WA) (2011 - 2022 V3) - 2022 Data,ArcGISFeatureLayer,71c9876f8b4546889de4f4a5899b50d6,https://nercdsh.dev.azure.manchester.ac.uk/server/rest/services/UPRN_PoC_Web_Layer_UK_v1/FeatureServer/238,,VectorDataset,/ClimateJust,0,ztmaxp95recentpast,"Average temperature of top 5% hottest days, recent past 30 year mean 1990 - 2019 (Score)",,True,True,False,,,,data,2
93601,,f5e0bb5cfa3542a69eb0fe7af71314b1,ClimateJust - LSOAs (WA) (2011 - 2022 V3) - 2022 Data,ArcGISFeatureLayer,71c9876f8b4546889de4f4a5899b50d6,https://nercdsh.dev.azure.manchester.ac.uk/server/rest/services/UPRN_PoC_Web_Layer_UK_v1/FeatureServer/238,,VectorDataset,/ClimateJust,0,ztmaxp95future15,"Average temperature of top 5% hottest days, 1.5â„ƒ warmer world (Score)",,True,True,False,,,,data,2
93701,,f5e0bb5cfa3542a69eb0fe7af71314b1,ClimateJust - LSOAs (WA) (2011 - 2022 V3) - 2022 Data,ArcGISFeatureLayer,71c9876f8b4546889de4f4a5899b50d6,https://nercdsh.dev.azure.manchester.ac.uk/server/rest/services/UPRN_PoC_Web_Layer_UK_v1/FeatureServer/238,,VectorDataset,/ClimateJust,0,ztmaxp95future20,"Average temperature of top 5% hottest days, 2â„ƒ warmer world (Score)",,True,True,False,,,,data,2
93801,,f5e0bb5cfa3542a69eb0fe7af71314b1,ClimateJust - LSOAs (WA) (2011 - 2022 V3) - 2022 Data,ArcGISFeatureLayer,71c9876f8b4546889de4f4a5899b50d6,https://nercdsh.dev.azure.manchester.ac.uk/server/rest/services/UPRN_PoC_Web_Layer_UK_v1/FeatureServer/238,,VectorDataset,/ClimateJust,0,ztmaxp95future30,"Average temperature of top 5% hottest days, 3â„ƒ warmer world (score)",,True,True,False,,,,data,2
93901,,f5e0bb5cfa3542a69eb0fe7af71314b1,ClimateJust - LSOAs (WA) (2011 - 2022 V3) - 2022 Data,ArcGISFeatureLayer,71c9876f8b4546889de4f4a5899b50d6,https://nercdsh.dev.azure.manchester.ac.uk/server/rest/services/UPRN_PoC_Web_Layer_UK_v1/FeatureServer/238,,VectorDataset,/ClimateJust,0,zheatdisadvantagerecentpast,"Heat Disadvantage, recent past 30 year mean 1990 - 2019",,True,True,False,,,,data,2
94001,,f5e0bb5cfa3542a69eb0fe7af71314b1,ClimateJust - LSOAs (WA) (2011 - 2022 V3) - 2022 Data,ArcGISFeatureLayer,71c9876f8b4546889de4f4a5899b50d6,https://nercdsh.dev.azure.manchester.ac.uk/server/rest/services/UPRN_PoC_Web_Layer_UK_v1/FeatureServer/238,,VectorDataset,/ClimateJust,0,zheatdisadvantagefuture15,"Heat Disadvantage, 1.5â„ƒ warmer world",,True,True,False,,,,data,2
94101,,f5e0bb5cfa3542a69eb0fe7af71314b1,ClimateJust - LSOAs (WA) (2011 - 2022 V3) - 2022 Data,ArcGISFeatureLayer,71c9876f8b4546889de4f4a5899b50d6,https://nercdsh.dev.azure.manchester.ac.uk/server/rest/services/UPRN_PoC_Web_Layer_UK_v1/FeatureServer/238,,VectorDataset,/ClimateJust,0,zheatdisadvantagefuture20,"Heat Disadvantage, 2â„ƒ warmer world",,True,True,False,,,,data,2
94201,,f5e0bb5cfa3542a69eb0fe7af71314b1,ClimateJust - LSOAs (WA) (2011 - 2022 V3) - 2022 Data,ArcGISFeatureLayer,71c9876f8b4546889de4f4a5899b50d6,https://nercdsh.dev.azure.manchester.ac.uk/server/rest/services/UPRN_PoC_Web_Layer_UK_v1/FeatureServer/238,,VectorDataset,/ClimateJust,0,zheatdisadvantagefuture30,"Heat Disadvantage, 3â„ƒ warmer world",,True,True,False,,,,data,2
94301,,f5e0bb5cfa3542a69eb0fe7af71314b1,ClimateJust - LSOAs (WA) (2011 - 2022 V3) - 2022 Data,ArcGISFeatureLayer,71c9876f8b4546889de4f4a5899b50d6,https://nercdsh.dev.azure.manchester.ac.uk/server/rest/services/UPRN_PoC_Web_Layer_UK_v1/FeatureServer/238,,VectorDataset,/ClimateJust,0,zartmaxp95recentpast,Recent past 30 year mean 1990 - 2019 (All-relative Z-Score),,True,True,False,,,,data,2
94401,,f5e0bb5cfa3542a69eb0fe7af71314b1,ClimateJust - LSOAs (WA) (2011 - 2022 V3) - 2022 Data,ArcGISFeatureLayer,71c9876f8b4546889de4f4a5899b50d6,https://nercdsh.dev.azure.manchester.ac.uk/server/rest/services/UPRN_PoC_Web_Layer_UK_v1/FeatureServer/238,,VectorDataset,/ClimateJust,0,zartmaxp95future15,1.5â„ƒ warmer world (All-relative Z-Score),,True,True,False,,,,data,2
94501,,f5e0bb5cfa3542a69eb0fe7af71314b1,ClimateJust - LSOAs (WA) (2011 - 2022 V3) - 2022 Data,ArcGISFeatureLayer,71c9876f8b4546889de4f4a5899b50d6,https://nercdsh.dev.azure.manchester.ac.uk/server/rest/services/UPRN_PoC_Web_Layer_UK_v1/FeatureServer/238,,VectorDataset,/ClimateJust,0,zartmaxp95future20,2â„ƒ warmer world (All-relative Z-Score),,True,True,False,,,,data,2
94601,,f5e0bb5cfa3542a69eb0fe7af71314b1,ClimateJust - LSOAs (WA) (2011 - 2022 V3) - 2022 Data,ArcGISFeatureLayer,71c9876f8b4546889de4f4a5899b50d6,https://nercdsh.dev.azure.manchester.ac.uk/server/rest/services/UPRN_PoC_Web_Layer_UK_v1/FeatureServer/238,,VectorDataset,/ClimateJust,0,zartmaxp95future30,3â„ƒ warmer world (All-relative Z-Score),,True,True,False,,,,data,2
94701,,f5e0bb5cfa3542a69eb0fe7af71314b1,ClimateJust - LSOAs (WA) (2011 - 2022 V3) - 2022 Data,ArcGISFeatureLayer,71c9876f8b4546889de4f4a5899b50d6,https://nercdsh.dev.azure.manchester.ac.uk/server/rest/services/UPRN_PoC_Web_Layer_UK_v1/FeatureServer/238,,VectorDataset,/ClimateJust,0,zarheatdisadvantagerecentpast,"Relative heat Disadvantage, recent past 30 year mean 1990 - 2019",,True,True,False,,,,data,2
94801,,f5e0bb5cfa3542a69eb0fe7af71314b1,ClimateJust - LSOAs (WA) (2011 - 2022 V3) - 2022 Data,ArcGISFeatureLayer,71c9876f8b4546889de4f4a5899b50d6,https://nercdsh.dev.azure.manchester.ac.uk/server/rest/services/UPRN_PoC_Web_Layer_UK_v1/FeatureServer/238,,VectorDataset,/ClimateJust,0,zarheatdisadvantagefuture15,"Relative heat Disadvantage, 1.5â„ƒ warmer world",,True,True,False,,,,data,2
94901,,f5e0bb5cfa3542a69eb0fe7af71314b1,ClimateJust - LSOAs (WA) (2011 - 2022 V3) - 2022 Data,ArcGISFeatureLayer,71c9876f8b4546889de4f4a5899b50d6,https://nercdsh.dev.azure.manchester.ac.uk/server/rest/services/UPRN_PoC_Web_Layer_UK_v1/FeatureServer/238,,VectorDataset,/ClimateJust,0,zarheatdisadvantagefuture20,"Relative heat Disadvantage, 2â„ƒ warmer world",,True,True,False,,,,data,2
95001,,f5e0bb5cfa3542a69eb0fe7af71314b1,ClimateJust - LSOAs (WA) (2011 - 2022 V3) - 2022 Data,ArcGISFeatureLayer,71c9876f8b4546889de4f4a5899b50d6,https://nercdsh.dev.azure.manchester.ac.uk/server/rest/services/UPRN_PoC_Web_Layer_UK_v1/FeatureServer/238,,VectorDataset,/ClimateJust,0,zarheatdisadvantagefuture30,"Relative heat Disadvantage, 3â„ƒ warmer world",,True,True,False,,,,data,2
95101,,f5e0bb5cfa3542a69eb0fe7af71314b1,ClimateJust - LSOAs (WA) (2011 - 2022 V3) - 2022 Data,ArcGISFeatureLayer,71c9876f8b4546889de4f4a5899b50d6,https://nercdsh.dev.azure.manchester.ac.uk/server/rest/services/UPRN_PoC_Web_Layer_UK_v1/FeatureServer/238,,VectorDataset,/ClimateJust,0,sensitivitysshvi,Sensitivity Index,,True,True,False,,,,data,2
95201,,f5e0bb5cfa3542a69eb0fe7af71314b1,ClimateJust - LSOAs (WA) (2011 - 2022 V3) - 2022 Data,ArcGISFeatureLayer,71c9876f8b4546889de4f4a5899b50d6,https://nercdsh.dev.azure.manchester.ac.uk/server/rest/services/UPRN_PoC_Web_Layer_UK_v1/FeatureServer/238,,VectorDataset,/ClimateJust,0,inabilitytopreparesshvi,Inability to Prepare Index,,True,True,False,,,,data,2
95301,,f5e0bb5cfa3542a69eb0fe7af71314b1,ClimateJust - LSOAs (WA) (2011 - 2022 V3) - 2022 Data,ArcGISFeatureLayer,71c9876f8b4546889de4f4a5899b50d6,https://nercdsh.dev.azure.manchester.ac.uk/server/rest/services/UPRN_PoC_Web_Layer_UK_v1/FeatureServer/238,,VectorDataset,/ClimateJust,0,inabilitytorespondsshvi,Inability to Respond Index,,True,True,False,,,,data,2
95401,,f5e0bb5cfa3542a69eb0fe7af71314b1,ClimateJust - LSOAs (WA) (2011 - 2022 V3) - 2022 Data,ArcGISFeatureLayer,71c9876f8b4546889de4f4a5899b50d6,https://nercdsh.dev.azure.manchester.ac.uk/server/rest/services/UPRN_PoC_Web_Layer_UK_v1/FeatureServer/238,,VectorDataset,/ClimateJust,0,inabilitytorecoversshvi,Inability to Recover Index,,True,True,False,,,,data,2
95501,,f5e0bb5cfa3542a69eb0fe7af71314b1,ClimateJust - LSOAs (WA) (2011 - 2022 V3) - 2022 Data,ArcGISFeatureLayer,71c9876f8b4546889de4f4a5899b50d6,https://nercdsh.dev.azure.manchester.ac.uk/server/rest/services/UPRN_PoC_Web_Layer_UK_v1/FeatureServer/238,,VectorDataset,/ClimateJust,0,enhancedexposuresshvi,Enhanced Exposure Index,,True,True,False,,,,data,2
95601,,f5e0bb5cfa3542a69eb0fe7af71314b1,ClimateJust - LSOAs (WA) (2011 - 2022 V3) - 2022 Data,ArcGISFeatureLayer,71c9876f8b4546889de4f4a5899b50d6,https://nercdsh.dev.azure.manchester.ac.uk/server/rest/services/UPRN_PoC_Web_Layer_UK_v1/FeatureServer/238,,VectorDataset,/ClimateJust,0,sshvi,Socio Spatial Heat Vulnerability Index,,True,True,False,,,,data,2
95701,,f5e0bb5cfa3542a69eb0fe7af71314b1,ClimateJust - LSOAs (WA) (2011 - 2022 V3) - 2022 Data,ArcGISFeatureLayer,71c9876f8b4546889de4f4a5899b50d6,https://nercdsh.dev.azure.manchester.ac.uk/server/rest/services/UPRN_PoC_Web_Layer_UK_v1/FeatureServer/238,,VectorDataset,/ClimateJust,0,knowledgeheatvulnerability,Vulnerability due to lack of local knowledge,,True,True,False,,,,data,2
95801,,f5e0bb5cfa3542a69eb0fe7af71314b1,ClimateJust - LSOAs (WA) (2011 - 2022 V3) - 2022 Data,ArcGISFeatureLayer,71c9876f8b4546889de4f4a5899b50d6,https://nercdsh.dev.azure.manchester.ac.uk/server/rest/services/UPRN_PoC_Web_Layer_UK_v1/FeatureServer/238,,VectorDataset,/ClimateJust,0,lackprivategreenspaceheat,Lack of domestic gardens (% dwellings without gardens),,True,True,False,,,,data,2
95901,,f5e0bb5cfa3542a69eb0fe7af71314b1,ClimateJust - LSOAs (WA) (2011 - 2022 V3) - 2022 Data,ArcGISFeatureLayer,71c9876f8b4546889de4f4a5899b50d6,https://nercdsh.dev.azure.manchester.ac.uk/server/rest/services/UPRN_PoC_Web_Layer_UK_v1/FeatureServer/238,,VectorDataset,/ClimateJust,0,lacklocalgreenspace,Lack of local greenspace access (%),,True,True,False,,,,data,2
96001,,f5e0bb5cfa3542a69eb0fe7af71314b1,ClimateJust - LSOAs (WA) (2011 - 2022 V3) - 2022 Data,ArcGISFeatureLayer,71c9876f8b4546889de4f4a5899b50d6,https://nercdsh.dev.azure.manchester.ac.uk/server/rest/services/UPRN_PoC_Web_Layer_UK_v1/FeatureServer/238,,VectorDataset,/ClimateJust,0,zlackprivategreenspaceheat,Lack of domestic gardens (% dwellings without gardens) (Z-Score),,True,True,False,,,,data,2
96101,,f5e0bb5cfa3542a69eb0fe7af71314b1,ClimateJust - LSOAs (WA) (2011 - 2022 V3) - 2022 Data,ArcGISFeatureLayer,71c9876f8b4546889de4f4a5899b50d6,https://nercdsh.dev.azure.manchester.ac.uk/server/rest/services/UPRN_PoC_Web_Layer_UK_v1/FeatureServer/238,,VectorDataset,/ClimateJust,0,zlacklocalgreenspace,Lack of local greenspace access (Z-Score),,True,True,False,,,,data,2
96201,,f5e0bb5cfa3542a69eb0fe7af71314b1,ClimateJust - LSOAs (WA) (2011 - 2022 V3) - 2022 Data,ArcGISFeatureLayer,71c9876f8b4546889de4f4a5899b50d6,https://nercdsh.dev.azure.manchester.ac.uk/server/rest/services/UPRN_PoC_Web_Layer_UK_v1/FeatureServer/238,,VectorDataset,/ClimateJust,0,infrastructuralvulnerability,Vulnerability due to infrastructural condition,,True,True,False,,,,data,2
96301,,f5e0bb5cfa3542a69eb0fe7af71314b1,ClimateJust - LSOAs (WA) (2011 - 2022 V3) - 2022 Data,ArcGISFeatureLayer,71c9876f8b4546889de4f4a5899b50d6,https://nercdsh.dev.azure.manchester.ac.uk/server/rest/services/UPRN_PoC_Web_Layer_UK_v1/FeatureServer/238,,VectorDataset,/ClimateJust,0,returntimegppublic,Average return travel time to a GP by public transport (minutes),,True,True,False,,,,data,2
96401,,f5e0bb5cfa3542a69eb0fe7af71314b1,ClimateJust - LSOAs (WA) (2011 - 2022 V3) - 2022 Data,ArcGISFeatureLayer,71c9876f8b4546889de4f4a5899b50d6,https://nercdsh.dev.azure.manchester.ac.uk/server/rest/services/UPRN_PoC_Web_Layer_UK_v1/FeatureServer/238,,VectorDataset,/ClimateJust,0,returntimegpprivate,Average return travel time to a GP by private transport (minutes),,True,True,False,,,,data,2
96501,,f5e0bb5cfa3542a69eb0fe7af71314b1,ClimateJust - LSOAs (WA) (2011 - 2022 V3) - 2022 Data,ArcGISFeatureLayer,71c9876f8b4546889de4f4a5899b50d6,https://nercdsh.dev.azure.manchester.ac.uk/server/rest/services/UPRN_PoC_Web_Layer_UK_v1/FeatureServer/238,,VectorDataset,/ClimateJust,0,accessibilityhospital,Mean distance to nearest A&E Hospital (km),,True,True,False,,,,data,2
96601,,f5e0bb5cfa3542a69eb0fe7af71314b1,ClimateJust - LSOAs (WA) (2011 - 2022 V3) - 2022 Data,ArcGISFeatureLayer,71c9876f8b4546889de4f4a5899b50d6,https://nercdsh.dev.azure.manchester.ac.uk/server/rest/services/UPRN_PoC_Web_Layer_UK_v1/FeatureServer/238,,VectorDataset,/ClimateJust,0,zreturntimegppublic,Average return travel time to a GP by public transport (Z-Score),,True,True,False,,,,data,2
96701,,f5e0bb5cfa3542a69eb0fe7af71314b1,ClimateJust - LSOAs (WA) (2011 - 2022 V3) - 2022 Data,ArcGISFeatureLayer,71c9876f8b4546889de4f4a5899b50d6,https://nercdsh.dev.azure.manchester.ac.uk/server/rest/services/UPRN_PoC_Web_Layer_UK_v1/FeatureServer/238,,VectorDataset,/ClimateJust,0,zreturntimegpprivate,Average return travel time to a GP by private transport (Z-Score),,True,True,False,,,,data,2
96801,,f5e0bb5cfa3542a69eb0fe7af71314b1,ClimateJust - LSOAs (WA) (2011 - 2022 V3) - 2022 Data,ArcGISFeatureLayer,71c9876f8b4546889de4f4a5899b50d6,https://nercdsh.dev.azure.manchester.ac.uk/server/rest/services/UPRN_PoC_Web_Layer_UK_v1/FeatureServer/238,,VectorDataset,/ClimateJust,0,zaccessibilityhospital,Mean distance to nearest A&E Hospital (Z-Score),,True,True,False,,,,data,2
96901,,f5e0bb5cfa3542a69eb0fe7af71314b1,ClimateJust - LSOAs (WA) (2011 - 2022 V3) - 2022 Data,ArcGISFeatureLayer,71c9876f8b4546889de4f4a5899b50d6,https://nercdsh.dev.azure.manchester.ac.uk/server/rest/services/UPRN_PoC_Web_Layer_UK_v1/FeatureServer/238,,VectorDataset,/ClimateJust,0,gpaccessvulnerability,Vulnerability due to lack of access to general practitioner (GP),,True,True,False,,,,data,2
97001,,f5e0bb5cfa3542a69eb0fe7af71314b1,ClimateJust - LSOAs (WA) (2011 - 2022 V3) - 2022 Data,ArcGISFeatureLayer,71c9876f8b4546889de4f4a5899b50d6,https://nercdsh.dev.azure.manchester.ac.uk/server/rest/services/UPRN_PoC_Web_Layer_UK_v1/FeatureServer/238,,VectorDataset,/ClimateJust,0,hospitalaccessvulnerability,Vulnerability due to lack of access to local hospital,,True,True,False,,,,data,2
97101,,f5e0bb5cfa3542a69eb0fe7af71314b1,ClimateJust - LSOAs (WA) (2011 - 2022 V3) - 2022 Data,ArcGISFeatureLayer,71c9876f8b4546889de4f4a5899b50d6,https://nercdsh.dev.azure.manchester.ac.uk/server/rest/services/UPRN_PoC_Web_Layer_UK_v1/FeatureServer/238,,VectorDataset,/ClimateJust,0,overcrowding,Household overcrowding indicator,,True,True,False,,,,data,2
97201,,f5e0bb5cfa3542a69eb0fe7af71314b1,ClimateJust - LSOAs (WA) (2011 - 2022 V3) - 2022 Data,ArcGISFeatureLayer,71c9876f8b4546889de4f4a5899b50d6,https://nercdsh.dev.azure.manchester.ac.uk/server/rest/services/UPRN_PoC_Web_Layer_UK_v1/FeatureServer/238,,VectorDataset,/ClimateJust,0,highrisehomes,High rise homes (% households with lowest floor 5th floor or above),,True,True,False,,,,data,2
97301,,f5e0bb5cfa3542a69eb0fe7af71314b1,ClimateJust - LSOAs (WA) (2011 - 2022 V3) - 2022 Data,ArcGISFeatureLayer,71c9876f8b4546889de4f4a5899b50d6,https://nercdsh.dev.azure.manchester.ac.uk/server/rest/services/UPRN_PoC_Web_Layer_UK_v1/FeatureServer/238,,VectorDataset,/ClimateJust,0,zovercrowding,People in overcrowded households (%) (Z-Score),,True,True,False,,,,data,2
97401,,f5e0bb5cfa3542a69eb0fe7af71314b1,ClimateJust - LSOAs (WA) (2011 - 2022 V3) - 2022 Data,ArcGISFeatureLayer,71c9876f8b4546889de4f4a5899b50d6,https://nercdsh.dev.azure.manchester.ac.uk/server/rest/services/UPRN_PoC_Web_Layer_UK_v1/FeatureServer/238,,VectorDataset,/ClimateJust,0,zhighrisehomes,Number of flats without gardens (Proxy for high-rise flats) (Z-Score),,True,True,False,,,,data,2
97501,,f5e0bb5cfa3542a69eb0fe7af71314b1,ClimateJust - LSOAs (WA) (2011 - 2022 V3) - 2022 Data,ArcGISFeatureLayer,71c9876f8b4546889de4f4a5899b50d6,https://nercdsh.dev.azure.manchester.ac.uk/server/rest/services/UPRN_PoC_Web_Layer_UK_v1/FeatureServer/238,,VectorDataset,/ClimateJust,0,housingheatvulnerability,Vulnerability due to housing characteristics,,True,True,False,,,,data,2
97601,,f5e0bb5cfa3542a69eb0fe7af71314b1,ClimateJust - LSOAs (WA) (2011 - 2022 V3) - 2022 Data,ArcGISFeatureLayer,71c9876f8b4546889de4f4a5899b50d6,https://nercdsh.dev.azure.manchester.ac.uk/server/rest/services/UPRN_PoC_Web_Layer_UK_v1/FeatureServer/238,,VectorDataset,/ClimateJust,0,perimeterepsg27700,Perimeter (EPSG 27700),,False,True,False,,,,data,2
97701,,f5e0bb5cfa3542a69eb0fe7af71314b1,ClimateJust - LSOAs (WA) (2011 - 2022 V3) - 2022 Data,ArcGISFeatureLayer,71c9876f8b4546889de4f4a5899b50d6,https://nercdsh.dev.azure.manchester.ac.uk/server/rest/services/UPRN_PoC_Web_Layer_UK_v1/FeatureServer/238,,VectorDataset,/ClimateJust,0,areaepsg27700,Area (EPSG 27700),,False,True,False,,,,data,2
97801,,f5e0bb5cfa3542a69eb0fe7af71314b1,ClimateJust - LSOAs (WA) (2011 - 2022 V3) - 2022 Data,ArcGISFeatureLayer,71c9876f8b4546889de4f4a5899b50d6,https://nercdsh.dev.azure.manchester.ac.uk/server/rest/services/UPRN_PoC_Web_Layer_UK_v1/FeatureServer/238,,VectorDataset,/ClimateJust,0,SHAPE__Area,SHAPE__Area,,False,True,False,,,,data,2
97901,,f5e0bb5cfa3542a69eb0fe7af71314b1,ClimateJust - LSOAs (WA) (2011 - 2022 V3) - 2022 Data,ArcGISFeatureLayer,71c9876f8b4546889de4f4a5899b50d6,https://nercdsh.dev.azure.manchester.ac.uk/server/rest/services/UPRN_PoC_Web_Layer_UK_v1/FeatureServer/238,,VectorDataset,/ClimateJust,0,st_perimeter(shape),st_perimeter(shape),,False,True,False,,,,data,2
98001,,bd03a5d33aab49079a85fc983dbe8ec3,Night Time Average Noise Level Of Major Traffic Routes and Populated Road Sources (11PM to 7AM) - Round 3,ArcGISFeatureLayer,71c9876f8b4546889de4f4a5899b50d6,https://nercdsh.dev.azure.manchester.ac.uk/server/rest/services/UPRN_PoC_Web_Layer_UK_v1/FeatureServer/26,,VectorDataset,/Noise Levels,0,objectid,OBJECTID,,False,True,False,,,,data,2
98101,,bd03a5d33aab49079a85fc983dbe8ec3,Night Time Average Noise Level Of Major Traffic Routes and Populated Road Sources (11PM to 7AM) - Round 3,ArcGISFeatureLayer,71c9876f8b4546889de4f4a5899b50d6,https://nercdsh.dev.azure.manchester.ac.uk/server/rest/services/UPRN_PoC_Web_Layer_UK_v1/FeatureServer/26,,VectorDataset,/Noise Levels,0,road_nlnight_id,Road_NLnight_ID,,False,True,True,,,,data,2
98201,,bd03a5d33aab49079a85fc983dbe8ec3,Night Time Average Noise Level Of Major Traffic Routes and Populated Road Sources (11PM to 7AM) - Round 3,ArcGISFeatureLayer,71c9876f8b4546889de4f4a5899b50d6,https://nercdsh.dev.azure.manchester.ac.uk/server/rest/services/UPRN_PoC_Web_Layer_UK_v1/FeatureServer/26,,VectorDataset,/Noise Levels,0,noiseclass,noiseclass,,False,True,True,,,,data,2
98301,,bd03a5d33aab49079a85fc983dbe8ec3,Night Time Average Noise Level Of Major Traffic Routes and Populated Road Sources (11PM to 7AM) - Round 3,ArcGISFeatureLayer,71c9876f8b4546889de4f4a5899b50d6,https://nercdsh.dev.azure.manchester.ac.uk/server/rest/services/UPRN_PoC_Web_Layer_UK_v1/FeatureServer/26,,VectorDataset,/Noise Levels,0,SHAPE__Area,SHAPE__Area,,False,True,False,,,,data,2
98401,,bd03a5d33aab49079a85fc983dbe8ec3,Night Time Average Noise Level Of Major Traffic Routes and Populated Road Sources (11PM to 7AM) - Round 3,ArcGISFeatureLayer,71c9876f8b4546889de4f4a5899b50d6,https://nercdsh.dev.azure.manchester.ac.uk/server/rest/services/UPRN_PoC_Web_Layer_UK_v1/FeatureServer/26,,VectorDataset,/Noise Levels,0,st_perimeter(shape),st_perimeter(shape),,False,True,False,,,,data,2
98501,,167c9d0d43f846a28b223ca816b7bd0d,Average 24 Hour Noise Level Of Major Traffic Routes and Populated Road Sources - Round 3,ArcGISFeatureLayer,71c9876f8b4546889de4f4a5899b50d6,https://nercdsh.dev.azure.manchester.ac.uk/server/rest/services/UPRN_PoC_Web_Layer_UK_v1/FeatureServer/27,,VectorDataset,/Noise Levels,0,objectid,OBJECTID,,False,True,False,,,,data,2
98601,,167c9d0d43f846a28b223ca816b7bd0d,Average 24 Hour Noise Level Of Major Traffic Routes and Populated Road Sources - Round 3,ArcGISFeatureLayer,71c9876f8b4546889de4f4a5899b50d6,https://nercdsh.dev.azure.manchester.ac.uk/server/rest/services/UPRN_PoC_Web_Layer_UK_v1/FeatureServer/27,,VectorDataset,/Noise Levels,0,road_nlden_id,Road_NLden_ID,,False,True,True,,,,data,2
98701,,167c9d0d43f846a28b223ca816b7bd0d,Average 24 Hour Noise Level Of Major Traffic Routes and Populated Road Sources - Round 3,ArcGISFeatureLayer,71c9876f8b4546889de4f4a5899b50d6,https://nercdsh.dev.azure.manchester.ac.uk/server/rest/services/UPRN_PoC_Web_Layer_UK_v1/FeatureServer/27,,VectorDataset,/Noise Levels,0,noiseclass,noiseclass,,False,True,True,,,,data,2
98801,,167c9d0d43f846a28b223ca816b7bd0d,Average 24 Hour Noise Level Of Major Traffic Routes and Populated Road Sources - Round 3,ArcGISFeatureLayer,71c9876f8b4546889de4f4a5899b50d6,https://nercdsh.dev.azure.manchester.ac.uk/server/rest/services/UPRN_PoC_Web_Layer_UK_v1/FeatureServer/27,,VectorDataset,/Noise Levels,0,SHAPE__Area,SHAPE__Area,,False,True,False,,,,data,2
98901,,167c9d0d43f846a28b223ca816b7bd0d,Average 24 Hour Noise Level Of Major Traffic Routes and Populated Road Sources - Round 3,ArcGISFeatureLayer,71c9876f8b4546889de4f4a5899b50d6,https://nercdsh.dev.azure.manchester.ac.uk/server/rest/services/UPRN_PoC_Web_Layer_UK_v1/FeatureServer/27,,VectorDataset,/Noise Levels,0,st_perimeter(shape),st_perimeter(shape),,False,True,False,,,,data,2
99001,,8d37dd3bd58246b7bbae368f34cf6bd5,Day Time Average Noise Level Of Major Traffic Routes and Populated Road Sources (7AM to 11PM) - Round 3,ArcGISFeatureLayer,71c9876f8b4546889de4f4a5899b50d6,https://nercdsh.dev.azure.manchester.ac.uk/server/rest/services/UPRN_PoC_Web_Layer_UK_v1/FeatureServer/28,,VectorDataset,/Noise Levels,0,objectid,OBJECTID,,False,True,False,,,,data,2
99101,,8d37dd3bd58246b7bbae368f34cf6bd5,Day Time Average Noise Level Of Major Traffic Routes and Populated Road Sources (7AM to 11PM) - Round 3,ArcGISFeatureLayer,71c9876f8b4546889de4f4a5899b50d6,https://nercdsh.dev.azure.manchester.ac.uk/server/rest/services/UPRN_PoC_Web_Layer_UK_v1/FeatureServer/28,,VectorDataset,/Noise Levels,0,road_nlaeq16h_id,Road_NLAeq16h_ID,,False,True,True,,,,data,2
99201,,8d37dd3bd58246b7bbae368f34cf6bd5,Day Time Average Noise Level Of Major Traffic Routes and Populated Road Sources (7AM to 11PM) - Round 3,ArcGISFeatureLayer,71c9876f8b4546889de4f4a5899b50d6,https://nercdsh.dev.azure.manchester.ac.uk/server/rest/services/UPRN_PoC_Web_Layer_UK_v1/FeatureServer/28,,VectorDataset,/Noise Levels,0,noiseclass,noiseclass,,False,True,True,,,,data,2
99301,,8d37dd3bd58246b7bbae368f34cf6bd5,Day Time Average Noise Level Of Major Traffic Routes and Populated Road Sources (7AM to 11PM) - Round 3,ArcGISFeatureLayer,71c9876f8b4546889de4f4a5899b50d6,https://nercdsh.dev.azure.manchester.ac.uk/server/rest/services/UPRN_PoC_Web_Layer_UK_v1/FeatureServer/28,,VectorDataset,/Noise Levels,0,SHAPE__Area,SHAPE__Area,,False,True,False,,,,data,2
99401,,8d37dd3bd58246b7bbae368f34cf6bd5,Day Time Average Noise Level Of Major Traffic Routes and Populated Road Sources (7AM to 11PM) - Round 3,ArcGISFeatureLayer,71c9876f8b4546889de4f4a5899b50d6,https://nercdsh.dev.azure.manchester.ac.uk/server/rest/services/UPRN_PoC_Web_Layer_UK_v1/FeatureServer/28,,VectorDataset,/Noise Levels,0,st_perimeter(shape),st_perimeter(shape),,False,True,False,,,,data,2
99501,,c350aeb0945e4bb88d973779176abdfc,Night Time Average Noise Level On Network Rail and HS1 Routes and Populated Rail Sources (11PM to 7AM) - Round 3,ArcGISFeatureLayer,71c9876f8b4546889de4f4a5899b50d6,https://nercdsh.dev.azure.manchester.ac.uk/server/rest/services/UPRN_PoC_Web_Layer_UK_v1/FeatureServer/29,,VectorDataset,/Noise Levels,0,objectid,OBJECTID,,False,True,False,,,,data,2
99601,,c350aeb0945e4bb88d973779176abdfc,Night Time Average Noise Level On Network Rail and HS1 Routes and Populated Rail Sources (11PM to 7AM) - Round 3,ArcGISFeatureLayer,71c9876f8b4546889de4f4a5899b50d6,https://nercdsh.dev.azure.manchester.ac.uk/server/rest/services/UPRN_PoC_Web_Layer_UK_v1/FeatureServer/29,,VectorDataset,/Noise Levels,0,rail_nlnight_id,Rail_NLnight_ID,,False,True,True,,,,data,2
99701,,c350aeb0945e4bb88d973779176abdfc,Night Time Average Noise Level On Network Rail and HS1 Routes and Populated Rail Sources (11PM to 7AM) - Round 3,ArcGISFeatureLayer,71c9876f8b4546889de4f4a5899b50d6,https://nercdsh.dev.azure.manchester.ac.uk/server/rest/services/UPRN_PoC_Web_Layer_UK_v1/FeatureServer/29,,VectorDataset,/Noise Levels,0,noiseclass,noiseclass,,False,True,True,,,,data,2
99801,,c350aeb0945e4bb88d973779176abdfc,Night Time Average Noise Level On Network Rail and HS1 Routes and Populated Rail Sources (11PM to 7AM) - Round 3,ArcGISFeatureLayer,71c9876f8b4546889de4f4a5899b50d6,https://nercdsh.dev.azure.manchester.ac.uk/server/rest/services/UPRN_PoC_Web_Layer_UK_v1/FeatureServer/29,,VectorDataset,/Noise Levels,0,SHAPE__Area,SHAPE__Area,,False,True,False,,,,data,2
99901,,c350aeb0945e4bb88d973779176abdfc,Night Time Average Noise Level On Network Rail and HS1 Routes and Populated Rail Sources (11PM to 7AM) - Round 3,ArcGISFeatureLayer,71c9876f8b4546889de4f4a5899b50d6,https://nercdsh.dev.azure.manchester.ac.uk/server/rest/services/UPRN_PoC_Web_Layer_UK_v1/FeatureServer/29,,VectorDataset,/Noise Levels,0,st_perimeter(shape),st_perimeter(shape),,False,True,False,,,,data,2
100001,,8b6bd77979a74c50a4547fade5fc755d,Average 24 Hour Noise Level On Network Rail and HS1 Routes and Populated Rail Sources  - Round 3,ArcGISFeatureLayer,71c9876f8b4546889de4f4a5899b50d6,https://nercdsh.dev.azure.manchester.ac.uk/server/rest/services/UPRN_PoC_Web_Layer_UK_v1/FeatureServer/30,,VectorDataset,/Noise Levels,0,objectid,OBJECTID,,False,True,False,,,,data,2
100101,,8b6bd77979a74c50a4547fade5fc755d,Average 24 Hour Noise Level On Network Rail and HS1 Routes and Populated Rail Sources  - Round 3,ArcGISFeatureLayer,71c9876f8b4546889de4f4a5899b50d6,https://nercdsh.dev.azure.manchester.ac.uk/server/rest/services/UPRN_PoC_Web_Layer_UK_v1/FeatureServer/30,,VectorDataset,/Noise Levels,0,rail_nlden_id,Rail_NLden_ID,,False,True,True,,,,data,2
100201,,8b6bd77979a74c50a4547fade5fc755d,Average 24 Hour Noise Level On Network Rail and HS1 Routes and Populated Rail Sources  - Round 3,ArcGISFeatureLayer,71c9876f8b4546889de4f4a5899b50d6,https://nercdsh.dev.azure.manchester.ac.uk/server/rest/services/UPRN_PoC_Web_Layer_UK_v1/FeatureServer/30,,VectorDataset,/Noise Levels,0,noiseclass,noiseclass,,False,True,True,,,,data,2
100301,,8b6bd77979a74c50a4547fade5fc755d,Average 24 Hour Noise Level On Network Rail and HS1 Routes and Populated Rail Sources  - Round 3,ArcGISFeatureLayer,71c9876f8b4546889de4f4a5899b50d6,https://nercdsh.dev.azure.manchester.ac.uk/server/rest/services/UPRN_PoC_Web_Layer_UK_v1/FeatureServer/30,,VectorDataset,/Noise Levels,0,SHAPE__Area,SHAPE__Area,,False,True,False,,,,data,2
100401,,8b6bd77979a74c50a4547fade5fc755d,Average 24 Hour Noise Level On Network Rail and HS1 Routes and Populated Rail Sources  - Round 3,ArcGISFeatureLayer,71c9876f8b4546889de4f4a5899b50d6,https://nercdsh.dev.azure.manchester.ac.uk/server/rest/services/UPRN_PoC_Web_Layer_UK_v1/FeatureServer/30,,VectorDataset,/Noise Levels,0,st_perimeter(shape),st_perimeter(shape),,False,True,False,,,,data,2
100501,,0b80a55a725046ef9b1a7da8f6ab17c0,Day Time Average Noise Level On Network Rail and HS1 Routes and Populated Rail Sources (7AM to 11PM) - Round 3,ArcGISFeatureLayer,71c9876f8b4546889de4f4a5899b50d6,https://nercdsh.dev.azure.manchester.ac.uk/server/rest/services/UPRN_PoC_Web_Layer_UK_v1/FeatureServer/172,,VectorDataset,/Noise Levels,0,objectid,OBJECTID,,False,True,False,,,,data,2
100601,,0b80a55a725046ef9b1a7da8f6ab17c0,Day Time Average Noise Level On Network Rail and HS1 Routes and Populated Rail Sources (7AM to 11PM) - Round 3,ArcGISFeatureLayer,71c9876f8b4546889de4f4a5899b50d6,https://nercdsh.dev.azure.manchester.ac.uk/server/rest/services/UPRN_PoC_Web_Layer_UK_v1/FeatureServer/172,,VectorDataset,/Noise Levels,0,rail_nlaeq16h_id,Rail_NLAeq16h_ID,,False,True,True,,,,data,2
100701,,0b80a55a725046ef9b1a7da8f6ab17c0,Day Time Average Noise Level On Network Rail and HS1 Routes and Populated Rail Sources (7AM to 11PM) - Round 3,ArcGISFeatureLayer,71c9876f8b4546889de4f4a5899b50d6,https://nercdsh.dev.azure.manchester.ac.uk/server/rest/services/UPRN_PoC_Web_Layer_UK_v1/FeatureServer/172,,VectorDataset,/Noise Levels,0,noiseclass,noiseclass,,False,True,True,,,,data,2
100801,,0b80a55a725046ef9b1a7da8f6ab17c0,Day Time Average Noise Level On Network Rail and HS1 Routes and Populated Rail Sources (7AM to 11PM) - Round 3,ArcGISFeatureLayer,71c9876f8b4546889de4f4a5899b50d6,https://nercdsh.dev.azure.manchester.ac.uk/server/rest/services/UPRN_PoC_Web_Layer_UK_v1/FeatureServer/172,,VectorDataset,/Noise Levels,0,SHAPE__Area,SHAPE__Area,,False,True,False,,,,data,2
100901,,0b80a55a725046ef9b1a7da8f6ab17c0,Day Time Average Noise Level On Network Rail and HS1 Routes and Populated Rail Sources (7AM to 11PM) - Round 3,ArcGISFeatureLayer,71c9876f8b4546889de4f4a5899b50d6,https://nercdsh.dev.azure.manchester.ac.uk/server/rest/services/UPRN_PoC_Web_Layer_UK_v1/FeatureServer/172,,VectorDataset,/Noise Levels,0,st_perimeter(shape),st_perimeter(shape),,False,True,False,,,,data,2
101001,,ed40134641a94b1489fd1e2cf1623736,Urban Areas Required To Undertake Strategic Noise Mapping - Round 3,ArcGISFeatureLayer,71c9876f8b4546889de4f4a5899b50d6,https://nercdsh.dev.azure.manchester.ac.uk/server/rest/services/UPRN_PoC_Web_Layer_UK_v1/FeatureServer/32,,VectorDataset,/Noise Levels,0,objectid,OBJECTID,,False,True,False,,,,data,2
101101,,ed40134641a94b1489fd1e2cf1623736,Urban Areas Required To Undertake Strategic Noise Mapping - Round 3,ArcGISFeatureLayer,71c9876f8b4546889de4f4a5899b50d6,https://nercdsh.dev.azure.manchester.ac.uk/server/rest/services/UPRN_PoC_Web_Layer_UK_v1/FeatureServer/32,,VectorDataset,/Noise Levels,0,end_nma_id,END_NMA_ID,,False,True,True,,,,data,2
101201,,ed40134641a94b1489fd1e2cf1623736,Urban Areas Required To Undertake Strategic Noise Mapping - Round 3,ArcGISFeatureLayer,71c9876f8b4546889de4f4a5899b50d6,https://nercdsh.dev.azure.manchester.ac.uk/server/rest/services/UPRN_PoC_Web_Layer_UK_v1/FeatureServer/32,,VectorDataset,/Noise Levels,0,code,Code,,False,True,True,,,,data,2
101301,,ed40134641a94b1489fd1e2cf1623736,Urban Areas Required To Undertake Strategic Noise Mapping - Round 3,ArcGISFeatureLayer,71c9876f8b4546889de4f4a5899b50d6,https://nercdsh.dev.azure.manchester.ac.uk/server/rest/services/UPRN_PoC_Web_Layer_UK_v1/FeatureServer/32,,VectorDataset,/Noise Levels,0,name,Name,,False,True,True,,,,data,2
101401,,ed40134641a94b1489fd1e2cf1623736,Urban Areas Required To Undertake Strategic Noise Mapping - Round 3,ArcGISFeatureLayer,71c9876f8b4546889de4f4a5899b50d6,https://nercdsh.dev.azure.manchester.ac.uk/server/rest/services/UPRN_PoC_Web_Layer_UK_v1/FeatureServer/32,,VectorDataset,/Noise Levels,0,SHAPE__Area,SHAPE__Area,,False,True,False,,,,data,2
101501,,ed40134641a94b1489fd1e2cf1623736,Urban Areas Required To Undertake Strategic Noise Mapping - Round 3,ArcGISFeatureLayer,71c9876f8b4546889de4f4a5899b50d6,https://nercdsh.dev.azure.manchester.ac.uk/server/rest/services/UPRN_PoC_Web_Layer_UK_v1/FeatureServer/32,,VectorDataset,/Noise Levels,0,st_perimeter(shape),st_perimeter(shape),,False,True,False,,,,data,2
200001,,19b02d2b433-layer-208,UK Air MBP - Benzene annual means,ArcGISMapServiceLayer,494244725b8d4d2aaf118b6e970bf4b2,https://nercdsh.dev.azure.manchester.ac.uk/server/rest/services/Benzene_annual_mean_Web_Map_MIL1/MapServer/1,,RasterDataset,/UK Air - Modelled Background Pollution/UK Air MBP - Benzene annual means,0,,Benzene annual mean (micrograms per cubic metre) 2022,[ModelledBackgroundPollution_Cells],True,True,False,,,,data,2
200101,,19b02d2b433-layer-208,UK Air MBP - Benzene annual means,ArcGISMapServiceLayer,494244725b8d4d2aaf118b6e970bf4b2,https://nercdsh.dev.azure.manchester.ac.uk/server/rest/services/Benzene_annual_mean_Web_Map_MIL1/MapServer/2,,RasterDataset,/UK Air - Modelled Background Pollution/UK Air MBP - Benzene annual means,0,,Benzene annual mean (micrograms per cubic metre) 2021,[ModelledBackgroundPollution_Cells],True,True,False,,,,data,2
200201,,19b02d2b433-layer-208,UK Air MBP - Benzene annual means,ArcGISMapServiceLayer,494244725b8d4d2aaf118b6e970bf4b2,https://nercdsh.dev.azure.manchester.ac.uk/server/rest/services/Benzene_annual_mean_Web_Map_MIL1/MapServer/3,,RasterDataset,/UK Air - Modelled Background Pollution/UK Air MBP - Benzene annual means,0,,Benzene annual mean (micrograms per cubic metre) 2020,[ModelledBackgroundPollution_Cells],True,True,False,,,,data,2
200301,,19b02d2b433-layer-208,UK Air MBP - Benzene annual means,ArcGISMapServiceLayer,494244725b8d4d2aaf118b6e970bf4b2,https://nercdsh.dev.azure.manchester.ac.uk/server/rest/services/Benzene_annual_mean_Web_Map_MIL1/MapServer/4,,RasterDataset,/UK Air - Modelled Background Pollution/UK Air MBP - Benzene annual means,0,,Benzene annual mean (micrograms per cubic metre) 2019,[ModelledBackgroundPollution_Cells],True,True,False,,,,data,2
200401,,19b02d2b433-layer-208,UK Air MBP - Benzene annual means,ArcGISMapServiceLayer,494244725b8d4d2aaf118b6e970bf4b2,https://nercdsh.dev.azure.manchester.ac.uk/server/rest/services/Benzene_annual_mean_Web_Map_MIL1/MapServer/5,,RasterDataset,/UK Air - Modelled Background Pollution/UK Air MBP - Benzene annual means,0,,Benzene annual mean (micrograms per cubic metre) 2018,[ModelledBackgroundPollution_Cells],True,True,False,,,,data,2
200501,,19b02d2b433-layer-208,UK Air MBP - Benzene annual means,ArcGISMapServiceLayer,494244725b8d4d2aaf118b6e970bf4b2,https://nercdsh.dev.azure.manchester.ac.uk/server/rest/services/Benzene_annual_mean_Web_Map_MIL1/MapServer/6,,RasterDataset,/UK Air - Modelled Background Pollution/UK Air MBP - Benzene annual means,0,,Benzene annual mean (micrograms per cubic metre) 2017,[ModelledBackgroundPollution_Cells],True,True,False,,,,data,2
200601,,19b02d2b433-layer-208,UK Air MBP - Benzene annual means,ArcGISMapServiceLayer,494244725b8d4d2aaf118b6e970bf4b2,https://nercdsh.dev.azure.manchester.ac.uk/server/rest/services/Benzene_annual_mean_Web_Map_MIL1/MapServer/7,,RasterDataset,/UK Air - Modelled Background Pollution/UK Air MBP - Benzene annual means,0,,Benzene annual mean (micrograms per cubic metre) 2016,[ModelledBackgroundPollution_Cells],True,True,False,,,,data,2
200701,,19b02d2b433-layer-208,UK Air MBP - Benzene annual means,ArcGISMapServiceLayer,494244725b8d4d2aaf118b6e970bf4b2,https://nercdsh.dev.azure.manchester.ac.uk/server/rest/services/Benzene_annual_mean_Web_Map_MIL1/MapServer/8,,RasterDataset,/UK Air - Modelled Background Pollution/UK Air MBP - Benzene annual means,0,,Benzene annual mean (micrograms per cubic metre) 2015,[ModelledBackgroundPollution_Cells],True,True,False,,,,data,2
200801,,19b02d2b433-layer-208,UK Air MBP - Benzene annual means,ArcGISMapServiceLayer,494244725b8d4d2aaf118b6e970bf4b2,https://nercdsh.dev.azure.manchester.ac.uk/server/rest/services/Benzene_annual_mean_Web_Map_MIL1/MapServer/9,,RasterDataset,/UK Air - Modelled Background Pollution/UK Air MBP - Benzene annual means,0,,Benzene annual mean (micrograms per cubic metre) 2014,[ModelledBackgroundPollution_Cells],True,True,False,,,,data,2
200901,,19b02d2b433-layer-208,UK Air MBP - Benzene annual means,ArcGISMapServiceLayer,494244725b8d4d2aaf118b6e970bf4b2,https://nercdsh.dev.azure.manchester.ac.uk/server/rest/services/Benzene_annual_mean_Web_Map_MIL1/MapServer/10,,RasterDataset,/UK Air - Modelled Background Pollution/UK Air MBP - Benzene annual means,0,,Benzene annual mean (micrograms per cubic metre) 2013,[ModelledBackgroundPollution_Cells],True,True,False,,,,data,2
201001,,19b02d2b433-layer-208,UK Air MBP - Benzene annual means,ArcGISMapServiceLayer,494244725b8d4d2aaf118b6e970bf4b2,https://nercdsh.dev.azure.manchester.ac.uk/server/rest/services/Benzene_annual_mean_Web_Map_MIL1/MapServer/11,,RasterDataset,/UK Air - Modelled Background Pollution/UK Air MBP - Benzene annual means,0,,Benzene annual mean (micrograms per cubic metre) 2012,[ModelledBackgroundPollution_Cells],True,True,False,,,,data,2
201101,,19b02d2b433-layer-208,UK Air MBP - Benzene annual means,ArcGISMapServiceLayer,494244725b8d4d2aaf118b6e970bf4b2,https://nercdsh.dev.azure.manchester.ac.uk/server/rest/services/Benzene_annual_mean_Web_Map_MIL1/MapServer/12,,RasterDataset,/UK Air - Modelled Background Pollution/UK Air MBP - Benzene annual means,0,,Benzene annual mean (micrograms per cubic metre) 2011,[ModelledBackgroundPollution_Cells],True,True,False,,,,data,2
201201,,19b02d2b433-layer-208,UK Air MBP - Benzene annual means,ArcGISMapServiceLayer,494244725b8d4d2aaf118b6e970bf4b2,https://nercdsh.dev.azure.manchester.ac.uk/server/rest/services/Benzene_annual_mean_Web_Map_MIL1/MapServer/13,,RasterDataset,/UK Air - Modelled Background Pollution/UK Air MBP - Benzene annual means,0,,Benzene annual mean (micrograms per cubic metre) 2010,[ModelledBackgroundPollution_Cells],True,True,False,,,,data,2
201301,,19b02e6f920-layer-277,UK Air MBP - Carbon Monoxide (CO) annual means,ArcGISMapServiceLayer,583a976eecbc4d89a403abf69d1beb01,https://nercdsh.dev.azure.manchester.ac.uk/server/rest/services/Carbon_Monoxide_annual_mean_WebMap_MIL1/MapServer/15,,RasterDataset,/UK Air - Modelled Background Pollution/UK Air MBP - Carbon Monoxide (CO) annual means,0,,Carbon Monoxide (milligrams per cubic metre) 2010,[ModelledBackgroundPollution_Cells],True,True,False,,,,data,2
201401,,19b02e6f920-layer-277,UK Air MBP - Carbon Monoxide (CO) annual means,ArcGISMapServiceLayer,583a976eecbc4d89a403abf69d1beb01,https://nercdsh.dev.azure.manchester.ac.uk/server/rest/services/Carbon_Monoxide_annual_mean_WebMap_MIL1/MapServer/16,,RasterDataset,/UK Air - Modelled Background Pollution/UK Air MBP - Carbon Monoxide (CO) annual means,0,,Carbon Monoxide (max 8 hours mean) (milligrams per cubic metre) 2010,[ModelledBackgroundPollution_Cells],True,True,False,,,,data,2
201501,,19b02e7efa3-layer-278,UK Air MBP - Nitrogen Dioxide (NO2) annual means,ArcGISMapServiceLayer,61898cc786394389b90ac66b6358c6e6,https://nercdsh.dev.azure.manchester.ac.uk/server/rest/services/Nitrogen_Dioxide_annual_mean_Web_Map_MIL1/MapServer/32,,RasterDataset,/UK Air - Modelled Background Pollution/UK Air MBP - Nitrogen Dioxide (NO2) annual means,0,,Nitrogen Dioxide annual mean (micrograms per cubic metre) 2022,[ModelledBackgroundPollution_Cells],True,True,False,,,,data,2
201601,,19b02e7efa3-layer-278,UK Air MBP - Nitrogen Dioxide (NO2) annual means,ArcGISMapServiceLayer,61898cc786394389b90ac66b6358c6e6,https://nercdsh.dev.azure.manchester.ac.uk/server/rest/services/Nitrogen_Dioxide_annual_mean_Web_Map_MIL1/MapServer/33,,RasterDataset,/UK Air - Modelled Background Pollution/UK Air MBP - Nitrogen Dioxide (NO2) annual means,0,,Nitrogen Dioxide annual mean (micrograms per cubic metre) 2021,[ModelledBackgroundPollution_Cells],True,True,False,,,,data,2
201701,,19b02e7efa3-layer-278,UK Air MBP - Nitrogen Dioxide (NO2) annual means,ArcGISMapServiceLayer,61898cc786394389b90ac66b6358c6e6,https://nercdsh.dev.azure.manchester.ac.uk/server/rest/services/Nitrogen_Dioxide_annual_mean_Web_Map_MIL1/MapServer/34,,RasterDataset,/UK Air - Modelled Background Pollution/UK Air MBP - Nitrogen Dioxide (NO2) annual means,0,,Nitrogen Dioxide annual mean (micrograms per cubic metre) 2020,[ModelledBackgroundPollution_Cells],True,True,False,,,,data,2
201801,,19b02e7efa3-layer-278,UK Air MBP - Nitrogen Dioxide (NO2) annual means,ArcGISMapServiceLayer,61898cc786394389b90ac66b6358c6e6,https://nercdsh.dev.azure.manchester.ac.uk/server/rest/services/Nitrogen_Dioxide_annual_mean_Web_Map_MIL1/MapServer/35,,RasterDataset,/UK Air - Modelled Background Pollution/UK Air MBP - Nitrogen Dioxide (NO2) annual means,0,,Nitrogen Dioxide annual mean (micrograms per cubic metre) 2019,[ModelledBackgroundPollution_Cells],True,True,False,,,,data,2
201901,,19b02e7efa3-layer-278,UK Air MBP - Nitrogen Dioxide (NO2) annual means,ArcGISMapServiceLayer,61898cc786394389b90ac66b6358c6e6,https://nercdsh.dev.azure.manchester.ac.uk/server/rest/services/Nitrogen_Dioxide_annual_mean_Web_Map_MIL1/MapServer/36,,RasterDataset,/UK Air - Modelled Background Pollution/UK Air MBP - Nitrogen Dioxide (NO2) annual means,0,,Nitrogen Dioxide annual mean (micrograms per cubic metre) 2018,[ModelledBackgroundPollution_Cells],True,True,False,,,,data,2
202001,,19b02e7efa3-layer-278,UK Air MBP - Nitrogen Dioxide (NO2) annual means,ArcGISMapServiceLayer,61898cc786394389b90ac66b6358c6e6,https://nercdsh.dev.azure.manchester.ac.uk/server/rest/services/Nitrogen_Dioxide_annual_mean_Web_Map_MIL1/MapServer/37,,RasterDataset,/UK Air - Modelled Background Pollution/UK Air MBP - Nitrogen Dioxide (NO2) annual means,0,,Nitrogen Dioxide annual mean (micrograms per cubic metre) 2017,[ModelledBackgroundPollution_Cells],True,True,False,,,,data,2
202101,,19b02e7efa3-layer-278,UK Air MBP - Nitrogen Dioxide (NO2) annual means,ArcGISMapServiceLayer,61898cc786394389b90ac66b6358c6e6,https://nercdsh.dev.azure.manchester.ac.uk/server/rest/services/Nitrogen_Dioxide_annual_mean_Web_Map_MIL1/MapServer/38,,RasterDataset,/UK Air - Modelled Background Pollution/UK Air MBP - Nitrogen Dioxide (NO2) annual means,0,,Nitrogen Dioxide annual mean (micrograms per cubic metre) 2016,[ModelledBackgroundPollution_Cells],True,True,False,,,,data,2
202201,,19b02e7efa3-layer-278,UK Air MBP - Nitrogen Dioxide (NO2) annual means,ArcGISMapServiceLayer,61898cc786394389b90ac66b6358c6e6,https://nercdsh.dev.azure.manchester.ac.uk/server/rest/services/Nitrogen_Dioxide_annual_mean_Web_Map_MIL1/MapServer/39,,RasterDataset,/UK Air - Modelled Background Pollution/UK Air MBP - Nitrogen Dioxide (NO2) annual means,0,,Nitrogen Dioxide annual mean (micrograms per cubic metre) 2015,[ModelledBackgroundPollution_Cells],True,True,False,,,,data,2
202301,,19b02e7efa3-layer-278,UK Air MBP - Nitrogen Dioxide (NO2) annual means,ArcGISMapServiceLayer,61898cc786394389b90ac66b6358c6e6,https://nercdsh.dev.azure.manchester.ac.uk/server/rest/services/Nitrogen_Dioxide_annual_mean_Web_Map_MIL1/MapServer/40,,RasterDataset,/UK Air - Modelled Background Pollution/UK Air MBP - Nitrogen Dioxide (NO2) annual means,0,,Nitrogen Dioxide annual mean (micrograms per cubic metre) 2014,[ModelledBackgroundPollution_Cells],True,True,False,,,,data,2
202401,,19b02e7efa3-layer-278,UK Air MBP - Nitrogen Dioxide (NO2) annual means,ArcGISMapServiceLayer,61898cc786394389b90ac66b6358c6e6,https://nercdsh.dev.azure.manchester.ac.uk/server/rest/services/Nitrogen_Dioxide_annual_mean_Web_Map_MIL1/MapServer/41,,RasterDataset,/UK Air - Modelled Background Pollution/UK Air MBP - Nitrogen Dioxide (NO2) annual means,0,,Nitrogen Dioxide annual mean (micrograms per cubic metre) 2013,[ModelledBackgroundPollution_Cells],True,True,False,,,,data,2
202501,,19b02e7efa3-layer-278,UK Air MBP - Nitrogen Dioxide (NO2) annual means,ArcGISMapServiceLayer,61898cc786394389b90ac66b6358c6e6,https://nercdsh.dev.azure.manchester.ac.uk/server/rest/services/Nitrogen_Dioxide_annual_mean_Web_Map_MIL1/MapServer/42,,RasterDataset,/UK Air - Modelled Background Pollution/UK Air MBP - Nitrogen Dioxide (NO2) annual means,0,,Nitrogen Dioxide annual mean (micrograms per cubic metre) 2012,[ModelledBackgroundPollution_Cells],True,True,False,,,,data,2
202601,,19b02e7efa3-layer-278,UK Air MBP - Nitrogen Dioxide (NO2) annual means,ArcGISMapServiceLayer,61898cc786394389b90ac66b6358c6e6,https://nercdsh.dev.azure.manchester.ac.uk/server/rest/services/Nitrogen_Dioxide_annual_mean_Web_Map_MIL1/MapServer/43,,RasterDataset,/UK Air - Modelled Background Pollution/UK Air MBP - Nitrogen Dioxide (NO2) annual means,0,,Nitrogen Dioxide annual mean (micrograms per cubic metre) 2011,[ModelledBackgroundPollution_Cells],True,True,False,,,,data,2
202701,,19b02e7efa3-layer-278,UK Air MBP - Nitrogen Dioxide (NO2) annual means,ArcGISMapServiceLayer,61898cc786394389b90ac66b6358c6e6,https://nercdsh.dev.azure.manchester.ac.uk/server/rest/services/Nitrogen_Dioxide_annual_mean_Web_Map_MIL1/MapServer/44,,RasterDataset,/UK Air - Modelled Background Pollution/UK Air MBP - Nitrogen Dioxide (NO2) annual means,0,,Nitrogen Dioxide annual mean (micrograms per cubic metre) 2010,[ModelledBackgroundPollution_Cells],True,True,False,,,,data,2
202801,,19b02e978d6-layer-279,UK Air MBP - Nitrogen Oxides (NOx) annual means,ArcGISMapServiceLayer,20071df3ec3349429e101229c9bef434,https://nercdsh.dev.azure.manchester.ac.uk/server/rest/services/Nitrogen_Oxides_annual_mean_Web_Map_MIL1/MapServer/46,,RasterDataset,/UK Air - Modelled Background Pollution/UK Air MBP - Nitrogen Oxides (NOx) annual means,0,,Nitrogen Oxides annual mean (micrograms per cubic metre) 2022,[ModelledBackgroundPollution_Cells],True,True,False,,,,data,2
202901,,19b02e978d6-layer-279,UK Air MBP - Nitrogen Oxides (NOx) annual means,ArcGISMapServiceLayer,20071df3ec3349429e101229c9bef434,https://nercdsh.dev.azure.manchester.ac.uk/server/rest/services/Nitrogen_Oxides_annual_mean_Web_Map_MIL1/MapServer/47,,RasterDataset,/UK Air - Modelled Background Pollution/UK Air MBP - Nitrogen Oxides (NOx) annual means,0,,Nitrogen Oxides annual mean (micrograms per cubic metre) 2021,[ModelledBackgroundPollution_Cells],True,True,False,,,,data,2
203001,,19b02e978d6-layer-279,UK Air MBP - Nitrogen Oxides (NOx) annual means,ArcGISMapServiceLayer,20071df3ec3349429e101229c9bef434,https://nercdsh.dev.azure.manchester.ac.uk/server/rest/services/Nitrogen_Oxides_annual_mean_Web_Map_MIL1/MapServer/48,,RasterDataset,/UK Air - Modelled Background Pollution/UK Air MBP - Nitrogen Oxides (NOx) annual means,0,,Nitrogen Oxides annual mean (micrograms per cubic metre) 2020,[ModelledBackgroundPollution_Cells],True,True,False,,,,data,2
203101,,19b02e978d6-layer-279,UK Air MBP - Nitrogen Oxides (NOx) annual means,ArcGISMapServiceLayer,20071df3ec3349429e101229c9bef434,https://nercdsh.dev.azure.manchester.ac.uk/server/rest/services/Nitrogen_Oxides_annual_mean_Web_Map_MIL1/MapServer/49,,RasterDataset,/UK Air - Modelled Background Pollution/UK Air MBP - Nitrogen Oxides (NOx) annual means,0,,Nitrogen Oxides annual mean (micrograms per cubic metre) 2019,[ModelledBackgroundPollution_Cells],True,True,False,,,,data,2
203201,,19b02e978d6-layer-279,UK Air MBP - Nitrogen Oxides (NOx) annual means,ArcGISMapServiceLayer,20071df3ec3349429e101229c9bef434,https://nercdsh.dev.azure.manchester.ac.uk/server/rest/services/Nitrogen_Oxides_annual_mean_Web_Map_MIL1/MapServer/50,,RasterDataset,/UK Air - Modelled Background Pollution/UK Air MBP - Nitrogen Oxides (NOx) annual means,0,,Nitrogen Oxides annual mean (micrograms per cubic metre) 2018,[ModelledBackgroundPollution_Cells],True,True,False,,,,data,2
203301,,19b02e978d6-layer-279,UK Air MBP - Nitrogen Oxides (NOx) annual means,ArcGISMapServiceLayer,20071df3ec3349429e101229c9bef434,https://nercdsh.dev.azure.manchester.ac.uk/server/rest/services/Nitrogen_Oxides_annual_mean_Web_Map_MIL1/MapServer/51,,RasterDataset,/UK Air - Modelled Background Pollution/UK Air MBP - Nitrogen Oxides (NOx) annual means,0,,Nitrogen Oxides annual mean (micrograms per cubic metre) 2017,[ModelledBackgroundPollution_Cells],True,True,False,,,,data,2
203401,,19b02e978d6-layer-279,UK Air MBP - Nitrogen Oxides (NOx) annual means,ArcGISMapServiceLayer,20071df3ec3349429e101229c9bef434,https://nercdsh.dev.azure.manchester.ac.uk/server/rest/services/Nitrogen_Oxides_annual_mean_Web_Map_MIL1/MapServer/52,,RasterDataset,/UK Air - Modelled Background Pollution/UK Air MBP - Nitrogen Oxides (NOx) annual means,0,,Nitrogen Oxides annual mean (micrograms per cubic metre) 2016,[ModelledBackgroundPollution_Cells],True,True,False,,,,data,2
203501,,19b02e978d6-layer-279,UK Air MBP - Nitrogen Oxides (NOx) annual means,ArcGISMapServiceLayer,20071df3ec3349429e101229c9bef434,https://nercdsh.dev.azure.manchester.ac.uk/server/rest/services/Nitrogen_Oxides_annual_mean_Web_Map_MIL1/MapServer/53,,RasterDataset,/UK Air - Modelled Background Pollution/UK Air MBP - Nitrogen Oxides (NOx) annual means,0,,Nitrogen Oxides annual mean (micrograms per cubic metre) 2015,[ModelledBackgroundPollution_Cells],True,True,False,,,,data,2
203601,,19b02e978d6-layer-279,UK Air MBP - Nitrogen Oxides (NOx) annual means,ArcGISMapServiceLayer,20071df3ec3349429e101229c9bef434,https://nercdsh.dev.azure.manchester.ac.uk/server/rest/services/Nitrogen_Oxides_annual_mean_Web_Map_MIL1/MapServer/54,,RasterDataset,/UK Air - Modelled Background Pollution/UK Air MBP - Nitrogen Oxides (NOx) annual means,0,,Nitrogen Oxides annual mean (micrograms per cubic metre) 2014,[ModelledBackgroundPollution_Cells],True,True,False,,,,data,2
203701,,19b02e978d6-layer-279,UK Air MBP - Nitrogen Oxides (NOx) annual means,ArcGISMapServiceLayer,20071df3ec3349429e101229c9bef434,https://nercdsh.dev.azure.manchester.ac.uk/server/rest/services/Nitrogen_Oxides_annual_mean_Web_Map_MIL1/MapServer/55,,RasterDataset,/UK Air - Modelled Background Pollution/UK Air MBP - Nitrogen Oxides (NOx) annual means,0,,Nitrogen Oxides annual mean (micrograms per cubic metre) 2013,[ModelledBackgroundPollution_Cells],True,True,False,,,,data,2
203801,,19b02e978d6-layer-279,UK Air MBP - Nitrogen Oxides (NOx) annual means,ArcGISMapServiceLayer,20071df3ec3349429e101229c9bef434,https://nercdsh.dev.azure.manchester.ac.uk/server/rest/services/Nitrogen_Oxides_annual_mean_Web_Map_MIL1/MapServer/56,,RasterDataset,/UK Air - Modelled Background Pollution/UK Air MBP - Nitrogen Oxides (NOx) annual means,0,,Nitrogen Oxides annual mean (micrograms per cubic metre) 2012,[ModelledBackgroundPollution_Cells],True,True,False,,,,data,2
203901,,19b02e978d6-layer-279,UK Air MBP - Nitrogen Oxides (NOx) annual means,ArcGISMapServiceLayer,20071df3ec3349429e101229c9bef434,https://nercdsh.dev.azure.manchester.ac.uk/server/rest/services/Nitrogen_Oxides_annual_mean_Web_Map_MIL1/MapServer/57,,RasterDataset,/UK Air - Modelled Background Pollution/UK Air MBP - Nitrogen Oxides (NOx) annual means,0,,Nitrogen Oxides annual mean (micrograms per cubic metre) 2011,[ModelledBackgroundPollution_Cells],True,True,False,,,,data,2
204001,,19b02e978d6-layer-279,UK Air MBP - Nitrogen Oxides (NOx) annual means,ArcGISMapServiceLayer,20071df3ec3349429e101229c9bef434,https://nercdsh.dev.azure.manchester.ac.uk/server/rest/services/Nitrogen_Oxides_annual_mean_Web_Map_MIL1/MapServer/58,,RasterDataset,/UK Air - Modelled Background Pollution/UK Air MBP - Nitrogen Oxides (NOx) annual means,0,,Nitrogen Oxides annual mean (micrograms per cubic metre) 2010,[ModelledBackgroundPollution_Cells],True,True,False,,,,data,2
204101,,19b02ea70d2-layer-280,UK Air MBP - Ozone (O3) annual means,ArcGISMapServiceLayer,2fb4a1882e154242af7934b39cb2ce48,https://nercdsh.dev.azure.manchester.ac.uk/server/rest/services/Ozone_annual_mean_Web_Map_MIL1/MapServer/18,,RasterDataset,/UK Air - Modelled Background Pollution/UK Air MBP - Ozone (O3) annual means,0,,Ozone (dgt 120) 2022,[ModelledBackgroundPollution_Cells],True,True,False,,,,data,2
204201,,19b02ea70d2-layer-280,UK Air MBP - Ozone (O3) annual means,ArcGISMapServiceLayer,2fb4a1882e154242af7934b39cb2ce48,https://nercdsh.dev.azure.manchester.ac.uk/server/rest/services/Ozone_annual_mean_Web_Map_MIL1/MapServer/19,,RasterDataset,/UK Air - Modelled Background Pollution/UK Air MBP - Ozone (O3) annual means,0,,Ozone (dgt 120) 2021,[ModelledBackgroundPollution_Cells],True,True,False,,,,data,2
204301,,19b02ea70d2-layer-280,UK Air MBP - Ozone (O3) annual means,ArcGISMapServiceLayer,2fb4a1882e154242af7934b39cb2ce48,https://nercdsh.dev.azure.manchester.ac.uk/server/rest/services/Ozone_annual_mean_Web_Map_MIL1/MapServer/20,,RasterDataset,/UK Air - Modelled Background Pollution/UK Air MBP - Ozone (O3) annual means,0,,Ozone (dgt 120) 2020,[ModelledBackgroundPollution_Cells],True,True,False,,,,data,2
204401,,19b02ea70d2-layer-280,UK Air MBP - Ozone (O3) annual means,ArcGISMapServiceLayer,2fb4a1882e154242af7934b39cb2ce48,https://nercdsh.dev.azure.manchester.ac.uk/server/rest/services/Ozone_annual_mean_Web_Map_MIL1/MapServer/21,,RasterDataset,/UK Air - Modelled Background Pollution/UK Air MBP - Ozone (O3) annual means,0,,Ozone (dgt 120) 2019,[ModelledBackgroundPollution_Cells],True,True,False,,,,data,2
204501,,19b02ea70d2-layer-280,UK Air MBP - Ozone (O3) annual means,ArcGISMapServiceLayer,2fb4a1882e154242af7934b39cb2ce48,https://nercdsh.dev.azure.manchester.ac.uk/server/rest/services/Ozone_annual_mean_Web_Map_MIL1/MapServer/22,,RasterDataset,/UK Air - Modelled Background Pollution/UK Air MBP - Ozone (O3) annual means,0,,Ozone (dgt 120) 2018,[ModelledBackgroundPollution_Cells],True,True,False,,,,data,2
204601,,19b02ea70d2-layer-280,UK Air MBP - Ozone (O3) annual means,ArcGISMapServiceLayer,2fb4a1882e154242af7934b39cb2ce48,https://nercdsh.dev.azure.manchester.ac.uk/server/rest/services/Ozone_annual_mean_Web_Map_MIL1/MapServer/23,,RasterDataset,/UK Air - Modelled Background Pollution/UK Air MBP - Ozone (O3) annual means,0,,Ozone (dgt 120) 2017,[ModelledBackgroundPollution_Cells],True,True,False,,,,data,2
204701,,19b02ea70d2-layer-280,UK Air MBP - Ozone (O3) annual means,ArcGISMapServiceLayer,2fb4a1882e154242af7934b39cb2ce48,https://nercdsh.dev.azure.manchester.ac.uk/server/rest/services/Ozone_annual_mean_Web_Map_MIL1/MapServer/24,,RasterDataset,/UK Air - Modelled Background Pollution/UK Air MBP - Ozone (O3) annual means,0,,Ozone (dgt 120) 2016,[ModelledBackgroundPollution_Cells],True,True,False,,,,data,2
204801,,19b02ea70d2-layer-280,UK Air MBP - Ozone (O3) annual means,ArcGISMapServiceLayer,2fb4a1882e154242af7934b39cb2ce48,https://nercdsh.dev.azure.manchester.ac.uk/server/rest/services/Ozone_annual_mean_Web_Map_MIL1/MapServer/25,,RasterDataset,/UK Air - Modelled Background Pollution/UK Air MBP - Ozone (O3) annual means,0,,Ozone (dgt 120) 2015,[ModelledBackgroundPollution_Cells],True,True,False,,,,data,2
204901,,19b02ea70d2-layer-280,UK Air MBP - Ozone (O3) annual means,ArcGISMapServiceLayer,2fb4a1882e154242af7934b39cb2ce48,https://nercdsh.dev.azure.manchester.ac.uk/server/rest/services/Ozone_annual_mean_Web_Map_MIL1/MapServer/26,,RasterDataset,/UK Air - Modelled Background Pollution/UK Air MBP - Ozone (O3) annual means,0,,Ozone (dgt 120) 2014,[ModelledBackgroundPollution_Cells],True,True,False,,,,data,2
205001,,19b02ea70d2-layer-280,UK Air MBP - Ozone (O3) annual means,ArcGISMapServiceLayer,2fb4a1882e154242af7934b39cb2ce48,https://nercdsh.dev.azure.manchester.ac.uk/server/rest/services/Ozone_annual_mean_Web_Map_MIL1/MapServer/27,,RasterDataset,/UK Air - Modelled Background Pollution/UK Air MBP - Ozone (O3) annual means,0,,Ozone (dgt 120) 2013,[ModelledBackgroundPollution_Cells],True,True,False,,,,data,2
205101,,19b02ea70d2-layer-280,UK Air MBP - Ozone (O3) annual means,ArcGISMapServiceLayer,2fb4a1882e154242af7934b39cb2ce48,https://nercdsh.dev.azure.manchester.ac.uk/server/rest/services/Ozone_annual_mean_Web_Map_MIL1/MapServer/28,,RasterDataset,/UK Air - Modelled Background Pollution/UK Air MBP - Ozone (O3) annual means,0,,Ozone (dgt 120) 2012,[ModelledBackgroundPollution_Cells],True,True,False,,,,data,2
205201,,19b02ea70d2-layer-280,UK Air MBP - Ozone (O3) annual means,ArcGISMapServiceLayer,2fb4a1882e154242af7934b39cb2ce48,https://nercdsh.dev.azure.manchester.ac.uk/server/rest/services/Ozone_annual_mean_Web_Map_MIL1/MapServer/29,,RasterDataset,/UK Air - Modelled Background Pollution/UK Air MBP - Ozone (O3) annual means,0,,Ozone (dgt 120) 2011,[ModelledBackgroundPollution_Cells],True,True,False,,,,data,2
205301,,19b02ea70d2-layer-280,UK Air MBP - Ozone (O3) annual means,ArcGISMapServiceLayer,2fb4a1882e154242af7934b39cb2ce48,https://nercdsh.dev.azure.manchester.ac.uk/server/rest/services/Ozone_annual_mean_Web_Map_MIL1/MapServer/30,,RasterDataset,/UK Air - Modelled Background Pollution/UK Air MBP - Ozone (O3) annual means,0,,Ozone (dgt 120) 2010,[ModelledBackgroundPollution_Cells],True,True,False,,,,data,2
205401,,19b02eb625f-layer-281,UK Air MBP - PM 2.5 annual means,ArcGISMapServiceLayer,d9583548d9b04c3db5f445d2604d912f,https://nercdsh.dev.azure.manchester.ac.uk/server/rest/services/PM2p5_annual_mean_Web_Map_MIL1/MapServer/74,,RasterDataset,/UK Air - Modelled Background Pollution/UK Air MBP - PM 2.5 annual means,0,,Particulate Matter less than 2.5 micrometre annual mean (micrograms per cubic metre) 2022,[ModelledBackgroundPollution_Cells],True,True,False,,,,data,2
205501,,19b02eb625f-layer-281,UK Air MBP - PM 2.5 annual means,ArcGISMapServiceLayer,d9583548d9b04c3db5f445d2604d912f,https://nercdsh.dev.azure.manchester.ac.uk/server/rest/services/PM2p5_annual_mean_Web_Map_MIL1/MapServer/75,,RasterDataset,/UK Air - Modelled Background Pollution/UK Air MBP - PM 2.5 annual means,0,,Particulate Matter less than 2.5 micrometre annual mean (micrograms per cubic metre) 2021,[ModelledBackgroundPollution_Cells],True,True,False,,,,data,2
205601,,19b02eb625f-layer-281,UK Air MBP - PM 2.5 annual means,ArcGISMapServiceLayer,d9583548d9b04c3db5f445d2604d912f,https://nercdsh.dev.azure.manchester.ac.uk/server/rest/services/PM2p5_annual_mean_Web_Map_MIL1/MapServer/76,,RasterDataset,/UK Air - Modelled Background Pollution/UK Air MBP - PM 2.5 annual means,0,,Particulate Matter less than 2.5 micrometre annual mean (micrograms per cubic metre) 2020,[ModelledBackgroundPollution_Cells],True,True,False,,,,data,2
205701,,19b02eb625f-layer-281,UK Air MBP - PM 2.5 annual means,ArcGISMapServiceLayer,d9583548d9b04c3db5f445d2604d912f,https://nercdsh.dev.azure.manchester.ac.uk/server/rest/services/PM2p5_annual_mean_Web_Map_MIL1/MapServer/77,,RasterDataset,/UK Air - Modelled Background Pollution/UK Air MBP - PM 2.5 annual means,0,,Particulate Matter less than 2.5 micrometre annual mean (micrograms per cubic metre) 2019,[ModelledBackgroundPollution_Cells],True,True,False,,,,data,2
205801,,19b02eb625f-layer-281,UK Air MBP - PM 2.5 annual means,ArcGISMapServiceLayer,d9583548d9b04c3db5f445d2604d912f,https://nercdsh.dev.azure.manchester.ac.uk/server/rest/services/PM2p5_annual_mean_Web_Map_MIL1/MapServer/78,,RasterDataset,/UK Air - Modelled Background Pollution/UK Air MBP - PM 2.5 annual means,0,,Particulate Matter less than 2.5 micrometre annual mean (micrograms per cubic metre) 2018,[ModelledBackgroundPollution_Cells],True,True,False,,,,data,2
205901,,19b02eb625f-layer-281,UK Air MBP - PM 2.5 annual means,ArcGISMapServiceLayer,d9583548d9b04c3db5f445d2604d912f,https://nercdsh.dev.azure.manchester.ac.uk/server/rest/services/PM2p5_annual_mean_Web_Map_MIL1/MapServer/79,,RasterDataset,/UK Air - Modelled Background Pollution/UK Air MBP - PM 2.5 annual means,0,,Particulate Matter less than 2.5 micrometre annual mean (micrograms per cubic metre) 2017,[ModelledBackgroundPollution_Cells],True,True,False,,,,data,2
206001,,19b02eb625f-layer-281,UK Air MBP - PM 2.5 annual means,ArcGISMapServiceLayer,d9583548d9b04c3db5f445d2604d912f,https://nercdsh.dev.azure.manchester.ac.uk/server/rest/services/PM2p5_annual_mean_Web_Map_MIL1/MapServer/80,,RasterDataset,/UK Air - Modelled Background Pollution/UK Air MBP - PM 2.5 annual means,0,,Particulate Matter less than 2.5 micrometre annual mean (micrograms per cubic metre) 2016,[ModelledBackgroundPollution_Cells],True,True,False,,,,data,2
206101,,19b02eb625f-layer-281,UK Air MBP - PM 2.5 annual means,ArcGISMapServiceLayer,d9583548d9b04c3db5f445d2604d912f,https://nercdsh.dev.azure.manchester.ac.uk/server/rest/services/PM2p5_annual_mean_Web_Map_MIL1/MapServer/81,,RasterDataset,/UK Air - Modelled Background Pollution/UK Air MBP - PM 2.5 annual means,0,,Particulate Matter less than 2.5 micrometre annual mean (micrograms per cubic metre) 2015,[ModelledBackgroundPollution_Cells],True,True,False,,,,data,2
206201,,19b02eb625f-layer-281,UK Air MBP - PM 2.5 annual means,ArcGISMapServiceLayer,d9583548d9b04c3db5f445d2604d912f,https://nercdsh.dev.azure.manchester.ac.uk/server/rest/services/PM2p5_annual_mean_Web_Map_MIL1/MapServer/82,,RasterDataset,/UK Air - Modelled Background Pollution/UK Air MBP - PM 2.5 annual means,0,,Particulate Matter less than 2.5 micrometre annual mean (micrograms per cubic metre) 2014,[ModelledBackgroundPollution_Cells],True,True,False,,,,data,2
206301,,19b02eb625f-layer-281,UK Air MBP - PM 2.5 annual means,ArcGISMapServiceLayer,d9583548d9b04c3db5f445d2604d912f,https://nercdsh.dev.azure.manchester.ac.uk/server/rest/services/PM2p5_annual_mean_Web_Map_MIL1/MapServer/83,,RasterDataset,/UK Air - Modelled Background Pollution/UK Air MBP - PM 2.5 annual means,0,,Particulate Matter less than 2.5 micrometre annual mean (micrograms per cubic metre) 2013,[ModelledBackgroundPollution_Cells],True,True,False,,,,data,2
206401,,19b02eb625f-layer-281,UK Air MBP - PM 2.5 annual means,ArcGISMapServiceLayer,d9583548d9b04c3db5f445d2604d912f,https://nercdsh.dev.azure.manchester.ac.uk/server/rest/services/PM2p5_annual_mean_Web_Map_MIL1/MapServer/84,,RasterDataset,/UK Air - Modelled Background Pollution/UK Air MBP - PM 2.5 annual means,0,,Particulate Matter less than 2.5 micrometre annual mean (micrograms per cubic metre) 2012,[ModelledBackgroundPollution_Cells],True,True,False,,,,data,2
206501,,19b02eb625f-layer-281,UK Air MBP - PM 2.5 annual means,ArcGISMapServiceLayer,d9583548d9b04c3db5f445d2604d912f,https://nercdsh.dev.azure.manchester.ac.uk/server/rest/services/PM2p5_annual_mean_Web_Map_MIL1/MapServer/85,,RasterDataset,/UK Air - Modelled Background Pollution/UK Air MBP - PM 2.5 annual means,0,,Particulate Matter less than 2.5 micrometre annual mean (micrograms per cubic metre) 2011,[ModelledBackgroundPollution_Cells],True,True,False,,,,data,2
206601,,19b02eb625f-layer-281,UK Air MBP - PM 2.5 annual means,ArcGISMapServiceLayer,d9583548d9b04c3db5f445d2604d912f,https://nercdsh.dev.azure.manchester.ac.uk/server/rest/services/PM2p5_annual_mean_Web_Map_MIL1/MapServer/86,,RasterDataset,/UK Air - Modelled Background Pollution/UK Air MBP - PM 2.5 annual means,0,,Particulate Matter less than 2.5 micrometre annual mean (micrograms per cubic metre) 2010,[ModelledBackgroundPollution_Cells],True,True,False,,,,data,2
206701,,19b02ec1aa4-layer-282,UK Air MBP - PM 10 annual means,ArcGISMapServiceLayer,6c20743e655f4ee2b903fe8b6aa40a7e,https://nercdsh.dev.azure.manchester.ac.uk/server/rest/services/PM10_annual_mean_Web_Map_MIL1/MapServer/60,,RasterDataset,/UK Air - Modelled Background Pollution/UK Air MBP - PM 10 annual means,0,,Particulate Matter less than 10 micrometre annual mean (micrograms per cubic metre) 2022,[ModelledBackgroundPollution_Cells],True,True,False,,,,data,2
206801,,19b02ec1aa4-layer-282,UK Air MBP - PM 10 annual means,ArcGISMapServiceLayer,6c20743e655f4ee2b903fe8b6aa40a7e,https://nercdsh.dev.azure.manchester.ac.uk/server/rest/services/PM10_annual_mean_Web_Map_MIL1/MapServer/61,,RasterDataset,/UK Air - Modelled Background Pollution/UK Air MBP - PM 10 annual means,0,,Particulate Matter less than 10 micrometre annual mean (micrograms per cubic metre) 2021,[ModelledBackgroundPollution_Cells],True,True,False,,,,data,2
206901,,19b02ec1aa4-layer-282,UK Air MBP - PM 10 annual means,ArcGISMapServiceLayer,6c20743e655f4ee2b903fe8b6aa40a7e,https://nercdsh.dev.azure.manchester.ac.uk/server/rest/services/PM10_annual_mean_Web_Map_MIL1/MapServer/62,,RasterDataset,/UK Air - Modelled Background Pollution/UK Air MBP - PM 10 annual means,0,,Particulate Matter less than 10 micrometre annual mean (micrograms per cubic metre) 2020,[ModelledBackgroundPollution_Cells],True,True,False,,,,data,2
207001,,19b02ec1aa4-layer-282,UK Air MBP - PM 10 annual means,ArcGISMapServiceLayer,6c20743e655f4ee2b903fe8b6aa40a7e,https://nercdsh.dev.azure.manchester.ac.uk/server/rest/services/PM10_annual_mean_Web_Map_MIL1/MapServer/63,,RasterDataset,/UK Air - Modelled Background Pollution/UK Air MBP - PM 10 annual means,0,,Particulate Matter less than 10 micrometre annual mean (micrograms per cubic metre) 2019,[ModelledBackgroundPollution_Cells],True,True,False,,,,data,2
207101,,19b02ec1aa4-layer-282,UK Air MBP - PM 10 annual means,ArcGISMapServiceLayer,6c20743e655f4ee2b903fe8b6aa40a7e,https://nercdsh.dev.azure.manchester.ac.uk/server/rest/services/PM10_annual_mean_Web_Map_MIL1/MapServer/64,,RasterDataset,/UK Air - Modelled Background Pollution/UK Air MBP - PM 10 annual means,0,,Particulate Matter less than 10 micrometre annual mean (micrograms per cubic metre) 2018,[ModelledBackgroundPollution_Cells],True,True,False,,,,data,2
207201,,19b02ec1aa4-layer-282,UK Air MBP - PM 10 annual means,ArcGISMapServiceLayer,6c20743e655f4ee2b903fe8b6aa40a7e,https://nercdsh.dev.azure.manchester.ac.uk/server/rest/services/PM10_annual_mean_Web_Map_MIL1/MapServer/65,,RasterDataset,/UK Air - Modelled Background Pollution/UK Air MBP - PM 10 annual means,0,,Particulate Matter less than 10 micrometre annual mean (micrograms per cubic metre) 2017,[ModelledBackgroundPollution_Cells],True,True,False,,,,data,2
207301,,19b02ec1aa4-layer-282,UK Air MBP - PM 10 annual means,ArcGISMapServiceLayer,6c20743e655f4ee2b903fe8b6aa40a7e,https://nercdsh.dev.azure.manchester.ac.uk/server/rest/services/PM10_annual_mean_Web_Map_MIL1/MapServer/66,,RasterDataset,/UK Air - Modelled Background Pollution/UK Air MBP - PM 10 annual means,0,,Particulate Matter less than 10 micrometre annual mean (micrograms per cubic metre) 2016,[ModelledBackgroundPollution_Cells],True,True,False,,,,data,2
207401,,19b02ec1aa4-layer-282,UK Air MBP - PM 10 annual means,ArcGISMapServiceLayer,6c20743e655f4ee2b903fe8b6aa40a7e,https://nercdsh.dev.azure.manchester.ac.uk/server/rest/services/PM10_annual_mean_Web_Map_MIL1/MapServer/67,,RasterDataset,/UK Air - Modelled Background Pollution/UK Air MBP - PM 10 annual means,0,,Particulate Matter less than 10 micrometre annual mean (micrograms per cubic metre) 2015,[ModelledBackgroundPollution_Cells],True,True,False,,,,data,2
207501,,19b02ec1aa4-layer-282,UK Air MBP - PM 10 annual means,ArcGISMapServiceLayer,6c20743e655f4ee2b903fe8b6aa40a7e,https://nercdsh.dev.azure.manchester.ac.uk/server/rest/services/PM10_annual_mean_Web_Map_MIL1/MapServer/68,,RasterDataset,/UK Air - Modelled Background Pollution/UK Air MBP - PM 10 annual means,0,,Particulate Matter less than 10 micrometre annual mean (micrograms per cubic metre) 2014,[ModelledBackgroundPollution_Cells],True,True,False,,,,data,2
207601,,19b02ec1aa4-layer-282,UK Air MBP - PM 10 annual means,ArcGISMapServiceLayer,6c20743e655f4ee2b903fe8b6aa40a7e,https://nercdsh.dev.azure.manchester.ac.uk/server/rest/services/PM10_annual_mean_Web_Map_MIL1/MapServer/69,,RasterDataset,/UK Air - Modelled Background Pollution/UK Air MBP - PM 10 annual means,0,,Particulate Matter less than 10 micrometre annual mean (micrograms per cubic metre) 2013,[ModelledBackgroundPollution_Cells],True,True,False,,,,data,2
207701,,19b02ec1aa4-layer-282,UK Air MBP - PM 10 annual means,ArcGISMapServiceLayer,6c20743e655f4ee2b903fe8b6aa40a7e,https://nercdsh.dev.azure.manchester.ac.uk/server/rest/services/PM10_annual_mean_Web_Map_MIL1/MapServer/70,,RasterDataset,/UK Air - Modelled Background Pollution/UK Air MBP - PM 10 annual means,0,,Particulate Matter less than 10 micrometre annual mean (micrograms per cubic metre) 2012,[ModelledBackgroundPollution_Cells],True,True,False,,,,data,2
207801,,19b02ec1aa4-layer-282,UK Air MBP - PM 10 annual means,ArcGISMapServiceLayer,6c20743e655f4ee2b903fe8b6aa40a7e,https://nercdsh.dev.azure.manchester.ac.uk/server/rest/services/PM10_annual_mean_Web_Map_MIL1/MapServer/71,,RasterDataset,/UK Air - Modelled Background Pollution/UK Air MBP - PM 10 annual means,0,,Particulate Matter less than 10 micrometre annual mean (micrograms per cubic metre) 2011,[ModelledBackgroundPollution_Cells],True,True,False,,,,data,2
207901,,19b02ec1aa4-layer-282,UK Air MBP - PM 10 annual means,ArcGISMapServiceLayer,6c20743e655f4ee2b903fe8b6aa40a7e,https://nercdsh.dev.azure.manchester.ac.uk/server/rest/services/PM10_annual_mean_Web_Map_MIL1/MapServer/72,,RasterDataset,/UK Air - Modelled Background Pollution/UK Air MBP - PM 10 annual means,0,,Particulate Matter less than 10 micrometre annual mean (micrograms per cubic metre) 2010,[ModelledBackgroundPollution_Cells],True,True,False,,,,data,2
208001,,19b02f49960-layer-348,UK Air MBP - Sulfur Dioxide (SO2) annual means,ArcGISMapServiceLayer,b9187b3696f04f278485a344469ed3f5,https://nercdsh.dev.azure.manchester.ac.uk/server/rest/services/Sulphur_Dioxide_annual_mean_Web_Map_MIL1/MapServer/88,,RasterDataset,/UK Air - Modelled Background Pollution/UK Air MBP - Sulfur Dioxide (SO2) annual means,0,,Sulphur Dioxide annual mean (micrograms per cubic metre) 2022,[ModelledBackgroundPollution_Cells],True,True,False,,,,data,2
208101,,19b02f49960-layer-348,UK Air MBP - Sulfur Dioxide (SO2) annual means,ArcGISMapServiceLayer,b9187b3696f04f278485a344469ed3f5,https://nercdsh.dev.azure.manchester.ac.uk/server/rest/services/Sulphur_Dioxide_annual_mean_Web_Map_MIL1/MapServer/89,,RasterDataset,/UK Air - Modelled Background Pollution/UK Air MBP - Sulfur Dioxide (SO2) annual means,0,,Sulphur Dioxide annual mean (micrograms per cubic metre) 2021,[ModelledBackgroundPollution_Cells],True,True,False,,,,data,2
208201,,19b02f49960-layer-348,UK Air MBP - Sulfur Dioxide (SO2) annual means,ArcGISMapServiceLayer,b9187b3696f04f278485a344469ed3f5,https://nercdsh.dev.azure.manchester.ac.uk/server/rest/services/Sulphur_Dioxide_annual_mean_Web_Map_MIL1/MapServer/90,,RasterDataset,/UK Air - Modelled Background Pollution/UK Air MBP - Sulfur Dioxide (SO2) annual means,0,,Sulphur Dioxide annual mean (micrograms per cubic metre) 2020,[ModelledBackgroundPollution_Cells],True,True,False,,,,data,2
208301,,19b02f49960-layer-348,UK Air MBP - Sulfur Dioxide (SO2) annual means,ArcGISMapServiceLayer,b9187b3696f04f278485a344469ed3f5,https://nercdsh.dev.azure.manchester.ac.uk/server/rest/services/Sulphur_Dioxide_annual_mean_Web_Map_MIL1/MapServer/91,,RasterDataset,/UK Air - Modelled Background Pollution/UK Air MBP - Sulfur Dioxide (SO2) annual means,0,,Sulphur Dioxide annual mean (micrograms per cubic metre) 2019,[ModelledBackgroundPollution_Cells],True,True,False,,,,data,2
208401,,19b02f49960-layer-348,UK Air MBP - Sulfur Dioxide (SO2) annual means,ArcGISMapServiceLayer,b9187b3696f04f278485a344469ed3f5,https://nercdsh.dev.azure.manchester.ac.uk/server/rest/services/Sulphur_Dioxide_annual_mean_Web_Map_MIL1/MapServer/92,,RasterDataset,/UK Air - Modelled Background Pollution/UK Air MBP - Sulfur Dioxide (SO2) annual means,0,,Sulphur Dioxide annual mean (micrograms per cubic metre) 2018,[ModelledBackgroundPollution_Cells],True,True,False,,,,data,2
208501,,19b02f49960-layer-348,UK Air MBP - Sulfur Dioxide (SO2) annual means,ArcGISMapServiceLayer,b9187b3696f04f278485a344469ed3f5,https://nercdsh.dev.azure.manchester.ac.uk/server/rest/services/Sulphur_Dioxide_annual_mean_Web_Map_MIL1/MapServer/93,,RasterDataset,/UK Air - Modelled Background Pollution/UK Air MBP - Sulfur Dioxide (SO2) annual means,0,,Sulphur Dioxide annual mean (micrograms per cubic metre) 2017,[ModelledBackgroundPollution_Cells],True,True,False,,,,data,2
208601,,19b02f49960-layer-348,UK Air MBP - Sulfur Dioxide (SO2) annual means,ArcGISMapServiceLayer,b9187b3696f04f278485a344469ed3f5,https://nercdsh.dev.azure.manchester.ac.uk/server/rest/services/Sulphur_Dioxide_annual_mean_Web_Map_MIL1/MapServer/94,,RasterDataset,/UK Air - Modelled Background Pollution/UK Air MBP - Sulfur Dioxide (SO2) annual means,0,,Sulphur Dioxide annual mean (micrograms per cubic metre) 2016,[ModelledBackgroundPollution_Cells],True,True,False,,,,data,2
208701,,19b02f49960-layer-348,UK Air MBP - Sulfur Dioxide (SO2) annual means,ArcGISMapServiceLayer,b9187b3696f04f278485a344469ed3f5,https://nercdsh.dev.azure.manchester.ac.uk/server/rest/services/Sulphur_Dioxide_annual_mean_Web_Map_MIL1/MapServer/95,,RasterDataset,/UK Air - Modelled Background Pollution/UK Air MBP - Sulfur Dioxide (SO2) annual means,0,,Sulphur Dioxide annual mean (micrograms per cubic metre) 2015,[ModelledBackgroundPollution_Cells],True,True,False,,,,data,2
208801,,19b02f49960-layer-348,UK Air MBP - Sulfur Dioxide (SO2) annual means,ArcGISMapServiceLayer,b9187b3696f04f278485a344469ed3f5,https://nercdsh.dev.azure.manchester.ac.uk/server/rest/services/Sulphur_Dioxide_annual_mean_Web_Map_MIL1/MapServer/96,,RasterDataset,/UK Air - Modelled Background Pollution/UK Air MBP - Sulfur Dioxide (SO2) annual means,0,,Sulphur Dioxide annual mean (micrograms per cubic metre) 2014,[ModelledBackgroundPollution_Cells],True,True,False,,,,data,2
208901,,19b02f49960-layer-348,UK Air MBP - Sulfur Dioxide (SO2) annual means,ArcGISMapServiceLayer,b9187b3696f04f278485a344469ed3f5,https://nercdsh.dev.azure.manchester.ac.uk/server/rest/services/Sulphur_Dioxide_annual_mean_Web_Map_MIL1/MapServer/97,,RasterDataset,/UK Air - Modelled Background Pollution/UK Air MBP - Sulfur Dioxide (SO2) annual means,0,,Sulphur Dioxide annual mean (micrograms per cubic metre) 2013,[ModelledBackgroundPollution_Cells],True,True,False,,,,data,2
209001,,19b02f49960-layer-348,UK Air MBP - Sulfur Dioxide (SO2) annual means,ArcGISMapServiceLayer,b9187b3696f04f278485a344469ed3f5,https://nercdsh.dev.azure.manchester.ac.uk/server/rest/services/Sulphur_Dioxide_annual_mean_Web_Map_MIL1/MapServer/98,,RasterDataset,/UK Air - Modelled Background Pollution/UK Air MBP - Sulfur Dioxide (SO2) annual means,0,,Sulphur Dioxide annual mean (micrograms per cubic metre) 2012,[ModelledBackgroundPollution_Cells],True,True,False,,,,data,2
209101,,19b02f49960-layer-348,UK Air MBP - Sulfur Dioxide (SO2) annual means,ArcGISMapServiceLayer,b9187b3696f04f278485a344469ed3f5,https://nercdsh.dev.azure.manchester.ac.uk/server/rest/services/Sulphur_Dioxide_annual_mean_Web_Map_MIL1/MapServer/99,,RasterDataset,/UK Air - Modelled Background Pollution/UK Air MBP - Sulfur Dioxide (SO2) annual means,0,,Sulphur Dioxide annual mean (micrograms per cubic metre) 2011,[ModelledBackgroundPollution_Cells],True,True,False,,,,data,2
209201,,19b02f49960-layer-348,UK Air MBP - Sulfur Dioxide (SO2) annual means,ArcGISMapServiceLayer,b9187b3696f04f278485a344469ed3f5,https://nercdsh.dev.azure.manchester.ac.uk/server/rest/services/Sulphur_Dioxide_annual_mean_Web_Map_MIL1/MapServer/100,,RasterDataset,/UK Air - Modelled Background Pollution/UK Air MBP - Sulfur Dioxide (SO2) annual means,0,,Sulphur Dioxide annual mean (micrograms per cubic metre) 2010,[ModelledBackgroundPollution_Cells],True,True,False,,,,data,2
209301,,19b02d862f9-layer-275,Carbon Storage,ArcGISMapServiceLayer,f5c49ce4b3944d38a5c1aac78f0a87bf,https://nercdsh.dev.azure.manchester.ac.uk/server/rest/services/Carbon_Storage_Web_Map_2_MIL1/MapServer/15,,VectorDataset,/Carbon Raster Cells,0,objectid,OBJECTID,,False,True,False,,,,data,2
209401,,19b02d862f9-layer-275,Carbon Storage,ArcGISMapServiceLayer,f5c49ce4b3944d38a5c1aac78f0a87bf,https://nercdsh.dev.azure.manchester.ac.uk/server/rest/services/Carbon_Storage_Web_Map_2_MIL1/MapServer/15,,VectorDataset,/Carbon Raster Cells,0,gridcode,gridcode,,False,True,False,,,,data,2
209501,,19b02d862f9-layer-275,Carbon Storage,ArcGISMapServiceLayer,f5c49ce4b3944d38a5c1aac78f0a87bf,https://nercdsh.dev.azure.manchester.ac.uk/server/rest/services/Carbon_Storage_Web_Map_2_MIL1/MapServer/15,,VectorDataset,/Carbon Raster Cells,0,shape,Shape,,False,True,False,,,,data,2
209601,,19b02d862f9-layer-275,Carbon Storage,ArcGISMapServiceLayer,f5c49ce4b3944d38a5c1aac78f0a87bf,https://nercdsh.dev.azure.manchester.ac.uk/server/rest/services/Carbon_Storage_Web_Map_2_MIL1/MapServer/15,,VectorDataset,/Carbon Raster Cells,0,st_area(shape),st_area(shape),,False,True,False,,,,data,2
209701,,19b02d862f9-layer-275,Carbon Storage,ArcGISMapServiceLayer,f5c49ce4b3944d38a5c1aac78f0a87bf,https://nercdsh.dev.azure.manchester.ac.uk/server/rest/services/Carbon_Storage_Web_Map_2_MIL1/MapServer/15,,VectorDataset,/Carbon Raster Cells,0,st_perimeter(shape),st_perimeter(shape),,False,True,False,,,,data,2
209801,,19b02d862f9-layer-275,Carbon Storage,ArcGISMapServiceLayer,f5c49ce4b3944d38a5c1aac78f0a87bf,https://nercdsh.dev.azure.manchester.ac.uk/server/rest/services/Carbon_Storage_Web_Map_2_MIL1/MapServer/0,,RasterDataset,/Carbon Storage,0,,Carbon Storage - Correlation Coefficient Ensemble,[Carbon_Cells],True,True,False,,,https://nerc-digital-solutions-hub.github.io/dsh-metadata/UPRN/CEH/CarbonStorage/gmd/Carbon_CorCoefEnsemble.xml,data,2
209901,,19b02d862f9-layer-275,Carbon Storage,ArcGISMapServiceLayer,f5c49ce4b3944d38a5c1aac78f0a87bf,https://nercdsh.dev.azure.manchester.ac.uk/server/rest/services/Carbon_Storage_Web_Map_2_MIL1/MapServer/1,,RasterDataset,/Carbon Storage,0,,Carbon Storage - Deviance Weighted Ensemble,[Carbon_Cells],True,True,False,,,https://nerc-digital-solutions-hub.github.io/dsh-metadata/UPRN/CEH/CarbonStorage/gmd/Carbon_DevianceWeightedEnsemble.xml,data,2
210001,,19b02d862f9-layer-275,Carbon Storage,ArcGISMapServiceLayer,f5c49ce4b3944d38a5c1aac78f0a87bf,https://nercdsh.dev.azure.manchester.ac.uk/server/rest/services/Carbon_Storage_Web_Map_2_MIL1/MapServer/2,,RasterDataset,/Carbon Storage,0,,Carbon Storage - Down the Distinct Ensemble,[Carbon_Cells],True,True,False,,,https://nerc-digital-solutions-hub.github.io/dsh-metadata/UPRN/CEH/CarbonStorage/gmd/Carbon_DownDistinctEnsemble.xml,data,2
210101,,19b02d862f9-layer-275,Carbon Storage,ArcGISMapServiceLayer,f5c49ce4b3944d38a5c1aac78f0a87bf,https://nercdsh.dev.azure.manchester.ac.uk/server/rest/services/Carbon_Storage_Web_Map_2_MIL1/MapServer/3,,RasterDataset,/Carbon Storage,0,,Carbon Storage - Grain Size Ensemble,[Carbon_Cells],True,True,False,,,https://nerc-digital-solutions-hub.github.io/dsh-metadata/UPRN/CEH/CarbonStorage/gmd/Carbon_GrainSizeEnsemble.xml,data,2
210201,,19b02d862f9-layer-275,Carbon Storage,ArcGISMapServiceLayer,f5c49ce4b3944d38a5c1aac78f0a87bf,https://nercdsh.dev.azure.manchester.ac.uk/server/rest/services/Carbon_Storage_Web_Map_2_MIL1/MapServer/4,,RasterDataset,/Carbon Storage,0,,Carbon Storage - Leave-one-out Cross-validation Ensemble,[Carbon_Cells],True,True,False,,,https://nerc-digital-solutions-hub.github.io/dsh-metadata/UPRN/CEH/CarbonStorage/gmd/Carbon_LeaveOneOutEnsemble.xml,data,2
210301,,19b02d862f9-layer-275,Carbon Storage,ArcGISMapServiceLayer,f5c49ce4b3944d38a5c1aac78f0a87bf,https://nercdsh.dev.azure.manchester.ac.uk/server/rest/services/Carbon_Storage_Web_Map_2_MIL1/MapServer/5,,RasterDataset,/Carbon Storage,0,,Carbon Storage - Log-likelihood Regression Ensemble,[Carbon_Cells],True,True,False,,,https://nerc-digital-solutions-hub.github.io/dsh-metadata/UPRN/CEH/CarbonStorage/gmd/Carbon_LogLikeEnsemble.xml,data,2
210401,,19b02d862f9-layer-275,Carbon Storage,ArcGISMapServiceLayer,f5c49ce4b3944d38a5c1aac78f0a87bf,https://nercdsh.dev.azure.manchester.ac.uk/server/rest/services/Carbon_Storage_Web_Map_2_MIL1/MapServer/6,,RasterDataset,/Carbon Storage,0,,Carbon Storage - Mean Ensemble,[Carbon_Cells],True,True,False,,,https://nerc-digital-solutions-hub.github.io/dsh-metadata/UPRN/CEH/CarbonStorage/gmd/Carbon_MeanEnsemble.xml,data,2
210501,,19b02d862f9-layer-275,Carbon Storage,ArcGISMapServiceLayer,f5c49ce4b3944d38a5c1aac78f0a87bf,https://nercdsh.dev.azure.manchester.ac.uk/server/rest/services/Carbon_Storage_Web_Map_2_MIL1/MapServer/7,,RasterDataset,/Carbon Storage,0,,Carbon Storage - Median Ensemble,[Carbon_Cells],True,True,False,,,https://nerc-digital-solutions-hub.github.io/dsh-metadata/UPRN/CEH/CarbonStorage/gmd/Carbon_MedianEnsemble.xml,data,2
210601,,19b02d862f9-layer-275,Carbon Storage,ArcGISMapServiceLayer,f5c49ce4b3944d38a5c1aac78f0a87bf,https://nercdsh.dev.azure.manchester.ac.uk/server/rest/services/Carbon_Storage_Web_Map_2_MIL1/MapServer/8,,RasterDataset,/Carbon Storage,0,,Carbon Storage - PCA Ensemble,[Carbon_Cells],True,True,False,,,https://nerc-digital-solutions-hub.github.io/dsh-metadata/UPRN/CEH/CarbonStorage/gmd/Carbon_PCAEnsemble.xml,data,2
210701,,19b02d862f9-layer-275,Carbon Storage,ArcGISMapServiceLayer,f5c49ce4b3944d38a5c1aac78f0a87bf,https://nercdsh.dev.azure.manchester.ac.uk/server/rest/services/Carbon_Storage_Web_Map_2_MIL1/MapServer/9,,RasterDataset,/Carbon Storage,0,,Carbon Storage - Regression to the Median Ensemble,[Carbon_Cells],True,True,False,,,https://nerc-digital-solutions-hub.github.io/dsh-metadata/UPRN/CEH/CarbonStorage/gmd/Carbon_Regress2MedianEnsemble.xml,data,2
210801,,19b02d862f9-layer-275,Carbon Storage,ArcGISMapServiceLayer,f5c49ce4b3944d38a5c1aac78f0a87bf,https://nercdsh.dev.azure.manchester.ac.uk/server/rest/services/Carbon_Storage_Web_Map_2_MIL1/MapServer/10,,RasterDataset,/Carbon Storage,0,,Carbon Storage - RHO Weighted Ensembles,[Carbon_Cells],True,True,False,,,https://nerc-digital-solutions-hub.github.io/dsh-metadata/UPRN/CEH/CarbonStorage/gmd/Carbon_RhoWeightedEnsemble.xml,data,2
210901,,19b02d862f9-layer-275,Carbon Storage,ArcGISMapServiceLayer,f5c49ce4b3944d38a5c1aac78f0a87bf,https://nercdsh.dev.azure.manchester.ac.uk/server/rest/services/Carbon_Storage_Web_Map_2_MIL1/MapServer/11,,RasterDataset,/Carbon Storage,0,,Carbon Storage - Up the Distinct Ensemble,[Carbon_Cells],True,True,False,,,https://nerc-digital-solutions-hub.github.io/dsh-metadata/UPRN/CEH/CarbonStorage/gmd/Carbon_UpDistinctEnsemble.xml,data,2
211001,,19b02d862f9-layer-275,Carbon Storage,ArcGISMapServiceLayer,f5c49ce4b3944d38a5c1aac78f0a87bf,https://nercdsh.dev.azure.manchester.ac.uk/server/rest/services/Carbon_Storage_Web_Map_2_MIL1/MapServer/12,,RasterDataset,/Carbon Storage,0,,Carbon Storage - Standard Error of the Mean among Ensembles,[Carbon_Cells],True,True,False,,,https://nerc-digital-solutions-hub.github.io/dsh-metadata/UPRN/CEH/CarbonStorage/gmd/Carbon_SEMamongEnsembles.xml,data,2
211101,,19b02d862f9-layer-275,Carbon Storage,ArcGISMapServiceLayer,f5c49ce4b3944d38a5c1aac78f0a87bf,https://nercdsh.dev.azure.manchester.ac.uk/server/rest/services/Carbon_Storage_Web_Map_2_MIL1/MapServer/13,,RasterDataset,/Carbon Storage,0,,Carbon Storage - Standard Error of the Mean among Models,[Carbon_Cells],True,True,False,,,https://nerc-digital-solutions-hub.github.io/dsh-metadata/UPRN/CEH/CarbonStorage/gmd/Carbon_SEMamongModels.xml,data,2
211201,,19b02dc323e-layer-276,Ellenberg Vegetation Indicators,ArcGISMapServiceLayer,e23adb6b5e594439bc0736f165cffa65,https://nercdsh.dev.azure.manchester.ac.uk/server/rest/services/Ellenberg_Vegetation_Indicators_Web_Map_2_MIL1/MapServer/0,,VectorDataset,/EVI Raster Cells,0,objectid,OBJECTID,,False,True,False,,,,data,2
211301,,19b02dc323e-layer-276,Ellenberg Vegetation Indicators,ArcGISMapServiceLayer,e23adb6b5e594439bc0736f165cffa65,https://nercdsh.dev.azure.manchester.ac.uk/server/rest/services/Ellenberg_Vegetation_Indicators_Web_Map_2_MIL1/MapServer/0,,VectorDataset,/EVI Raster Cells,0,gridcode,gridcode,,False,True,False,,,,data,2
211401,,19b02dc323e-layer-276,Ellenberg Vegetation Indicators,ArcGISMapServiceLayer,e23adb6b5e594439bc0736f165cffa65,https://nercdsh.dev.azure.manchester.ac.uk/server/rest/services/Ellenberg_Vegetation_Indicators_Web_Map_2_MIL1/MapServer/0,,VectorDataset,/EVI Raster Cells,0,shape,Shape,,False,True,False,,,,data,2
211501,,19b02dc323e-layer-276,Ellenberg Vegetation Indicators,ArcGISMapServiceLayer,e23adb6b5e594439bc0736f165cffa65,https://nercdsh.dev.azure.manchester.ac.uk/server/rest/services/Ellenberg_Vegetation_Indicators_Web_Map_2_MIL1/MapServer/0,,VectorDataset,/EVI Raster Cells,0,st_area(shape),st_area(shape),,False,True,False,,,,data,2
211601,,19b02dc323e-layer-276,Ellenberg Vegetation Indicators,ArcGISMapServiceLayer,e23adb6b5e594439bc0736f165cffa65,https://nercdsh.dev.azure.manchester.ac.uk/server/rest/services/Ellenberg_Vegetation_Indicators_Web_Map_2_MIL1/MapServer/0,,VectorDataset,/EVI Raster Cells,0,st_perimeter(shape),st_perimeter(shape),,False,True,False,,,,data,2
211701,,19b02dc323e-layer-276,Ellenberg Vegetation Indicators,ArcGISMapServiceLayer,e23adb6b5e594439bc0736f165cffa65,https://nercdsh.dev.azure.manchester.ac.uk/server/rest/services/Ellenberg_Vegetation_Indicators_Web_Map_2_MIL1/MapServer/1,,RasterDataset,/Ellenberg Vegetation Indicators,0,,Ellenberg Vegetation Indicators - Difference in Non Cover-Weighted Soil Reactivity Indicators between 1990 and the 2015-2019 period,[EVI_Cells],True,True,False,,,https://nerc-digital-solutions-hub.github.io/dsh-metadata/UPRN/CEH/EllenbergVegetationIndicators/gmd/ebergr_site_difference__EPSG_27700.xml,data,2
211801,,19b02dc323e-layer-276,Ellenberg Vegetation Indicators,ArcGISMapServiceLayer,e23adb6b5e594439bc0736f165cffa65,https://nercdsh.dev.azure.manchester.ac.uk/server/rest/services/Ellenberg_Vegetation_Indicators_Web_Map_2_MIL1/MapServer/2,,RasterDataset,/Ellenberg Vegetation Indicators,0,,Ellenberg Vegetation Indicators - Non Cover-Weighted Soil Reactivity Indicator for 1990,[EVI_Cells],True,True,False,,,https://nerc-digital-solutions-hub.github.io/dsh-metadata/UPRN/CEH/EllenbergVegetationIndicators/gmd/ebergr_site_90__EPSG_27700.xml,data,2
211901,,19b02dc323e-layer-276,Ellenberg Vegetation Indicators,ArcGISMapServiceLayer,e23adb6b5e594439bc0736f165cffa65,https://nercdsh.dev.azure.manchester.ac.uk/server/rest/services/Ellenberg_Vegetation_Indicators_Web_Map_2_MIL1/MapServer/3,,RasterDataset,/Ellenberg Vegetation Indicators,0,,Ellenberg Vegetation Indicators - Non Cover-Weighted Soil Reactivity Indicator for the 2015-2019 period,[EVI_Cells],True,True,False,,,https://nerc-digital-solutions-hub.github.io/dsh-metadata/UPRN/CEH/EllenbergVegetationIndicators/gmd/ebergr_site_15_19__EPSG_27700.xml,data,2
212001,,19b02dc323e-layer-276,Ellenberg Vegetation Indicators,ArcGISMapServiceLayer,e23adb6b5e594439bc0736f165cffa65,https://nercdsh.dev.azure.manchester.ac.uk/server/rest/services/Ellenberg_Vegetation_Indicators_Web_Map_2_MIL1/MapServer/4,,RasterDataset,/Ellenberg Vegetation Indicators,0,,Ellenberg Vegetation Indicators - Difference in Cover-Weighted Soil Reactivity Indicators between 1990 and the 2015-2019 period,[EVI_Cells],True,True,False,,,https://nerc-digital-solutions-hub.github.io/dsh-metadata/UPRN/CEH/EllenbergVegetationIndicators/gmd/ebergr_cwt_difference__EPSG_27700.xml,data,2
212101,,19b02dc323e-layer-276,Ellenberg Vegetation Indicators,ArcGISMapServiceLayer,e23adb6b5e594439bc0736f165cffa65,https://nercdsh.dev.azure.manchester.ac.uk/server/rest/services/Ellenberg_Vegetation_Indicators_Web_Map_2_MIL1/MapServer/5,,RasterDataset,/Ellenberg Vegetation Indicators,0,,Ellenberg Vegetation Indicators - Cover-Weighted Soil Reactivity Indicator for 1990,[EVI_Cells],True,True,False,,,https://nerc-digital-solutions-hub.github.io/dsh-metadata/UPRN/CEH/EllenbergVegetationIndicators/gmd/ebergr_cwt_90__EPSG_27700.xml,data,2
212201,,19b02dc323e-layer-276,Ellenberg Vegetation Indicators,ArcGISMapServiceLayer,e23adb6b5e594439bc0736f165cffa65,https://nercdsh.dev.azure.manchester.ac.uk/server/rest/services/Ellenberg_Vegetation_Indicators_Web_Map_2_MIL1/MapServer/6,,RasterDataset,/Ellenberg Vegetation Indicators,0,,Ellenberg Vegetation Indicators - Cover-Weighted Soil Reactivity Indicator for the 2015-2019 period,[EVI_Cells],True,True,False,,,https://nerc-digital-solutions-hub.github.io/dsh-metadata/UPRN/CEH/EllenbergVegetationIndicators/gmd/ebergr_cwt_15_19__EPSG_27700.xml,data,2
212301,,19b02dc323e-layer-276,Ellenberg Vegetation Indicators,ArcGISMapServiceLayer,e23adb6b5e594439bc0736f165cffa65,https://nercdsh.dev.azure.manchester.ac.uk/server/rest/services/Ellenberg_Vegetation_Indicators_Web_Map_2_MIL1/MapServer/7,,RasterDataset,/Ellenberg Vegetation Indicators,0,,Ellenberg Vegetation Indicators - Difference in Non Cover-Weighted Soil Fertility Indicators between 1990 and the 2015-2019 period,[EVI_Cells],True,True,False,,,https://nerc-digital-solutions-hub.github.io/dsh-metadata/UPRN/CEH/EllenbergVegetationIndicators/gmd/ebergn_site_difference__EPSG_27700.xml,data,2
212401,,19b02dc323e-layer-276,Ellenberg Vegetation Indicators,ArcGISMapServiceLayer,e23adb6b5e594439bc0736f165cffa65,https://nercdsh.dev.azure.manchester.ac.uk/server/rest/services/Ellenberg_Vegetation_Indicators_Web_Map_2_MIL1/MapServer/8,,RasterDataset,/Ellenberg Vegetation Indicators,0,,Ellenberg Vegetation Indicators - Non Cover-Weighted Soil Fertility Indicator for 1990,[EVI_Cells],True,True,False,,,https://nerc-digital-solutions-hub.github.io/dsh-metadata/UPRN/CEH/EllenbergVegetationIndicators/gmd/ebergn_site_90__EPSG_27700.xml,data,2
212501,,19b02dc323e-layer-276,Ellenberg Vegetation Indicators,ArcGISMapServiceLayer,e23adb6b5e594439bc0736f165cffa65,https://nercdsh.dev.azure.manchester.ac.uk/server/rest/services/Ellenberg_Vegetation_Indicators_Web_Map_2_MIL1/MapServer/9,,RasterDataset,/Ellenberg Vegetation Indicators,0,,Ellenberg Vegetation Indicators - Non Cover-Weighted Soil Fertility Indicator for the 2015-2019 period,[EVI_Cells],True,True,False,,,https://nerc-digital-solutions-hub.github.io/dsh-metadata/UPRN/CEH/EllenbergVegetationIndicators/gmd/ebergn_site_15_19__EPSG_27700.xml,data,2
212601,,19b02dc323e-layer-276,Ellenberg Vegetation Indicators,ArcGISMapServiceLayer,e23adb6b5e594439bc0736f165cffa65,https://nercdsh.dev.azure.manchester.ac.uk/server/rest/services/Ellenberg_Vegetation_Indicators_Web_Map_2_MIL1/MapServer/10,,RasterDataset,/Ellenberg Vegetation Indicators,0,,Ellenberg Vegetation Indicators - Difference in Cover-Weighted Soil Fertility Indicators between 1990 Model and the 2015-2019 period,[EVI_Cells],True,True,False,,,https://nerc-digital-solutions-hub.github.io/dsh-metadata/UPRN/CEH/EllenbergVegetationIndicators/gmd/ebergn_cwt_difference__EPSG_27700.xml,data,2
212701,,19b02dc323e-layer-276,Ellenberg Vegetation Indicators,ArcGISMapServiceLayer,e23adb6b5e594439bc0736f165cffa65,https://nercdsh.dev.azure.manchester.ac.uk/server/rest/services/Ellenberg_Vegetation_Indicators_Web_Map_2_MIL1/MapServer/11,,RasterDataset,/Ellenberg Vegetation Indicators,0,,Ellenberg Vegetation Indicators - Cover-Weighted Soil Fertility Indicator for 1990,[EVI_Cells],True,True,False,,,https://nerc-digital-solutions-hub.github.io/dsh-metadata/UPRN/CEH/EllenbergVegetationIndicators/gmd/ebergn_cwt_90__EPSG_27700.xml,data,2
212801,,19b02dc323e-layer-276,Ellenberg Vegetation Indicators,ArcGISMapServiceLayer,e23adb6b5e594439bc0736f165cffa65,https://nercdsh.dev.azure.manchester.ac.uk/server/rest/services/Ellenberg_Vegetation_Indicators_Web_Map_2_MIL1/MapServer/12,,RasterDataset,/Ellenberg Vegetation Indicators,0,,Ellenberg Vegetation Indicators - Cover-Weighted Soil Fertility Indicator for the 2015-2019 period,[EVI_Cells],True,True,False,,,https://nerc-digital-solutions-hub.github.io/dsh-metadata/UPRN/CEH/EllenbergVegetationIndicators/gmd/ebergn_cwt_15_19__EPSG_27700.xml,data,2
212901,,19b02dc323e-layer-276,Ellenberg Vegetation Indicators,ArcGISMapServiceLayer,e23adb6b5e594439bc0736f165cffa65,https://nercdsh.dev.azure.manchester.ac.uk/server/rest/services/Ellenberg_Vegetation_Indicators_Web_Map_2_MIL1/MapServer/13,,RasterDataset,/Ellenberg Vegetation Indicators,0,,Ellenberg Vegetation Indicators - Difference in Non Cover-Weighted Light Availability Indicators between 1990 and the 2015-2019 period,[EVI_Cells],True,True,False,,,https://nerc-digital-solutions-hub.github.io/dsh-metadata/UPRN/CEH/EllenbergVegetationIndicators/gmd/ebergl_site_difference__EPSG_27700.xml,data,2
213001,,19b02dc323e-layer-276,Ellenberg Vegetation Indicators,ArcGISMapServiceLayer,e23adb6b5e594439bc0736f165cffa65,https://nercdsh.dev.azure.manchester.ac.uk/server/rest/services/Ellenberg_Vegetation_Indicators_Web_Map_2_MIL1/MapServer/14,,RasterDataset,/Ellenberg Vegetation Indicators,0,,Ellenberg Vegetation Indicators - Non Cover-Weighted Light Availability Indicator for 1990,[EVI_Cells],True,True,False,,,https://nerc-digital-solutions-hub.github.io/dsh-metadata/UPRN/CEH/EllenbergVegetationIndicators/gmd/ebergl_site_90__EPSG_27700.xml,data,2
213101,,19b02dc323e-layer-276,Ellenberg Vegetation Indicators,ArcGISMapServiceLayer,e23adb6b5e594439bc0736f165cffa65,https://nercdsh.dev.azure.manchester.ac.uk/server/rest/services/Ellenberg_Vegetation_Indicators_Web_Map_2_MIL1/MapServer/15,,RasterDataset,/Ellenberg Vegetation Indicators,0,,Ellenberg Vegetation Indicators - Non Cover-Weighted Light Availability Indicator for the 2015-2019 period,[EVI_Cells],True,True,False,,,https://nerc-digital-solutions-hub.github.io/dsh-metadata/UPRN/CEH/EllenbergVegetationIndicators/gmd/ebergl_site_15_19__EPSG_27700.xml,data,2
213201,,19b02dc323e-layer-276,Ellenberg Vegetation Indicators,ArcGISMapServiceLayer,e23adb6b5e594439bc0736f165cffa65,https://nercdsh.dev.azure.manchester.ac.uk/server/rest/services/Ellenberg_Vegetation_Indicators_Web_Map_2_MIL1/MapServer/16,,RasterDataset,/Ellenberg Vegetation Indicators,0,,Ellenberg Vegetation Indicators - Difference in Cover-Weighted Light Availability Indicators between 1990 and the 2015-2019 period,[EVI_Cells],True,True,False,,,https://nerc-digital-solutions-hub.github.io/dsh-metadata/UPRN/CEH/EllenbergVegetationIndicators/gmd/ebergl_cwt_difference__EPSG_27700.xml,data,2
213301,,19b02dc323e-layer-276,Ellenberg Vegetation Indicators,ArcGISMapServiceLayer,e23adb6b5e594439bc0736f165cffa65,https://nercdsh.dev.azure.manchester.ac.uk/server/rest/services/Ellenberg_Vegetation_Indicators_Web_Map_2_MIL1/MapServer/17,,RasterDataset,/Ellenberg Vegetation Indicators,0,,Ellenberg Vegetation Indicators - Cover-Weighted Light Availability Indicator for 1990,[EVI_Cells],True,True,False,,,https://nerc-digital-solutions-hub.github.io/dsh-metadata/UPRN/CEH/EllenbergVegetationIndicators/gmd/ebergl_cwt_90__EPSG_27700.xml,data,2
213401,,19b02dc323e-layer-276,Ellenberg Vegetation Indicators,ArcGISMapServiceLayer,e23adb6b5e594439bc0736f165cffa65,https://nercdsh.dev.azure.manchester.ac.uk/server/rest/services/Ellenberg_Vegetation_Indicators_Web_Map_2_MIL1/MapServer/18,,RasterDataset,/Ellenberg Vegetation Indicators,0,,Ellenberg Vegetation Indicators - Cover-Weighted Light Availability Indicator for the 2015-2019 period,[EVI_Cells],True,True,False,,,https://nerc-digital-solutions-hub.github.io/dsh-metadata/UPRN/CEH/EllenbergVegetationIndicators/gmd/ebergl_cwt_15_19__EPSG_27700.xml,data,2
213501,,19b02dc323e-layer-276,Ellenberg Vegetation Indicators,ArcGISMapServiceLayer,e23adb6b5e594439bc0736f165cffa65,https://nercdsh.dev.azure.manchester.ac.uk/server/rest/services/Ellenberg_Vegetation_Indicators_Web_Map_2_MIL1/MapServer/19,,RasterDataset,/Ellenberg Vegetation Indicators,0,,Ellenberg Vegetation Indicators - Difference in Non Cover-Weighted Soil Moisture Indicators between 1990 and the 2015-2019 period,[EVI_Cells],True,True,False,,,https://nerc-digital-solutions-hub.github.io/dsh-metadata/UPRN/CEH/EllenbergVegetationIndicators/gmd/ebergf_site_difference__EPSG_27700.xml,data,2
213601,,19b02dc323e-layer-276,Ellenberg Vegetation Indicators,ArcGISMapServiceLayer,e23adb6b5e594439bc0736f165cffa65,https://nercdsh.dev.azure.manchester.ac.uk/server/rest/services/Ellenberg_Vegetation_Indicators_Web_Map_2_MIL1/MapServer/20,,RasterDataset,/Ellenberg Vegetation Indicators,0,,Ellenberg Vegetation Indicators - Non Cover-Weighted Soil Moisture Indicator for 1990,[EVI_Cells],True,True,False,,,https://nerc-digital-solutions-hub.github.io/dsh-metadata/UPRN/CEH/EllenbergVegetationIndicators/gmd/ebergf_site_90__EPSG_27700.xml,data,2
213701,,19b02dc323e-layer-276,Ellenberg Vegetation Indicators,ArcGISMapServiceLayer,e23adb6b5e594439bc0736f165cffa65,https://nercdsh.dev.azure.manchester.ac.uk/server/rest/services/Ellenberg_Vegetation_Indicators_Web_Map_2_MIL1/MapServer/21,,RasterDataset,/Ellenberg Vegetation Indicators,0,,Ellenberg Vegetation Indicators - Non Cover-Weighted Soil Moisture Indicator for the 2015-2019 period,[EVI_Cells],True,True,False,,,https://nerc-digital-solutions-hub.github.io/dsh-metadata/UPRN/CEH/EllenbergVegetationIndicators/gmd/ebergf_site_15_19__EPSG_27700.xml,data,2
213801,,19b02dc323e-layer-276,Ellenberg Vegetation Indicators,ArcGISMapServiceLayer,e23adb6b5e594439bc0736f165cffa65,https://nercdsh.dev.azure.manchester.ac.uk/server/rest/services/Ellenberg_Vegetation_Indicators_Web_Map_2_MIL1/MapServer/22,,RasterDataset,/Ellenberg Vegetation Indicators,0,,Ellenberg Vegetation Indicators - Difference in Cover-Weighted Soil Moisture Indicators between 1990 and the 2015-2019 period,[EVI_Cells],True,True,False,,,https://nerc-digital-solutions-hub.github.io/dsh-metadata/UPRN/CEH/EllenbergVegetationIndicators/gmd/ebergf_cwt_difference__EPSG_27700.xml,data,2
213901,,19b02dc323e-layer-276,Ellenberg Vegetation Indicators,ArcGISMapServiceLayer,e23adb6b5e594439bc0736f165cffa65,https://nercdsh.dev.azure.manchester.ac.uk/server/rest/services/Ellenberg_Vegetation_Indicators_Web_Map_2_MIL1/MapServer/23,,RasterDataset,/Ellenberg Vegetation Indicators,0,,Ellenberg Vegetation Indicators - Cover-Weighted Soil Moisture Indicator for 1990,[EVI_Cells],True,True,False,,,https://nerc-digital-solutions-hub.github.io/dsh-metadata/UPRN/CEH/EllenbergVegetationIndicators/gmd/ebergf_cwt_90__EPSG_27700.xml,data,2
214001,,19b02dc323e-layer-276,Ellenberg Vegetation Indicators,ArcGISMapServiceLayer,e23adb6b5e594439bc0736f165cffa65,https://nercdsh.dev.azure.manchester.ac.uk/server/rest/services/Ellenberg_Vegetation_Indicators_Web_Map_2_MIL1/MapServer/24,,RasterDataset,/Ellenberg Vegetation Indicators,0,,Ellenberg Vegetation Indicators - Cover-Weighted Soil Moisture Indicator for the 2015-2019 period,[EVI_Cells],True,True,False,,,https://nerc-digital-solutions-hub.github.io/dsh-metadata/UPRN/CEH/EllenbergVegetationIndicators/gmd/ebergf_cwt_15_19__EPSG_27700.xml,data,2
214101,,19b03ed6f6e-layer-94,Air Quality Index - Nitrogen Dioxide (NO2) (Daily Measurements) (Surface Level) annual means,ArcGISMapServiceLayer,751344cf58fd406db4dbc1d9808a4f0a,https://nercdsh.dev.azure.manchester.ac.uk/server/rest/services/Surface_Level___aqi_NO2_2003_to_2019_am_MIL1/MapServer/0,,RasterDataset,/AQREAN Surface Level/Air Quality Index - Nitrogen Dioxide (NO2) (Daily Measurements) (Surface Level) annual means,0,,Air Quality Index - NO2 (Daily Measurements) (Surface Level) 2019 annual mean,[AQREAN_Cells],True,True,False,,,https://nerc-digital-solutions-hub.github.io/dsh-metadata/UPRN/MetOffice/DSH/Annual/SL/daily_aqi_nitrogen_dioxide/2019.xml,data,2
214201,,19b03ed6f6e-layer-94,Air Quality Index - Nitrogen Dioxide (NO2) (Daily Measurements) (Surface Level) annual means,ArcGISMapServiceLayer,751344cf58fd406db4dbc1d9808a4f0a,https://nercdsh.dev.azure.manchester.ac.uk/server/rest/services/Surface_Level___aqi_NO2_2003_to_2019_am_MIL1/MapServer/1,,RasterDataset,/AQREAN Surface Level/Air Quality Index - Nitrogen Dioxide (NO2) (Daily Measurements) (Surface Level) annual means,0,,Air Quality Index - NO2 (Daily Measurements) (Surface Level) 2018 annual mean,[AQREAN_Cells],True,True,False,,,https://nerc-digital-solutions-hub.github.io/dsh-metadata/UPRN/MetOffice/DSH/Annual/SL/daily_aqi_nitrogen_dioxide/2018.xml,data,2
214301,,19b03ed6f6e-layer-94,Air Quality Index - Nitrogen Dioxide (NO2) (Daily Measurements) (Surface Level) annual means,ArcGISMapServiceLayer,751344cf58fd406db4dbc1d9808a4f0a,https://nercdsh.dev.azure.manchester.ac.uk/server/rest/services/Surface_Level___aqi_NO2_2003_to_2019_am_MIL1/MapServer/2,,RasterDataset,/AQREAN Surface Level/Air Quality Index - Nitrogen Dioxide (NO2) (Daily Measurements) (Surface Level) annual means,0,,Air Quality Index - NO2 (Daily Measurements) (Surface Level) 2017 annual mean,[AQREAN_Cells],True,True,False,,,https://nerc-digital-solutions-hub.github.io/dsh-metadata/UPRN/MetOffice/DSH/Annual/SL/daily_aqi_nitrogen_dioxide/2017.xml,data,2
214401,,19b03ed6f6e-layer-94,Air Quality Index - Nitrogen Dioxide (NO2) (Daily Measurements) (Surface Level) annual means,ArcGISMapServiceLayer,751344cf58fd406db4dbc1d9808a4f0a,https://nercdsh.dev.azure.manchester.ac.uk/server/rest/services/Surface_Level___aqi_NO2_2003_to_2019_am_MIL1/MapServer/3,,RasterDataset,/AQREAN Surface Level/Air Quality Index - Nitrogen Dioxide (NO2) (Daily Measurements) (Surface Level) annual means,0,,Air Quality Index - NO2 (Daily Measurements) (Surface Level) 2016 annual mean,[AQREAN_Cells],True,True,False,,,https://nerc-digital-solutions-hub.github.io/dsh-metadata/UPRN/MetOffice/DSH/Annual/SL/daily_aqi_nitrogen_dioxide/2016.xml,data,2
214501,,19b03ed6f6e-layer-94,Air Quality Index - Nitrogen Dioxide (NO2) (Daily Measurements) (Surface Level) annual means,ArcGISMapServiceLayer,751344cf58fd406db4dbc1d9808a4f0a,https://nercdsh.dev.azure.manchester.ac.uk/server/rest/services/Surface_Level___aqi_NO2_2003_to_2019_am_MIL1/MapServer/4,,RasterDataset,/AQREAN Surface Level/Air Quality Index - Nitrogen Dioxide (NO2) (Daily Measurements) (Surface Level) annual means,0,,Air Quality Index - NO2 (Daily Measurements) (Surface Level) 2015 annual mean,[AQREAN_Cells],True,True,False,,,https://nerc-digital-solutions-hub.github.io/dsh-metadata/UPRN/MetOffice/DSH/Annual/SL/daily_aqi_nitrogen_dioxide/2015.xml,data,2
214601,,19b03ed6f6e-layer-94,Air Quality Index - Nitrogen Dioxide (NO2) (Daily Measurements) (Surface Level) annual means,ArcGISMapServiceLayer,751344cf58fd406db4dbc1d9808a4f0a,https://nercdsh.dev.azure.manchester.ac.uk/server/rest/services/Surface_Level___aqi_NO2_2003_to_2019_am_MIL1/MapServer/5,,RasterDataset,/AQREAN Surface Level/Air Quality Index - Nitrogen Dioxide (NO2) (Daily Measurements) (Surface Level) annual means,0,,Air Quality Index - NO2 (Daily Measurements) (Surface Level) 2014 annual mean,[AQREAN_Cells],True,True,False,,,https://nerc-digital-solutions-hub.github.io/dsh-metadata/UPRN/MetOffice/DSH/Annual/SL/daily_aqi_nitrogen_dioxide/2014.xml,data,2
214701,,19b03ed6f6e-layer-94,Air Quality Index - Nitrogen Dioxide (NO2) (Daily Measurements) (Surface Level) annual means,ArcGISMapServiceLayer,751344cf58fd406db4dbc1d9808a4f0a,https://nercdsh.dev.azure.manchester.ac.uk/server/rest/services/Surface_Level___aqi_NO2_2003_to_2019_am_MIL1/MapServer/6,,RasterDataset,/AQREAN Surface Level/Air Quality Index - Nitrogen Dioxide (NO2) (Daily Measurements) (Surface Level) annual means,0,,Air Quality Index - NO2 (Daily Measurements) (Surface Level) 2012 annual mean,[AQREAN_Cells],True,True,False,,,https://nerc-digital-solutions-hub.github.io/dsh-metadata/UPRN/MetOffice/DSH/Annual/SL/daily_aqi_nitrogen_dioxide/2012.xml,data,2
214801,,19b03ed6f6e-layer-94,Air Quality Index - Nitrogen Dioxide (NO2) (Daily Measurements) (Surface Level) annual means,ArcGISMapServiceLayer,751344cf58fd406db4dbc1d9808a4f0a,https://nercdsh.dev.azure.manchester.ac.uk/server/rest/services/Surface_Level___aqi_NO2_2003_to_2019_am_MIL1/MapServer/7,,RasterDataset,/AQREAN Surface Level/Air Quality Index - Nitrogen Dioxide (NO2) (Daily Measurements) (Surface Level) annual means,0,,Air Quality Index - NO2 (Daily Measurements) (Surface Level) 2011 annual mean,[AQREAN_Cells],True,True,False,,,https://nerc-digital-solutions-hub.github.io/dsh-metadata/UPRN/MetOffice/DSH/Annual/SL/daily_aqi_nitrogen_dioxide/2011.xml,data,2
214901,,19b03ed6f6e-layer-94,Air Quality Index - Nitrogen Dioxide (NO2) (Daily Measurements) (Surface Level) annual means,ArcGISMapServiceLayer,751344cf58fd406db4dbc1d9808a4f0a,https://nercdsh.dev.azure.manchester.ac.uk/server/rest/services/Surface_Level___aqi_NO2_2003_to_2019_am_MIL1/MapServer/8,,RasterDataset,/AQREAN Surface Level/Air Quality Index - Nitrogen Dioxide (NO2) (Daily Measurements) (Surface Level) annual means,0,,Air Quality Index - NO2 (Daily Measurements) (Surface Level) 2010 annual mean,[AQREAN_Cells],True,True,False,,,https://nerc-digital-solutions-hub.github.io/dsh-metadata/UPRN/MetOffice/DSH/Annual/SL/daily_aqi_nitrogen_dioxide/2010.xml,data,2
215001,,19b03ed6f6e-layer-94,Air Quality Index - Nitrogen Dioxide (NO2) (Daily Measurements) (Surface Level) annual means,ArcGISMapServiceLayer,751344cf58fd406db4dbc1d9808a4f0a,https://nercdsh.dev.azure.manchester.ac.uk/server/rest/services/Surface_Level___aqi_NO2_2003_to_2019_am_MIL1/MapServer/9,,RasterDataset,/AQREAN Surface Level/Air Quality Index - Nitrogen Dioxide (NO2) (Daily Measurements) (Surface Level) annual means,0,,Air Quality Index - NO2 (Daily Measurements) (Surface Level) 2009 annual mean,[AQREAN_Cells],True,True,False,,,https://nerc-digital-solutions-hub.github.io/dsh-metadata/UPRN/MetOffice/DSH/Annual/SL/daily_aqi_nitrogen_dioxide/2009.xml,data,2
215101,,19b03ed6f6e-layer-94,Air Quality Index - Nitrogen Dioxide (NO2) (Daily Measurements) (Surface Level) annual means,ArcGISMapServiceLayer,751344cf58fd406db4dbc1d9808a4f0a,https://nercdsh.dev.azure.manchester.ac.uk/server/rest/services/Surface_Level___aqi_NO2_2003_to_2019_am_MIL1/MapServer/10,,RasterDataset,/AQREAN Surface Level/Air Quality Index - Nitrogen Dioxide (NO2) (Daily Measurements) (Surface Level) annual means,0,,Air Quality Index - NO2 (Daily Measurements) (Surface Level) 2008 annual mean,[AQREAN_Cells],True,True,False,,,https://nerc-digital-solutions-hub.github.io/dsh-metadata/UPRN/MetOffice/DSH/Annual/SL/daily_aqi_nitrogen_dioxide/2008.xml,data,2
215201,,19b03ed6f6e-layer-94,Air Quality Index - Nitrogen Dioxide (NO2) (Daily Measurements) (Surface Level) annual means,ArcGISMapServiceLayer,751344cf58fd406db4dbc1d9808a4f0a,https://nercdsh.dev.azure.manchester.ac.uk/server/rest/services/Surface_Level___aqi_NO2_2003_to_2019_am_MIL1/MapServer/11,,RasterDataset,/AQREAN Surface Level/Air Quality Index - Nitrogen Dioxide (NO2) (Daily Measurements) (Surface Level) annual means,0,,Air Quality Index - NO2 (Daily Measurements) (Surface Level) 2007 annual mean,[AQREAN_Cells],True,True,False,,,https://nerc-digital-solutions-hub.github.io/dsh-metadata/UPRN/MetOffice/DSH/Annual/SL/daily_aqi_nitrogen_dioxide/2007.xml,data,2
215301,,19b03ed6f6e-layer-94,Air Quality Index - Nitrogen Dioxide (NO2) (Daily Measurements) (Surface Level) annual means,ArcGISMapServiceLayer,751344cf58fd406db4dbc1d9808a4f0a,https://nercdsh.dev.azure.manchester.ac.uk/server/rest/services/Surface_Level___aqi_NO2_2003_to_2019_am_MIL1/MapServer/12,,RasterDataset,/AQREAN Surface Level/Air Quality Index - Nitrogen Dioxide (NO2) (Daily Measurements) (Surface Level) annual means,0,,Air Quality Index - NO2 (Daily Measurements) (Surface Level) 2006 annual mean,[AQREAN_Cells],True,True,False,,,https://nerc-digital-solutions-hub.github.io/dsh-metadata/UPRN/MetOffice/DSH/Annual/SL/daily_aqi_nitrogen_dioxide/2006.xml,data,2
215401,,19b03ed6f6e-layer-94,Air Quality Index - Nitrogen Dioxide (NO2) (Daily Measurements) (Surface Level) annual means,ArcGISMapServiceLayer,751344cf58fd406db4dbc1d9808a4f0a,https://nercdsh.dev.azure.manchester.ac.uk/server/rest/services/Surface_Level___aqi_NO2_2003_to_2019_am_MIL1/MapServer/13,,RasterDataset,/AQREAN Surface Level/Air Quality Index - Nitrogen Dioxide (NO2) (Daily Measurements) (Surface Level) annual means,0,,Air Quality Index - NO2 (Daily Measurements) (Surface Level) 2005 annual mean,[AQREAN_Cells],True,True,False,,,https://nerc-digital-solutions-hub.github.io/dsh-metadata/UPRN/MetOffice/DSH/Annual/SL/daily_aqi_nitrogen_dioxide/2005.xml,data,2
215501,,19b03ed6f6e-layer-94,Air Quality Index - Nitrogen Dioxide (NO2) (Daily Measurements) (Surface Level) annual means,ArcGISMapServiceLayer,751344cf58fd406db4dbc1d9808a4f0a,https://nercdsh.dev.azure.manchester.ac.uk/server/rest/services/Surface_Level___aqi_NO2_2003_to_2019_am_MIL1/MapServer/14,,RasterDataset,/AQREAN Surface Level/Air Quality Index - Nitrogen Dioxide (NO2) (Daily Measurements) (Surface Level) annual means,0,,Air Quality Index - NO2 (Daily Measurements) (Surface Level) 2004 annual mean,[AQREAN_Cells],True,True,False,,,https://nerc-digital-solutions-hub.github.io/dsh-metadata/UPRN/MetOffice/DSH/Annual/SL/daily_aqi_nitrogen_dioxide/2004.xml,data,2
215601,,19b03ed6f6e-layer-94,Air Quality Index - Nitrogen Dioxide (NO2) (Daily Measurements) (Surface Level) annual means,ArcGISMapServiceLayer,751344cf58fd406db4dbc1d9808a4f0a,https://nercdsh.dev.azure.manchester.ac.uk/server/rest/services/Surface_Level___aqi_NO2_2003_to_2019_am_MIL1/MapServer/15,,RasterDataset,/AQREAN Surface Level/Air Quality Index - Nitrogen Dioxide (NO2) (Daily Measurements) (Surface Level) annual means,0,,Air Quality Index - NO2 (Daily Measurements) (Surface Level) 2003 annual mean,[AQREAN_Cells],True,True,False,,,https://nerc-digital-solutions-hub.github.io/dsh-metadata/UPRN/MetOffice/DSH/Annual/SL/daily_aqi_nitrogen_dioxide/2003.xml,data,2
215701,,19b03ecf7fb-layer-93,Air Quality Index - PM2.5 Dry Aerosol (Daily Measurements) (Surface Level) annual means,ArcGISMapServiceLayer,4f79cb113aaf4bd09bdcc8a5d51cb723,https://nercdsh.dev.azure.manchester.ac.uk/server/rest/services/Surface_Level___aqi_PM2p5_2003_to_2019_MIL1/MapServer/0,,RasterDataset,/AQREAN Surface Level/Air Quality Index - PM2.5 Dry Aerosol (Daily Measurements) (Surface Level) annual means,0,,Air Quality Index - PM2.5 Dry Aerosol (Daily Measurements) (Surface Level) 2019 annual mean,[AQREAN_Cells],True,True,False,,,,data,2
215801,,19b03ecf7fb-layer-93,Air Quality Index - PM2.5 Dry Aerosol (Daily Measurements) (Surface Level) annual means,ArcGISMapServiceLayer,4f79cb113aaf4bd09bdcc8a5d51cb723,https://nercdsh.dev.azure.manchester.ac.uk/server/rest/services/Surface_Level___aqi_PM2p5_2003_to_2019_MIL1/MapServer/1,,RasterDataset,/AQREAN Surface Level/Air Quality Index - PM2.5 Dry Aerosol (Daily Measurements) (Surface Level) annual means,0,,Air Quality Index - PM2.5 Dry Aerosol (Daily Measurements) (Surface Level) 2018 annual mean,[AQREAN_Cells],True,True,False,,,,data,2
215901,,19b03ecf7fb-layer-93,Air Quality Index - PM2.5 Dry Aerosol (Daily Measurements) (Surface Level) annual means,ArcGISMapServiceLayer,4f79cb113aaf4bd09bdcc8a5d51cb723,https://nercdsh.dev.azure.manchester.ac.uk/server/rest/services/Surface_Level___aqi_PM2p5_2003_to_2019_MIL1/MapServer/2,,RasterDataset,/AQREAN Surface Level/Air Quality Index - PM2.5 Dry Aerosol (Daily Measurements) (Surface Level) annual means,0,,Air Quality Index - PM2.5 Dry Aerosol (Daily Measurements) (Surface Level) 2017 annual mean,[AQREAN_Cells],True,True,False,,,,data,2
216001,,19b03ecf7fb-layer-93,Air Quality Index - PM2.5 Dry Aerosol (Daily Measurements) (Surface Level) annual means,ArcGISMapServiceLayer,4f79cb113aaf4bd09bdcc8a5d51cb723,https://nercdsh.dev.azure.manchester.ac.uk/server/rest/services/Surface_Level___aqi_PM2p5_2003_to_2019_MIL1/MapServer/3,,RasterDataset,/AQREAN Surface Level/Air Quality Index - PM2.5 Dry Aerosol (Daily Measurements) (Surface Level) annual means,0,,Air Quality Index - PM2.5 Dry Aerosol (Daily Measurements) (Surface Level) 2016 annual mean,[AQREAN_Cells],True,True,False,,,,data,2
216101,,19b03ecf7fb-layer-93,Air Quality Index - PM2.5 Dry Aerosol (Daily Measurements) (Surface Level) annual means,ArcGISMapServiceLayer,4f79cb113aaf4bd09bdcc8a5d51cb723,https://nercdsh.dev.azure.manchester.ac.uk/server/rest/services/Surface_Level___aqi_PM2p5_2003_to_2019_MIL1/MapServer/4,,RasterDataset,/AQREAN Surface Level/Air Quality Index - PM2.5 Dry Aerosol (Daily Measurements) (Surface Level) annual means,0,,Air Quality Index - PM2.5 Dry Aerosol (Daily Measurements) (Surface Level) 2015 annual mean,[AQREAN_Cells],True,True,False,,,,data,2
216201,,19b03ecf7fb-layer-93,Air Quality Index - PM2.5 Dry Aerosol (Daily Measurements) (Surface Level) annual means,ArcGISMapServiceLayer,4f79cb113aaf4bd09bdcc8a5d51cb723,https://nercdsh.dev.azure.manchester.ac.uk/server/rest/services/Surface_Level___aqi_PM2p5_2003_to_2019_MIL1/MapServer/5,,RasterDataset,/AQREAN Surface Level/Air Quality Index - PM2.5 Dry Aerosol (Daily Measurements) (Surface Level) annual means,0,,Air Quality Index - PM2.5 Dry Aerosol (Daily Measurements) (Surface Level) 2014 annual mean,[AQREAN_Cells],True,True,False,,,,data,2
216301,,19b03ecf7fb-layer-93,Air Quality Index - PM2.5 Dry Aerosol (Daily Measurements) (Surface Level) annual means,ArcGISMapServiceLayer,4f79cb113aaf4bd09bdcc8a5d51cb723,https://nercdsh.dev.azure.manchester.ac.uk/server/rest/services/Surface_Level___aqi_PM2p5_2003_to_2019_MIL1/MapServer/6,,RasterDataset,/AQREAN Surface Level/Air Quality Index - PM2.5 Dry Aerosol (Daily Measurements) (Surface Level) annual means,0,,Air Quality Index - PM2.5 Dry Aerosol (Daily Measurements) (Surface Level) 2012 annual mean,[AQREAN_Cells],True,True,False,,,,data,2
216401,,19b03ecf7fb-layer-93,Air Quality Index - PM2.5 Dry Aerosol (Daily Measurements) (Surface Level) annual means,ArcGISMapServiceLayer,4f79cb113aaf4bd09bdcc8a5d51cb723,https://nercdsh.dev.azure.manchester.ac.uk/server/rest/services/Surface_Level___aqi_PM2p5_2003_to_2019_MIL1/MapServer/7,,RasterDataset,/AQREAN Surface Level/Air Quality Index - PM2.5 Dry Aerosol (Daily Measurements) (Surface Level) annual means,0,,Air Quality Index - PM2.5 Dry Aerosol (Daily Measurements) (Surface Level) 2011 annual mean,[AQREAN_Cells],True,True,False,,,,data,2
216501,,19b03ecf7fb-layer-93,Air Quality Index - PM2.5 Dry Aerosol (Daily Measurements) (Surface Level) annual means,ArcGISMapServiceLayer,4f79cb113aaf4bd09bdcc8a5d51cb723,https://nercdsh.dev.azure.manchester.ac.uk/server/rest/services/Surface_Level___aqi_PM2p5_2003_to_2019_MIL1/MapServer/8,,RasterDataset,/AQREAN Surface Level/Air Quality Index - PM2.5 Dry Aerosol (Daily Measurements) (Surface Level) annual means,0,,Air Quality Index - PM2.5 Dry Aerosol (Daily Measurements) (Surface Level) 2010 annual mean,[AQREAN_Cells],True,True,False,,,,data,2
216601,,19b03ecf7fb-layer-93,Air Quality Index - PM2.5 Dry Aerosol (Daily Measurements) (Surface Level) annual means,ArcGISMapServiceLayer,4f79cb113aaf4bd09bdcc8a5d51cb723,https://nercdsh.dev.azure.manchester.ac.uk/server/rest/services/Surface_Level___aqi_PM2p5_2003_to_2019_MIL1/MapServer/9,,RasterDataset,/AQREAN Surface Level/Air Quality Index - PM2.5 Dry Aerosol (Daily Measurements) (Surface Level) annual means,0,,Air Quality Index - PM2.5 Dry Aerosol (Daily Measurements) (Surface Level) 2009 annual mean,[AQREAN_Cells],True,True,False,,,,data,2
216701,,19b03ecf7fb-layer-93,Air Quality Index - PM2.5 Dry Aerosol (Daily Measurements) (Surface Level) annual means,ArcGISMapServiceLayer,4f79cb113aaf4bd09bdcc8a5d51cb723,https://nercdsh.dev.azure.manchester.ac.uk/server/rest/services/Surface_Level___aqi_PM2p5_2003_to_2019_MIL1/MapServer/10,,RasterDataset,/AQREAN Surface Level/Air Quality Index - PM2.5 Dry Aerosol (Daily Measurements) (Surface Level) annual means,0,,Air Quality Index - PM2.5 Dry Aerosol (Daily Measurements) (Surface Level) 2008 annual mean,[AQREAN_Cells],True,True,False,,,,data,2
216801,,19b03ecf7fb-layer-93,Air Quality Index - PM2.5 Dry Aerosol (Daily Measurements) (Surface Level) annual means,ArcGISMapServiceLayer,4f79cb113aaf4bd09bdcc8a5d51cb723,https://nercdsh.dev.azure.manchester.ac.uk/server/rest/services/Surface_Level___aqi_PM2p5_2003_to_2019_MIL1/MapServer/11,,RasterDataset,/AQREAN Surface Level/Air Quality Index - PM2.5 Dry Aerosol (Daily Measurements) (Surface Level) annual means,0,,Air Quality Index - PM2.5 Dry Aerosol (Daily Measurements) (Surface Level) 2007 annual mean,[AQREAN_Cells],True,True,False,,,,data,2
216901,,19b03ecf7fb-layer-93,Air Quality Index - PM2.5 Dry Aerosol (Daily Measurements) (Surface Level) annual means,ArcGISMapServiceLayer,4f79cb113aaf4bd09bdcc8a5d51cb723,https://nercdsh.dev.azure.manchester.ac.uk/server/rest/services/Surface_Level___aqi_PM2p5_2003_to_2019_MIL1/MapServer/12,,RasterDataset,/AQREAN Surface Level/Air Quality Index - PM2.5 Dry Aerosol (Daily Measurements) (Surface Level) annual means,0,,Air Quality Index - PM2.5 Dry Aerosol (Daily Measurements) (Surface Level) 2006 annual mean,[AQREAN_Cells],True,True,False,,,,data,2
217001,,19b03ecf7fb-layer-93,Air Quality Index - PM2.5 Dry Aerosol (Daily Measurements) (Surface Level) annual means,ArcGISMapServiceLayer,4f79cb113aaf4bd09bdcc8a5d51cb723,https://nercdsh.dev.azure.manchester.ac.uk/server/rest/services/Surface_Level___aqi_PM2p5_2003_to_2019_MIL1/MapServer/13,,RasterDataset,/AQREAN Surface Level/Air Quality Index - PM2.5 Dry Aerosol (Daily Measurements) (Surface Level) annual means,0,,Air Quality Index - PM2.5 Dry Aerosol (Daily Measurements) (Surface Level) 2005 annual mean,[AQREAN_Cells],True,True,False,,,,data,2
217101,,19b03ecf7fb-layer-93,Air Quality Index - PM2.5 Dry Aerosol (Daily Measurements) (Surface Level) annual means,ArcGISMapServiceLayer,4f79cb113aaf4bd09bdcc8a5d51cb723,https://nercdsh.dev.azure.manchester.ac.uk/server/rest/services/Surface_Level___aqi_PM2p5_2003_to_2019_MIL1/MapServer/14,,RasterDataset,/AQREAN Surface Level/Air Quality Index - PM2.5 Dry Aerosol (Daily Measurements) (Surface Level) annual means,0,,Air Quality Index - PM2.5 Dry Aerosol (Daily Measurements) (Surface Level) 2004 annual mean,[AQREAN_Cells],True,True,False,,,,data,2
217201,,19b03ecf7fb-layer-93,Air Quality Index - PM2.5 Dry Aerosol (Daily Measurements) (Surface Level) annual means,ArcGISMapServiceLayer,4f79cb113aaf4bd09bdcc8a5d51cb723,https://nercdsh.dev.azure.manchester.ac.uk/server/rest/services/Surface_Level___aqi_PM2p5_2003_to_2019_MIL1/MapServer/15,,RasterDataset,/AQREAN Surface Level/Air Quality Index - PM2.5 Dry Aerosol (Daily Measurements) (Surface Level) annual means,0,,Air Quality Index - PM2.5 Dry Aerosol (Daily Measurements) (Surface Level) 2003 annual mean,[AQREAN_Cells],True,True,False,,,,data,2
217301,,19b03ec7944-layer-92,Air Temperature (Surface Level) annual means,ArcGISMapServiceLayer,0c35df29fad8424b82d03289d2f9ad35,https://nercdsh.dev.azure.manchester.ac.uk/server/rest/services/Surface_Level___Air_Temperature_WebMap_MIL1/MapServer/0,,RasterDataset,/AQREAN Surface Level/Air Temperature (Surface Level) annual means,0,,Air Temperature (Surface Level) 2019 annual mean,[AQREAN_Cells],True,True,False,,,,data,2
217401,,19b03ec7944-layer-92,Air Temperature (Surface Level) annual means,ArcGISMapServiceLayer,0c35df29fad8424b82d03289d2f9ad35,https://nercdsh.dev.azure.manchester.ac.uk/server/rest/services/Surface_Level___Air_Temperature_WebMap_MIL1/MapServer/1,,RasterDataset,/AQREAN Surface Level/Air Temperature (Surface Level) annual means,0,,Air Temperature (Surface Level) 2018 annual mean,[AQREAN_Cells],True,True,False,,,,data,2
217501,,19b03ec7944-layer-92,Air Temperature (Surface Level) annual means,ArcGISMapServiceLayer,0c35df29fad8424b82d03289d2f9ad35,https://nercdsh.dev.azure.manchester.ac.uk/server/rest/services/Surface_Level___Air_Temperature_WebMap_MIL1/MapServer/2,,RasterDataset,/AQREAN Surface Level/Air Temperature (Surface Level) annual means,0,,Air Temperature (Surface Level) 2017 annual mean,[AQREAN_Cells],True,True,False,,,,data,2
217601,,19b03ec7944-layer-92,Air Temperature (Surface Level) annual means,ArcGISMapServiceLayer,0c35df29fad8424b82d03289d2f9ad35,https://nercdsh.dev.azure.manchester.ac.uk/server/rest/services/Surface_Level___Air_Temperature_WebMap_MIL1/MapServer/3,,RasterDataset,/AQREAN Surface Level/Air Temperature (Surface Level) annual means,0,,Air Temperature (Surface Level) 2016 annual mean,[AQREAN_Cells],True,True,False,,,,data,2
217701,,19b03ec7944-layer-92,Air Temperature (Surface Level) annual means,ArcGISMapServiceLayer,0c35df29fad8424b82d03289d2f9ad35,https://nercdsh.dev.azure.manchester.ac.uk/server/rest/services/Surface_Level___Air_Temperature_WebMap_MIL1/MapServer/4,,RasterDataset,/AQREAN Surface Level/Air Temperature (Surface Level) annual means,0,,Air Temperature (Surface Level) 2015 annual mean,[AQREAN_Cells],True,True,False,,,,data,2
217801,,19b03ec7944-layer-92,Air Temperature (Surface Level) annual means,ArcGISMapServiceLayer,0c35df29fad8424b82d03289d2f9ad35,https://nercdsh.dev.azure.manchester.ac.uk/server/rest/services/Surface_Level___Air_Temperature_WebMap_MIL1/MapServer/5,,RasterDataset,/AQREAN Surface Level/Air Temperature (Surface Level) annual means,0,,Air Temperature (Surface Level) 2014 annual mean,[AQREAN_Cells],True,True,False,,,,data,2
217901,,19b03ec7944-layer-92,Air Temperature (Surface Level) annual means,ArcGISMapServiceLayer,0c35df29fad8424b82d03289d2f9ad35,https://nercdsh.dev.azure.manchester.ac.uk/server/rest/services/Surface_Level___Air_Temperature_WebMap_MIL1/MapServer/6,,RasterDataset,/AQREAN Surface Level/Air Temperature (Surface Level) annual means,0,,Air Temperature (Surface Level) 2012 annual mean,[AQREAN_Cells],True,True,False,,,,data,2
218001,,19b03ec7944-layer-92,Air Temperature (Surface Level) annual means,ArcGISMapServiceLayer,0c35df29fad8424b82d03289d2f9ad35,https://nercdsh.dev.azure.manchester.ac.uk/server/rest/services/Surface_Level___Air_Temperature_WebMap_MIL1/MapServer/7,,RasterDataset,/AQREAN Surface Level/Air Temperature (Surface Level) annual means,0,,Air Temperature (Surface Level) 2011 annual mean,[AQREAN_Cells],True,True,False,,,,data,2
218101,,19b03ec7944-layer-92,Air Temperature (Surface Level) annual means,ArcGISMapServiceLayer,0c35df29fad8424b82d03289d2f9ad35,https://nercdsh.dev.azure.manchester.ac.uk/server/rest/services/Surface_Level___Air_Temperature_WebMap_MIL1/MapServer/8,,RasterDataset,/AQREAN Surface Level/Air Temperature (Surface Level) annual means,0,,Air Temperature (Surface Level) 2010 annual mean,[AQREAN_Cells],True,True,False,,,,data,2
218201,,19b03ec7944-layer-92,Air Temperature (Surface Level) annual means,ArcGISMapServiceLayer,0c35df29fad8424b82d03289d2f9ad35,https://nercdsh.dev.azure.manchester.ac.uk/server/rest/services/Surface_Level___Air_Temperature_WebMap_MIL1/MapServer/9,,RasterDataset,/AQREAN Surface Level/Air Temperature (Surface Level) annual means,0,,Air Temperature (Surface Level) 2009 annual mean,[AQREAN_Cells],True,True,False,,,,data,2
218301,,19b03ec7944-layer-92,Air Temperature (Surface Level) annual means,ArcGISMapServiceLayer,0c35df29fad8424b82d03289d2f9ad35,https://nercdsh.dev.azure.manchester.ac.uk/server/rest/services/Surface_Level___Air_Temperature_WebMap_MIL1/MapServer/10,,RasterDataset,/AQREAN Surface Level/Air Temperature (Surface Level) annual means,0,,Air Temperature (Surface Level) 2008 annual mean,[AQREAN_Cells],True,True,False,,,,data,2
218401,,19b03ec7944-layer-92,Air Temperature (Surface Level) annual means,ArcGISMapServiceLayer,0c35df29fad8424b82d03289d2f9ad35,https://nercdsh.dev.azure.manchester.ac.uk/server/rest/services/Surface_Level___Air_Temperature_WebMap_MIL1/MapServer/11,,RasterDataset,/AQREAN Surface Level/Air Temperature (Surface Level) annual means,0,,Air Temperature (Surface Level) 2007 annual mean,[AQREAN_Cells],True,True,False,,,,data,2
218501,,19b03ec7944-layer-92,Air Temperature (Surface Level) annual means,ArcGISMapServiceLayer,0c35df29fad8424b82d03289d2f9ad35,https://nercdsh.dev.azure.manchester.ac.uk/server/rest/services/Surface_Level___Air_Temperature_WebMap_MIL1/MapServer/12,,RasterDataset,/AQREAN Surface Level/Air Temperature (Surface Level) annual means,0,,Air Temperature (Surface Level) 2006 annual mean,[AQREAN_Cells],True,True,False,,,,data,2
218601,,19b03ec7944-layer-92,Air Temperature (Surface Level) annual means,ArcGISMapServiceLayer,0c35df29fad8424b82d03289d2f9ad35,https://nercdsh.dev.azure.manchester.ac.uk/server/rest/services/Surface_Level___Air_Temperature_WebMap_MIL1/MapServer/13,,RasterDataset,/AQREAN Surface Level/Air Temperature (Surface Level) annual means,0,,Air Temperature (Surface Level) 2005 annual mean,[AQREAN_Cells],True,True,False,,,,data,2
218701,,19b03ec7944-layer-92,Air Temperature (Surface Level) annual means,ArcGISMapServiceLayer,0c35df29fad8424b82d03289d2f9ad35,https://nercdsh.dev.azure.manchester.ac.uk/server/rest/services/Surface_Level___Air_Temperature_WebMap_MIL1/MapServer/14,,RasterDataset,/AQREAN Surface Level/Air Temperature (Surface Level) annual means,0,,Air Temperature (Surface Level) 2004 annual mean,[AQREAN_Cells],True,True,False,,,,data,2
218801,,19b03ec7944-layer-92,Air Temperature (Surface Level) annual means,ArcGISMapServiceLayer,0c35df29fad8424b82d03289d2f9ad35,https://nercdsh.dev.azure.manchester.ac.uk/server/rest/services/Surface_Level___Air_Temperature_WebMap_MIL1/MapServer/15,,RasterDataset,/AQREAN Surface Level/Air Temperature (Surface Level) annual means,0,,Air Temperature (Surface Level) 2003 annual mean,[AQREAN_Cells],True,True,False,,,,data,2
218901,,19b03e45f4d-layer-89,Ammonium (NH4) in PM2.5 Dry Aerosol (Mass Concentration) (Surface Level) annual means,ArcGISMapServiceLayer,f23435a46b4948e8b9d37a1bcf836dc8,https://nercdsh.dev.azure.manchester.ac.uk/server/rest/services/Surface_Level___Ammonium_PM2p5_WebMap_MIL1/MapServer/0,,RasterDataset,/AQREAN Surface Level/Ammonium (NH4) in PM2.5 Dry Aerosol (Mass Concentration) (Surface Level) annual means,0,,Ammonium in PM2.5 Dry Aerosol (Mass Concentration) (Surface Level) 2019 annual mean,[AQREAN_Cells],True,True,False,,,,data,2
219001,,19b03e45f4d-layer-89,Ammonium (NH4) in PM2.5 Dry Aerosol (Mass Concentration) (Surface Level) annual means,ArcGISMapServiceLayer,f23435a46b4948e8b9d37a1bcf836dc8,https://nercdsh.dev.azure.manchester.ac.uk/server/rest/services/Surface_Level___Ammonium_PM2p5_WebMap_MIL1/MapServer/1,,RasterDataset,/AQREAN Surface Level/Ammonium (NH4) in PM2.5 Dry Aerosol (Mass Concentration) (Surface Level) annual means,0,,Ammonium in PM2.5 Dry Aerosol (Mass Concentration) (Surface Level) 2018 annual mean,[AQREAN_Cells],True,True,False,,,,data,2
219101,,19b03e45f4d-layer-89,Ammonium (NH4) in PM2.5 Dry Aerosol (Mass Concentration) (Surface Level) annual means,ArcGISMapServiceLayer,f23435a46b4948e8b9d37a1bcf836dc8,https://nercdsh.dev.azure.manchester.ac.uk/server/rest/services/Surface_Level___Ammonium_PM2p5_WebMap_MIL1/MapServer/2,,RasterDataset,/AQREAN Surface Level/Ammonium (NH4) in PM2.5 Dry Aerosol (Mass Concentration) (Surface Level) annual means,0,,Ammonium in PM2.5 Dry Aerosol (Mass Concentration) (Surface Level) 2017 annual mean,[AQREAN_Cells],True,True,False,,,,data,2
219201,,19b03e45f4d-layer-89,Ammonium (NH4) in PM2.5 Dry Aerosol (Mass Concentration) (Surface Level) annual means,ArcGISMapServiceLayer,f23435a46b4948e8b9d37a1bcf836dc8,https://nercdsh.dev.azure.manchester.ac.uk/server/rest/services/Surface_Level___Ammonium_PM2p5_WebMap_MIL1/MapServer/3,,RasterDataset,/AQREAN Surface Level/Ammonium (NH4) in PM2.5 Dry Aerosol (Mass Concentration) (Surface Level) annual means,0,,Ammonium in PM2.5 Dry Aerosol (Mass Concentration) (Surface Level) 2016 annual mean,[AQREAN_Cells],True,True,False,,,,data,2
219301,,19b03e45f4d-layer-89,Ammonium (NH4) in PM2.5 Dry Aerosol (Mass Concentration) (Surface Level) annual means,ArcGISMapServiceLayer,f23435a46b4948e8b9d37a1bcf836dc8,https://nercdsh.dev.azure.manchester.ac.uk/server/rest/services/Surface_Level___Ammonium_PM2p5_WebMap_MIL1/MapServer/4,,RasterDataset,/AQREAN Surface Level/Ammonium (NH4) in PM2.5 Dry Aerosol (Mass Concentration) (Surface Level) annual means,0,,Ammonium in PM2.5 Dry Aerosol (Mass Concentration) (Surface Level) 2015 annual mean,[AQREAN_Cells],True,True,False,,,,data,2
219401,,19b03e45f4d-layer-89,Ammonium (NH4) in PM2.5 Dry Aerosol (Mass Concentration) (Surface Level) annual means,ArcGISMapServiceLayer,f23435a46b4948e8b9d37a1bcf836dc8,https://nercdsh.dev.azure.manchester.ac.uk/server/rest/services/Surface_Level___Ammonium_PM2p5_WebMap_MIL1/MapServer/5,,RasterDataset,/AQREAN Surface Level/Ammonium (NH4) in PM2.5 Dry Aerosol (Mass Concentration) (Surface Level) annual means,0,,Ammonium in PM2.5 Dry Aerosol (Mass Concentration) (Surface Level) 2014 annual mean,[AQREAN_Cells],True,True,False,,,,data,2
219501,,19b03e45f4d-layer-89,Ammonium (NH4) in PM2.5 Dry Aerosol (Mass Concentration) (Surface Level) annual means,ArcGISMapServiceLayer,f23435a46b4948e8b9d37a1bcf836dc8,https://nercdsh.dev.azure.manchester.ac.uk/server/rest/services/Surface_Level___Ammonium_PM2p5_WebMap_MIL1/MapServer/6,,RasterDataset,/AQREAN Surface Level/Ammonium (NH4) in PM2.5 Dry Aerosol (Mass Concentration) (Surface Level) annual means,0,,Ammonium in PM2.5 Dry Aerosol (Mass Concentration) (Surface Level) 2012 annual mean,[AQREAN_Cells],True,True,False,,,,data,2
219601,,19b03e45f4d-layer-89,Ammonium (NH4) in PM2.5 Dry Aerosol (Mass Concentration) (Surface Level) annual means,ArcGISMapServiceLayer,f23435a46b4948e8b9d37a1bcf836dc8,https://nercdsh.dev.azure.manchester.ac.uk/server/rest/services/Surface_Level___Ammonium_PM2p5_WebMap_MIL1/MapServer/7,,RasterDataset,/AQREAN Surface Level/Ammonium (NH4) in PM2.5 Dry Aerosol (Mass Concentration) (Surface Level) annual means,0,,Ammonium in PM2.5 Dry Aerosol (Mass Concentration) (Surface Level) 2011 annual mean,[AQREAN_Cells],True,True,False,,,,data,2
219701,,19b03e45f4d-layer-89,Ammonium (NH4) in PM2.5 Dry Aerosol (Mass Concentration) (Surface Level) annual means,ArcGISMapServiceLayer,f23435a46b4948e8b9d37a1bcf836dc8,https://nercdsh.dev.azure.manchester.ac.uk/server/rest/services/Surface_Level___Ammonium_PM2p5_WebMap_MIL1/MapServer/8,,RasterDataset,/AQREAN Surface Level/Ammonium (NH4) in PM2.5 Dry Aerosol (Mass Concentration) (Surface Level) annual means,0,,Ammonium in PM2.5 Dry Aerosol (Mass Concentration) (Surface Level) 2010 annual mean,[AQREAN_Cells],True,True,False,,,,data,2
219801,,19b03e45f4d-layer-89,Ammonium (NH4) in PM2.5 Dry Aerosol (Mass Concentration) (Surface Level) annual means,ArcGISMapServiceLayer,f23435a46b4948e8b9d37a1bcf836dc8,https://nercdsh.dev.azure.manchester.ac.uk/server/rest/services/Surface_Level___Ammonium_PM2p5_WebMap_MIL1/MapServer/9,,RasterDataset,/AQREAN Surface Level/Ammonium (NH4) in PM2.5 Dry Aerosol (Mass Concentration) (Surface Level) annual means,0,,Ammonium in PM2.5 Dry Aerosol (Mass Concentration) (Surface Level) 2009 annual mean,[AQREAN_Cells],True,True,False,,,,data,2
219901,,19b03e45f4d-layer-89,Ammonium (NH4) in PM2.5 Dry Aerosol (Mass Concentration) (Surface Level) annual means,ArcGISMapServiceLayer,f23435a46b4948e8b9d37a1bcf836dc8,https://nercdsh.dev.azure.manchester.ac.uk/server/rest/services/Surface_Level___Ammonium_PM2p5_WebMap_MIL1/MapServer/10,,RasterDataset,/AQREAN Surface Level/Ammonium (NH4) in PM2.5 Dry Aerosol (Mass Concentration) (Surface Level) annual means,0,,Ammonium in PM2.5 Dry Aerosol (Mass Concentration) (Surface Level) 2008 annual mean,[AQREAN_Cells],True,True,False,,,,data,2
220001,,19b03e45f4d-layer-89,Ammonium (NH4) in PM2.5 Dry Aerosol (Mass Concentration) (Surface Level) annual means,ArcGISMapServiceLayer,f23435a46b4948e8b9d37a1bcf836dc8,https://nercdsh.dev.azure.manchester.ac.uk/server/rest/services/Surface_Level___Ammonium_PM2p5_WebMap_MIL1/MapServer/11,,RasterDataset,/AQREAN Surface Level/Ammonium (NH4) in PM2.5 Dry Aerosol (Mass Concentration) (Surface Level) annual means,0,,Ammonium in PM2.5 Dry Aerosol (Mass Concentration) (Surface Level) 2007 annual mean,[AQREAN_Cells],True,True,False,,,,data,2
220101,,19b03e45f4d-layer-89,Ammonium (NH4) in PM2.5 Dry Aerosol (Mass Concentration) (Surface Level) annual means,ArcGISMapServiceLayer,f23435a46b4948e8b9d37a1bcf836dc8,https://nercdsh.dev.azure.manchester.ac.uk/server/rest/services/Surface_Level___Ammonium_PM2p5_WebMap_MIL1/MapServer/12,,RasterDataset,/AQREAN Surface Level/Ammonium (NH4) in PM2.5 Dry Aerosol (Mass Concentration) (Surface Level) annual means,0,,Ammonium in PM2.5 Dry Aerosol (Mass Concentration) (Surface Level) 2006 annual mean,[AQREAN_Cells],True,True,False,,,,data,2
220201,,19b03e45f4d-layer-89,Ammonium (NH4) in PM2.5 Dry Aerosol (Mass Concentration) (Surface Level) annual means,ArcGISMapServiceLayer,f23435a46b4948e8b9d37a1bcf836dc8,https://nercdsh.dev.azure.manchester.ac.uk/server/rest/services/Surface_Level___Ammonium_PM2p5_WebMap_MIL1/MapServer/13,,RasterDataset,/AQREAN Surface Level/Ammonium (NH4) in PM2.5 Dry Aerosol (Mass Concentration) (Surface Level) annual means,0,,Ammonium in PM2.5 Dry Aerosol (Mass Concentration) (Surface Level) 2005 annual mean,[AQREAN_Cells],True,True,False,,,,data,2
220301,,19b03e45f4d-layer-89,Ammonium (NH4) in PM2.5 Dry Aerosol (Mass Concentration) (Surface Level) annual means,ArcGISMapServiceLayer,f23435a46b4948e8b9d37a1bcf836dc8,https://nercdsh.dev.azure.manchester.ac.uk/server/rest/services/Surface_Level___Ammonium_PM2p5_WebMap_MIL1/MapServer/14,,RasterDataset,/AQREAN Surface Level/Ammonium (NH4) in PM2.5 Dry Aerosol (Mass Concentration) (Surface Level) annual means,0,,Ammonium in PM2.5 Dry Aerosol (Mass Concentration) (Surface Level) 2004 annual mean,[AQREAN_Cells],True,True,False,,,,data,2
220401,,19b03e45f4d-layer-89,Ammonium (NH4) in PM2.5 Dry Aerosol (Mass Concentration) (Surface Level) annual means,ArcGISMapServiceLayer,f23435a46b4948e8b9d37a1bcf836dc8,https://nercdsh.dev.azure.manchester.ac.uk/server/rest/services/Surface_Level___Ammonium_PM2p5_WebMap_MIL1/MapServer/15,,RasterDataset,/AQREAN Surface Level/Ammonium (NH4) in PM2.5 Dry Aerosol (Mass Concentration) (Surface Level) annual means,0,,Ammonium in PM2.5 Dry Aerosol (Mass Concentration) (Surface Level) 2003 annual mean,[AQREAN_Cells],True,True,False,,,,data,2
220501,,19b03e401d3-layer-88,Ammonium Nitrate (NH4NO3) in PM2.5 Dry Aerosol (Mass Concentration) (Surface Level) annual means,ArcGISMapServiceLayer,eb2aeb3259e74dcea8b8d4e61eff7460,https://nercdsh.dev.azure.manchester.ac.uk/server/rest/services/Surface_Level___Ammonium_Nitrate_PM2p5_WebMap_MIL1/MapServer/0,,RasterDataset,/AQREAN Surface Level/Ammonium Nitrate (NH4NO3) in PM2.5 Dry Aerosol (Mass Concentration) (Surface Level) annual means,0,,Ammonium Nitrate in PM2.5 Dry Aerosol (Mass Concentration) (Surface Level) 2019 annual mean,[AQREAN_Cells],True,True,False,,,,data,2
220601,,19b03e401d3-layer-88,Ammonium Nitrate (NH4NO3) in PM2.5 Dry Aerosol (Mass Concentration) (Surface Level) annual means,ArcGISMapServiceLayer,eb2aeb3259e74dcea8b8d4e61eff7460,https://nercdsh.dev.azure.manchester.ac.uk/server/rest/services/Surface_Level___Ammonium_Nitrate_PM2p5_WebMap_MIL1/MapServer/1,,RasterDataset,/AQREAN Surface Level/Ammonium Nitrate (NH4NO3) in PM2.5 Dry Aerosol (Mass Concentration) (Surface Level) annual means,0,,Ammonium Nitrate in PM2.5 Dry Aerosol (Mass Concentration) (Surface Level) 2018 annual mean,[AQREAN_Cells],True,True,False,,,,data,2
220701,,19b03e401d3-layer-88,Ammonium Nitrate (NH4NO3) in PM2.5 Dry Aerosol (Mass Concentration) (Surface Level) annual means,ArcGISMapServiceLayer,eb2aeb3259e74dcea8b8d4e61eff7460,https://nercdsh.dev.azure.manchester.ac.uk/server/rest/services/Surface_Level___Ammonium_Nitrate_PM2p5_WebMap_MIL1/MapServer/2,,RasterDataset,/AQREAN Surface Level/Ammonium Nitrate (NH4NO3) in PM2.5 Dry Aerosol (Mass Concentration) (Surface Level) annual means,0,,Ammonium Nitrate in PM2.5 Dry Aerosol (Mass Concentration) (Surface Level) 2017 annual mean,[AQREAN_Cells],True,True,False,,,,data,2
220801,,19b03e401d3-layer-88,Ammonium Nitrate (NH4NO3) in PM2.5 Dry Aerosol (Mass Concentration) (Surface Level) annual means,ArcGISMapServiceLayer,eb2aeb3259e74dcea8b8d4e61eff7460,https://nercdsh.dev.azure.manchester.ac.uk/server/rest/services/Surface_Level___Ammonium_Nitrate_PM2p5_WebMap_MIL1/MapServer/3,,RasterDataset,/AQREAN Surface Level/Ammonium Nitrate (NH4NO3) in PM2.5 Dry Aerosol (Mass Concentration) (Surface Level) annual means,0,,Ammonium Nitrate in PM2.5 Dry Aerosol (Mass Concentration) (Surface Level) 2016 annual mean,[AQREAN_Cells],True,True,False,,,,data,2
220901,,19b03e401d3-layer-88,Ammonium Nitrate (NH4NO3) in PM2.5 Dry Aerosol (Mass Concentration) (Surface Level) annual means,ArcGISMapServiceLayer,eb2aeb3259e74dcea8b8d4e61eff7460,https://nercdsh.dev.azure.manchester.ac.uk/server/rest/services/Surface_Level___Ammonium_Nitrate_PM2p5_WebMap_MIL1/MapServer/4,,RasterDataset,/AQREAN Surface Level/Ammonium Nitrate (NH4NO3) in PM2.5 Dry Aerosol (Mass Concentration) (Surface Level) annual means,0,,Ammonium Nitrate in PM2.5 Dry Aerosol (Mass Concentration) (Surface Level) 2015 annual mean,[AQREAN_Cells],True,True,False,,,,data,2
221001,,19b03e401d3-layer-88,Ammonium Nitrate (NH4NO3) in PM2.5 Dry Aerosol (Mass Concentration) (Surface Level) annual means,ArcGISMapServiceLayer,eb2aeb3259e74dcea8b8d4e61eff7460,https://nercdsh.dev.azure.manchester.ac.uk/server/rest/services/Surface_Level___Ammonium_Nitrate_PM2p5_WebMap_MIL1/MapServer/5,,RasterDataset,/AQREAN Surface Level/Ammonium Nitrate (NH4NO3) in PM2.5 Dry Aerosol (Mass Concentration) (Surface Level) annual means,0,,Ammonium Nitrate in PM2.5 Dry Aerosol (Mass Concentration) (Surface Level) 2014 annual mean,[AQREAN_Cells],True,True,False,,,,data,2
221101,,19b03e401d3-layer-88,Ammonium Nitrate (NH4NO3) in PM2.5 Dry Aerosol (Mass Concentration) (Surface Level) annual means,ArcGISMapServiceLayer,eb2aeb3259e74dcea8b8d4e61eff7460,https://nercdsh.dev.azure.manchester.ac.uk/server/rest/services/Surface_Level___Ammonium_Nitrate_PM2p5_WebMap_MIL1/MapServer/6,,RasterDataset,/AQREAN Surface Level/Ammonium Nitrate (NH4NO3) in PM2.5 Dry Aerosol (Mass Concentration) (Surface Level) annual means,0,,Ammonium Nitrate in PM2.5 Dry Aerosol (Mass Concentration) (Surface Level) 2012 annual mean,[AQREAN_Cells],True,True,False,,,,data,2
221201,,19b03e401d3-layer-88,Ammonium Nitrate (NH4NO3) in PM2.5 Dry Aerosol (Mass Concentration) (Surface Level) annual means,ArcGISMapServiceLayer,eb2aeb3259e74dcea8b8d4e61eff7460,https://nercdsh.dev.azure.manchester.ac.uk/server/rest/services/Surface_Level___Ammonium_Nitrate_PM2p5_WebMap_MIL1/MapServer/7,,RasterDataset,/AQREAN Surface Level/Ammonium Nitrate (NH4NO3) in PM2.5 Dry Aerosol (Mass Concentration) (Surface Level) annual means,0,,Ammonium Nitrate in PM2.5 Dry Aerosol (Mass Concentration) (Surface Level) 2011 annual mean,[AQREAN_Cells],True,True,False,,,,data,2
221301,,19b03e401d3-layer-88,Ammonium Nitrate (NH4NO3) in PM2.5 Dry Aerosol (Mass Concentration) (Surface Level) annual means,ArcGISMapServiceLayer,eb2aeb3259e74dcea8b8d4e61eff7460,https://nercdsh.dev.azure.manchester.ac.uk/server/rest/services/Surface_Level___Ammonium_Nitrate_PM2p5_WebMap_MIL1/MapServer/8,,RasterDataset,/AQREAN Surface Level/Ammonium Nitrate (NH4NO3) in PM2.5 Dry Aerosol (Mass Concentration) (Surface Level) annual means,0,,Ammonium Nitrate in PM2.5 Dry Aerosol (Mass Concentration) (Surface Level) 2010 annual mean,[AQREAN_Cells],True,True,False,,,,data,2
221401,,19b03e401d3-layer-88,Ammonium Nitrate (NH4NO3) in PM2.5 Dry Aerosol (Mass Concentration) (Surface Level) annual means,ArcGISMapServiceLayer,eb2aeb3259e74dcea8b8d4e61eff7460,https://nercdsh.dev.azure.manchester.ac.uk/server/rest/services/Surface_Level___Ammonium_Nitrate_PM2p5_WebMap_MIL1/MapServer/9,,RasterDataset,/AQREAN Surface Level/Ammonium Nitrate (NH4NO3) in PM2.5 Dry Aerosol (Mass Concentration) (Surface Level) annual means,0,,Ammonium Nitrate in PM2.5 Dry Aerosol (Mass Concentration) (Surface Level) 2009 annual mean,[AQREAN_Cells],True,True,False,,,,data,2
221501,,19b03e401d3-layer-88,Ammonium Nitrate (NH4NO3) in PM2.5 Dry Aerosol (Mass Concentration) (Surface Level) annual means,ArcGISMapServiceLayer,eb2aeb3259e74dcea8b8d4e61eff7460,https://nercdsh.dev.azure.manchester.ac.uk/server/rest/services/Surface_Level___Ammonium_Nitrate_PM2p5_WebMap_MIL1/MapServer/10,,RasterDataset,/AQREAN Surface Level/Ammonium Nitrate (NH4NO3) in PM2.5 Dry Aerosol (Mass Concentration) (Surface Level) annual means,0,,Ammonium Nitrate in PM2.5 Dry Aerosol (Mass Concentration) (Surface Level) 2008 annual mean,[AQREAN_Cells],True,True,False,,,,data,2
221601,,19b03e401d3-layer-88,Ammonium Nitrate (NH4NO3) in PM2.5 Dry Aerosol (Mass Concentration) (Surface Level) annual means,ArcGISMapServiceLayer,eb2aeb3259e74dcea8b8d4e61eff7460,https://nercdsh.dev.azure.manchester.ac.uk/server/rest/services/Surface_Level___Ammonium_Nitrate_PM2p5_WebMap_MIL1/MapServer/11,,RasterDataset,/AQREAN Surface Level/Ammonium Nitrate (NH4NO3) in PM2.5 Dry Aerosol (Mass Concentration) (Surface Level) annual means,0,,Ammonium Nitrate in PM2.5 Dry Aerosol (Mass Concentration) (Surface Level) 2007 annual mean,[AQREAN_Cells],True,True,False,,,,data,2
221701,,19b03e401d3-layer-88,Ammonium Nitrate (NH4NO3) in PM2.5 Dry Aerosol (Mass Concentration) (Surface Level) annual means,ArcGISMapServiceLayer,eb2aeb3259e74dcea8b8d4e61eff7460,https://nercdsh.dev.azure.manchester.ac.uk/server/rest/services/Surface_Level___Ammonium_Nitrate_PM2p5_WebMap_MIL1/MapServer/12,,RasterDataset,/AQREAN Surface Level/Ammonium Nitrate (NH4NO3) in PM2.5 Dry Aerosol (Mass Concentration) (Surface Level) annual means,0,,Ammonium Nitrate in PM2.5 Dry Aerosol (Mass Concentration) (Surface Level) 2006 annual mean,[AQREAN_Cells],True,True,False,,,,data,2
221801,,19b03e401d3-layer-88,Ammonium Nitrate (NH4NO3) in PM2.5 Dry Aerosol (Mass Concentration) (Surface Level) annual means,ArcGISMapServiceLayer,eb2aeb3259e74dcea8b8d4e61eff7460,https://nercdsh.dev.azure.manchester.ac.uk/server/rest/services/Surface_Level___Ammonium_Nitrate_PM2p5_WebMap_MIL1/MapServer/13,,RasterDataset,/AQREAN Surface Level/Ammonium Nitrate (NH4NO3) in PM2.5 Dry Aerosol (Mass Concentration) (Surface Level) annual means,0,,Ammonium Nitrate in PM2.5 Dry Aerosol (Mass Concentration) (Surface Level) 2005 annual mean,[AQREAN_Cells],True,True,False,,,,data,2
221901,,19b03e401d3-layer-88,Ammonium Nitrate (NH4NO3) in PM2.5 Dry Aerosol (Mass Concentration) (Surface Level) annual means,ArcGISMapServiceLayer,eb2aeb3259e74dcea8b8d4e61eff7460,https://nercdsh.dev.azure.manchester.ac.uk/server/rest/services/Surface_Level___Ammonium_Nitrate_PM2p5_WebMap_MIL1/MapServer/14,,RasterDataset,/AQREAN Surface Level/Ammonium Nitrate (NH4NO3) in PM2.5 Dry Aerosol (Mass Concentration) (Surface Level) annual means,0,,Ammonium Nitrate in PM2.5 Dry Aerosol (Mass Concentration) (Surface Level) 2004 annual mean,[AQREAN_Cells],True,True,False,,,,data,2
222001,,19b03e401d3-layer-88,Ammonium Nitrate (NH4NO3) in PM2.5 Dry Aerosol (Mass Concentration) (Surface Level) annual means,ArcGISMapServiceLayer,eb2aeb3259e74dcea8b8d4e61eff7460,https://nercdsh.dev.azure.manchester.ac.uk/server/rest/services/Surface_Level___Ammonium_Nitrate_PM2p5_WebMap_MIL1/MapServer/15,,RasterDataset,/AQREAN Surface Level/Ammonium Nitrate (NH4NO3) in PM2.5 Dry Aerosol (Mass Concentration) (Surface Level) annual means,0,,Ammonium Nitrate in PM2.5 Dry Aerosol (Mass Concentration) (Surface Level) 2003 annual mean,[AQREAN_Cells],True,True,False,,,,data,2
222101,,19b03e3b881-layer-87,Ammonium Sulfate ((NH4)2SO4) in PM2.5 Dry Aerosol (Mass Concentration) (Surface Level) annual means,ArcGISMapServiceLayer,a443d7d75de445f6b8e76a2adea79f2a,https://nercdsh.dev.azure.manchester.ac.uk/server/rest/services/Surface_Level___Ammonium_Sulfate_PM2_5_WebMap_MIL1/MapServer/0,,RasterDataset,/AQREAN Surface Level/Ammonium Sulfate ((NH4)2SO4) in PM2.5 Dry Aerosol (Mass Concentration) (Surface Level) annual means,0,,Ammonium Sulfate in PM2.5 Dry Aerosol (Mass Concentration) (Surface Level) 2019 annual mean,[AQREAN_Cells],True,True,False,,,,data,2
222201,,19b03e3b881-layer-87,Ammonium Sulfate ((NH4)2SO4) in PM2.5 Dry Aerosol (Mass Concentration) (Surface Level) annual means,ArcGISMapServiceLayer,a443d7d75de445f6b8e76a2adea79f2a,https://nercdsh.dev.azure.manchester.ac.uk/server/rest/services/Surface_Level___Ammonium_Sulfate_PM2_5_WebMap_MIL1/MapServer/1,,RasterDataset,/AQREAN Surface Level/Ammonium Sulfate ((NH4)2SO4) in PM2.5 Dry Aerosol (Mass Concentration) (Surface Level) annual means,0,,Ammonium Sulfate in PM2.5 Dry Aerosol (Mass Concentration) (Surface Level) 2018 annual mean,[AQREAN_Cells],True,True,False,,,,data,2
222301,,19b03e3b881-layer-87,Ammonium Sulfate ((NH4)2SO4) in PM2.5 Dry Aerosol (Mass Concentration) (Surface Level) annual means,ArcGISMapServiceLayer,a443d7d75de445f6b8e76a2adea79f2a,https://nercdsh.dev.azure.manchester.ac.uk/server/rest/services/Surface_Level___Ammonium_Sulfate_PM2_5_WebMap_MIL1/MapServer/2,,RasterDataset,/AQREAN Surface Level/Ammonium Sulfate ((NH4)2SO4) in PM2.5 Dry Aerosol (Mass Concentration) (Surface Level) annual means,0,,Ammonium Sulfate in PM2.5 Dry Aerosol (Mass Concentration) (Surface Level) 2017 annual mean,[AQREAN_Cells],True,True,False,,,,data,2
222401,,19b03e3b881-layer-87,Ammonium Sulfate ((NH4)2SO4) in PM2.5 Dry Aerosol (Mass Concentration) (Surface Level) annual means,ArcGISMapServiceLayer,a443d7d75de445f6b8e76a2adea79f2a,https://nercdsh.dev.azure.manchester.ac.uk/server/rest/services/Surface_Level___Ammonium_Sulfate_PM2_5_WebMap_MIL1/MapServer/3,,RasterDataset,/AQREAN Surface Level/Ammonium Sulfate ((NH4)2SO4) in PM2.5 Dry Aerosol (Mass Concentration) (Surface Level) annual means,0,,Ammonium Sulfate in PM2.5 Dry Aerosol (Mass Concentration) (Surface Level) 2016 annual mean,[AQREAN_Cells],True,True,False,,,,data,2
222501,,19b03e3b881-layer-87,Ammonium Sulfate ((NH4)2SO4) in PM2.5 Dry Aerosol (Mass Concentration) (Surface Level) annual means,ArcGISMapServiceLayer,a443d7d75de445f6b8e76a2adea79f2a,https://nercdsh.dev.azure.manchester.ac.uk/server/rest/services/Surface_Level___Ammonium_Sulfate_PM2_5_WebMap_MIL1/MapServer/4,,RasterDataset,/AQREAN Surface Level/Ammonium Sulfate ((NH4)2SO4) in PM2.5 Dry Aerosol (Mass Concentration) (Surface Level) annual means,0,,Ammonium Sulfate in PM2.5 Dry Aerosol (Mass Concentration) (Surface Level) 2015 annual mean,[AQREAN_Cells],True,True,False,,,,data,2
222601,,19b03e3b881-layer-87,Ammonium Sulfate ((NH4)2SO4) in PM2.5 Dry Aerosol (Mass Concentration) (Surface Level) annual means,ArcGISMapServiceLayer,a443d7d75de445f6b8e76a2adea79f2a,https://nercdsh.dev.azure.manchester.ac.uk/server/rest/services/Surface_Level___Ammonium_Sulfate_PM2_5_WebMap_MIL1/MapServer/5,,RasterDataset,/AQREAN Surface Level/Ammonium Sulfate ((NH4)2SO4) in PM2.5 Dry Aerosol (Mass Concentration) (Surface Level) annual means,0,,Ammonium Sulfate in PM2.5 Dry Aerosol (Mass Concentration) (Surface Level) 2014 annual mean,[AQREAN_Cells],True,True,False,,,,data,2
222701,,19b03e3b881-layer-87,Ammonium Sulfate ((NH4)2SO4) in PM2.5 Dry Aerosol (Mass Concentration) (Surface Level) annual means,ArcGISMapServiceLayer,a443d7d75de445f6b8e76a2adea79f2a,https://nercdsh.dev.azure.manchester.ac.uk/server/rest/services/Surface_Level___Ammonium_Sulfate_PM2_5_WebMap_MIL1/MapServer/6,,RasterDataset,/AQREAN Surface Level/Ammonium Sulfate ((NH4)2SO4) in PM2.5 Dry Aerosol (Mass Concentration) (Surface Level) annual means,0,,Ammonium Sulfate in PM2.5 Dry Aerosol (Mass Concentration) (Surface Level) 2012 annual mean,[AQREAN_Cells],True,True,False,,,,data,2
222801,,19b03e3b881-layer-87,Ammonium Sulfate ((NH4)2SO4) in PM2.5 Dry Aerosol (Mass Concentration) (Surface Level) annual means,ArcGISMapServiceLayer,a443d7d75de445f6b8e76a2adea79f2a,https://nercdsh.dev.azure.manchester.ac.uk/server/rest/services/Surface_Level___Ammonium_Sulfate_PM2_5_WebMap_MIL1/MapServer/7,,RasterDataset,/AQREAN Surface Level/Ammonium Sulfate ((NH4)2SO4) in PM2.5 Dry Aerosol (Mass Concentration) (Surface Level) annual means,0,,Ammonium Sulfate in PM2.5 Dry Aerosol (Mass Concentration) (Surface Level) 2011 annual mean,[AQREAN_Cells],True,True,False,,,,data,2
222901,,19b03e3b881-layer-87,Ammonium Sulfate ((NH4)2SO4) in PM2.5 Dry Aerosol (Mass Concentration) (Surface Level) annual means,ArcGISMapServiceLayer,a443d7d75de445f6b8e76a2adea79f2a,https://nercdsh.dev.azure.manchester.ac.uk/server/rest/services/Surface_Level___Ammonium_Sulfate_PM2_5_WebMap_MIL1/MapServer/8,,RasterDataset,/AQREAN Surface Level/Ammonium Sulfate ((NH4)2SO4) in PM2.5 Dry Aerosol (Mass Concentration) (Surface Level) annual means,0,,Ammonium Sulfate in PM2.5 Dry Aerosol (Mass Concentration) (Surface Level) 2010 annual mean,[AQREAN_Cells],True,True,False,,,,data,2
223001,,19b03e3b881-layer-87,Ammonium Sulfate ((NH4)2SO4) in PM2.5 Dry Aerosol (Mass Concentration) (Surface Level) annual means,ArcGISMapServiceLayer,a443d7d75de445f6b8e76a2adea79f2a,https://nercdsh.dev.azure.manchester.ac.uk/server/rest/services/Surface_Level___Ammonium_Sulfate_PM2_5_WebMap_MIL1/MapServer/9,,RasterDataset,/AQREAN Surface Level/Ammonium Sulfate ((NH4)2SO4) in PM2.5 Dry Aerosol (Mass Concentration) (Surface Level) annual means,0,,Ammonium Sulfate in PM2.5 Dry Aerosol (Mass Concentration) (Surface Level) 2009 annual mean,[AQREAN_Cells],True,True,False,,,,data,2
223101,,19b03e3b881-layer-87,Ammonium Sulfate ((NH4)2SO4) in PM2.5 Dry Aerosol (Mass Concentration) (Surface Level) annual means,ArcGISMapServiceLayer,a443d7d75de445f6b8e76a2adea79f2a,https://nercdsh.dev.azure.manchester.ac.uk/server/rest/services/Surface_Level___Ammonium_Sulfate_PM2_5_WebMap_MIL1/MapServer/10,,RasterDataset,/AQREAN Surface Level/Ammonium Sulfate ((NH4)2SO4) in PM2.5 Dry Aerosol (Mass Concentration) (Surface Level) annual means,0,,Ammonium Sulfate in PM2.5 Dry Aerosol (Mass Concentration) (Surface Level) 2008 annual mean,[AQREAN_Cells],True,True,False,,,,data,2
223201,,19b03e3b881-layer-87,Ammonium Sulfate ((NH4)2SO4) in PM2.5 Dry Aerosol (Mass Concentration) (Surface Level) annual means,ArcGISMapServiceLayer,a443d7d75de445f6b8e76a2adea79f2a,https://nercdsh.dev.azure.manchester.ac.uk/server/rest/services/Surface_Level___Ammonium_Sulfate_PM2_5_WebMap_MIL1/MapServer/11,,RasterDataset,/AQREAN Surface Level/Ammonium Sulfate ((NH4)2SO4) in PM2.5 Dry Aerosol (Mass Concentration) (Surface Level) annual means,0,,Ammonium Sulfate in PM2.5 Dry Aerosol (Mass Concentration) (Surface Level) 2007 annual mean,[AQREAN_Cells],True,True,False,,,,data,2
223301,,19b03e3b881-layer-87,Ammonium Sulfate ((NH4)2SO4) in PM2.5 Dry Aerosol (Mass Concentration) (Surface Level) annual means,ArcGISMapServiceLayer,a443d7d75de445f6b8e76a2adea79f2a,https://nercdsh.dev.azure.manchester.ac.uk/server/rest/services/Surface_Level___Ammonium_Sulfate_PM2_5_WebMap_MIL1/MapServer/12,,RasterDataset,/AQREAN Surface Level/Ammonium Sulfate ((NH4)2SO4) in PM2.5 Dry Aerosol (Mass Concentration) (Surface Level) annual means,0,,Ammonium Sulfate in PM2.5 Dry Aerosol (Mass Concentration) (Surface Level) 2006 annual mean,[AQREAN_Cells],True,True,False,,,,data,2
223401,,19b03e3b881-layer-87,Ammonium Sulfate ((NH4)2SO4) in PM2.5 Dry Aerosol (Mass Concentration) (Surface Level) annual means,ArcGISMapServiceLayer,a443d7d75de445f6b8e76a2adea79f2a,https://nercdsh.dev.azure.manchester.ac.uk/server/rest/services/Surface_Level___Ammonium_Sulfate_PM2_5_WebMap_MIL1/MapServer/13,,RasterDataset,/AQREAN Surface Level/Ammonium Sulfate ((NH4)2SO4) in PM2.5 Dry Aerosol (Mass Concentration) (Surface Level) annual means,0,,Ammonium Sulfate in PM2.5 Dry Aerosol (Mass Concentration) (Surface Level) 2005 annual mean,[AQREAN_Cells],True,True,False,,,,data,2
223501,,19b03e3b881-layer-87,Ammonium Sulfate ((NH4)2SO4) in PM2.5 Dry Aerosol (Mass Concentration) (Surface Level) annual means,ArcGISMapServiceLayer,a443d7d75de445f6b8e76a2adea79f2a,https://nercdsh.dev.azure.manchester.ac.uk/server/rest/services/Surface_Level___Ammonium_Sulfate_PM2_5_WebMap_MIL1/MapServer/14,,RasterDataset,/AQREAN Surface Level/Ammonium Sulfate ((NH4)2SO4) in PM2.5 Dry Aerosol (Mass Concentration) (Surface Level) annual means,0,,Ammonium Sulfate in PM2.5 Dry Aerosol (Mass Concentration) (Surface Level) 2004 annual mean,[AQREAN_Cells],True,True,False,,,,data,2
223601,,19b03e3b881-layer-87,Ammonium Sulfate ((NH4)2SO4) in PM2.5 Dry Aerosol (Mass Concentration) (Surface Level) annual means,ArcGISMapServiceLayer,a443d7d75de445f6b8e76a2adea79f2a,https://nercdsh.dev.azure.manchester.ac.uk/server/rest/services/Surface_Level___Ammonium_Sulfate_PM2_5_WebMap_MIL1/MapServer/15,,RasterDataset,/AQREAN Surface Level/Ammonium Sulfate ((NH4)2SO4) in PM2.5 Dry Aerosol (Mass Concentration) (Surface Level) annual means,0,,Ammonium Sulfate in PM2.5 Dry Aerosol (Mass Concentration) (Surface Level) 2003 annual mean,[AQREAN_Cells],True,True,False,,,,data,2
223701,,19b03e37101-layer-86,Biomass Burning Aerosol in PM2.5 Dry Aerosol (Mass Concentration) (Surface Level) annual means,ArcGISMapServiceLayer,8be428b70a3940cb95a42f84ea7fcc3c,https://nercdsh.dev.azure.manchester.ac.uk/server/rest/services/Surface_Level___mc_biomburnaes_am_2003_2019_MIL1/MapServer/0,,RasterDataset,/AQREAN Surface Level/Biomass Burning Aerosol in PM2.5 Dry Aerosol (Mass Concentration) (Surface Level) annual means,0,,Biomass Burning Aerosol in PM2.5 Dry Aerosol (Mass Concentration) (Surface Level) 2019 annual mean,[AQREAN_Cells],True,True,False,,,,data,2
223801,,19b03e37101-layer-86,Biomass Burning Aerosol in PM2.5 Dry Aerosol (Mass Concentration) (Surface Level) annual means,ArcGISMapServiceLayer,8be428b70a3940cb95a42f84ea7fcc3c,https://nercdsh.dev.azure.manchester.ac.uk/server/rest/services/Surface_Level___mc_biomburnaes_am_2003_2019_MIL1/MapServer/1,,RasterDataset,/AQREAN Surface Level/Biomass Burning Aerosol in PM2.5 Dry Aerosol (Mass Concentration) (Surface Level) annual means,0,,Biomass Burning Aerosol in PM2.5 Dry Aerosol (Mass Concentration) (Surface Level) 2018 annual mean,[AQREAN_Cells],True,True,False,,,,data,2
223901,,19b03e37101-layer-86,Biomass Burning Aerosol in PM2.5 Dry Aerosol (Mass Concentration) (Surface Level) annual means,ArcGISMapServiceLayer,8be428b70a3940cb95a42f84ea7fcc3c,https://nercdsh.dev.azure.manchester.ac.uk/server/rest/services/Surface_Level___mc_biomburnaes_am_2003_2019_MIL1/MapServer/2,,RasterDataset,/AQREAN Surface Level/Biomass Burning Aerosol in PM2.5 Dry Aerosol (Mass Concentration) (Surface Level) annual means,0,,Biomass Burning Aerosol in PM2.5 Dry Aerosol (Mass Concentration) (Surface Level) 2017 annual mean,[AQREAN_Cells],True,True,False,,,,data,2
224001,,19b03e37101-layer-86,Biomass Burning Aerosol in PM2.5 Dry Aerosol (Mass Concentration) (Surface Level) annual means,ArcGISMapServiceLayer,8be428b70a3940cb95a42f84ea7fcc3c,https://nercdsh.dev.azure.manchester.ac.uk/server/rest/services/Surface_Level___mc_biomburnaes_am_2003_2019_MIL1/MapServer/3,,RasterDataset,/AQREAN Surface Level/Biomass Burning Aerosol in PM2.5 Dry Aerosol (Mass Concentration) (Surface Level) annual means,0,,Biomass Burning Aerosol in PM2.5 Dry Aerosol (Mass Concentration) (Surface Level) 2016 annual mean,[AQREAN_Cells],True,True,False,,,,data,2
224101,,19b03e37101-layer-86,Biomass Burning Aerosol in PM2.5 Dry Aerosol (Mass Concentration) (Surface Level) annual means,ArcGISMapServiceLayer,8be428b70a3940cb95a42f84ea7fcc3c,https://nercdsh.dev.azure.manchester.ac.uk/server/rest/services/Surface_Level___mc_biomburnaes_am_2003_2019_MIL1/MapServer/4,,RasterDataset,/AQREAN Surface Level/Biomass Burning Aerosol in PM2.5 Dry Aerosol (Mass Concentration) (Surface Level) annual means,0,,Biomass Burning Aerosol in PM2.5 Dry Aerosol (Mass Concentration) (Surface Level) 2015 annual mean,[AQREAN_Cells],True,True,False,,,,data,2
224201,,19b03e37101-layer-86,Biomass Burning Aerosol in PM2.5 Dry Aerosol (Mass Concentration) (Surface Level) annual means,ArcGISMapServiceLayer,8be428b70a3940cb95a42f84ea7fcc3c,https://nercdsh.dev.azure.manchester.ac.uk/server/rest/services/Surface_Level___mc_biomburnaes_am_2003_2019_MIL1/MapServer/5,,RasterDataset,/AQREAN Surface Level/Biomass Burning Aerosol in PM2.5 Dry Aerosol (Mass Concentration) (Surface Level) annual means,0,,Biomass Burning Aerosol in PM2.5 Dry Aerosol (Mass Concentration) (Surface Level) 2014 annual mean,[AQREAN_Cells],True,True,False,,,,data,2
224301,,19b03e37101-layer-86,Biomass Burning Aerosol in PM2.5 Dry Aerosol (Mass Concentration) (Surface Level) annual means,ArcGISMapServiceLayer,8be428b70a3940cb95a42f84ea7fcc3c,https://nercdsh.dev.azure.manchester.ac.uk/server/rest/services/Surface_Level___mc_biomburnaes_am_2003_2019_MIL1/MapServer/6,,RasterDataset,/AQREAN Surface Level/Biomass Burning Aerosol in PM2.5 Dry Aerosol (Mass Concentration) (Surface Level) annual means,0,,Biomass Burning Aerosol in PM2.5 Dry Aerosol (Mass Concentration) (Surface Level) 2012 annual mean,[AQREAN_Cells],True,True,False,,,,data,2
224401,,19b03e37101-layer-86,Biomass Burning Aerosol in PM2.5 Dry Aerosol (Mass Concentration) (Surface Level) annual means,ArcGISMapServiceLayer,8be428b70a3940cb95a42f84ea7fcc3c,https://nercdsh.dev.azure.manchester.ac.uk/server/rest/services/Surface_Level___mc_biomburnaes_am_2003_2019_MIL1/MapServer/7,,RasterDataset,/AQREAN Surface Level/Biomass Burning Aerosol in PM2.5 Dry Aerosol (Mass Concentration) (Surface Level) annual means,0,,Biomass Burning Aerosol in PM2.5 Dry Aerosol (Mass Concentration) (Surface Level) 2011 annual mean,[AQREAN_Cells],True,True,False,,,,data,2
224501,,19b03e37101-layer-86,Biomass Burning Aerosol in PM2.5 Dry Aerosol (Mass Concentration) (Surface Level) annual means,ArcGISMapServiceLayer,8be428b70a3940cb95a42f84ea7fcc3c,https://nercdsh.dev.azure.manchester.ac.uk/server/rest/services/Surface_Level___mc_biomburnaes_am_2003_2019_MIL1/MapServer/8,,RasterDataset,/AQREAN Surface Level/Biomass Burning Aerosol in PM2.5 Dry Aerosol (Mass Concentration) (Surface Level) annual means,0,,Biomass Burning Aerosol in PM2.5 Dry Aerosol (Mass Concentration) (Surface Level) 2010 annual mean,[AQREAN_Cells],True,True,False,,,,data,2
224601,,19b03e37101-layer-86,Biomass Burning Aerosol in PM2.5 Dry Aerosol (Mass Concentration) (Surface Level) annual means,ArcGISMapServiceLayer,8be428b70a3940cb95a42f84ea7fcc3c,https://nercdsh.dev.azure.manchester.ac.uk/server/rest/services/Surface_Level___mc_biomburnaes_am_2003_2019_MIL1/MapServer/9,,RasterDataset,/AQREAN Surface Level/Biomass Burning Aerosol in PM2.5 Dry Aerosol (Mass Concentration) (Surface Level) annual means,0,,Biomass Burning Aerosol in PM2.5 Dry Aerosol (Mass Concentration) (Surface Level) 2009 annual mean,[AQREAN_Cells],True,True,False,,,,data,2
224701,,19b03e37101-layer-86,Biomass Burning Aerosol in PM2.5 Dry Aerosol (Mass Concentration) (Surface Level) annual means,ArcGISMapServiceLayer,8be428b70a3940cb95a42f84ea7fcc3c,https://nercdsh.dev.azure.manchester.ac.uk/server/rest/services/Surface_Level___mc_biomburnaes_am_2003_2019_MIL1/MapServer/10,,RasterDataset,/AQREAN Surface Level/Biomass Burning Aerosol in PM2.5 Dry Aerosol (Mass Concentration) (Surface Level) annual means,0,,Biomass Burning Aerosol in PM2.5 Dry Aerosol (Mass Concentration) (Surface Level) 2008 annual mean,[AQREAN_Cells],True,True,False,,,,data,2
224801,,19b03e37101-layer-86,Biomass Burning Aerosol in PM2.5 Dry Aerosol (Mass Concentration) (Surface Level) annual means,ArcGISMapServiceLayer,8be428b70a3940cb95a42f84ea7fcc3c,https://nercdsh.dev.azure.manchester.ac.uk/server/rest/services/Surface_Level___mc_biomburnaes_am_2003_2019_MIL1/MapServer/11,,RasterDataset,/AQREAN Surface Level/Biomass Burning Aerosol in PM2.5 Dry Aerosol (Mass Concentration) (Surface Level) annual means,0,,Biomass Burning Aerosol in PM2.5 Dry Aerosol (Mass Concentration) (Surface Level) 2007 annual mean,[AQREAN_Cells],True,True,False,,,,data,2
224901,,19b03e37101-layer-86,Biomass Burning Aerosol in PM2.5 Dry Aerosol (Mass Concentration) (Surface Level) annual means,ArcGISMapServiceLayer,8be428b70a3940cb95a42f84ea7fcc3c,https://nercdsh.dev.azure.manchester.ac.uk/server/rest/services/Surface_Level___mc_biomburnaes_am_2003_2019_MIL1/MapServer/12,,RasterDataset,/AQREAN Surface Level/Biomass Burning Aerosol in PM2.5 Dry Aerosol (Mass Concentration) (Surface Level) annual means,0,,Biomass Burning Aerosol in PM2.5 Dry Aerosol (Mass Concentration) (Surface Level) 2006 annual mean,[AQREAN_Cells],True,True,False,,,,data,2
225001,,19b03e37101-layer-86,Biomass Burning Aerosol in PM2.5 Dry Aerosol (Mass Concentration) (Surface Level) annual means,ArcGISMapServiceLayer,8be428b70a3940cb95a42f84ea7fcc3c,https://nercdsh.dev.azure.manchester.ac.uk/server/rest/services/Surface_Level___mc_biomburnaes_am_2003_2019_MIL1/MapServer/13,,RasterDataset,/AQREAN Surface Level/Biomass Burning Aerosol in PM2.5 Dry Aerosol (Mass Concentration) (Surface Level) annual means,0,,Biomass Burning Aerosol in PM2.5 Dry Aerosol (Mass Concentration) (Surface Level) 2005 annual mean,[AQREAN_Cells],True,True,False,,,,data,2
225101,,19b03e37101-layer-86,Biomass Burning Aerosol in PM2.5 Dry Aerosol (Mass Concentration) (Surface Level) annual means,ArcGISMapServiceLayer,8be428b70a3940cb95a42f84ea7fcc3c,https://nercdsh.dev.azure.manchester.ac.uk/server/rest/services/Surface_Level___mc_biomburnaes_am_2003_2019_MIL1/MapServer/14,,RasterDataset,/AQREAN Surface Level/Biomass Burning Aerosol in PM2.5 Dry Aerosol (Mass Concentration) (Surface Level) annual means,0,,Biomass Burning Aerosol in PM2.5 Dry Aerosol (Mass Concentration) (Surface Level) 2004 annual mean,[AQREAN_Cells],True,True,False,,,,data,2
225201,,19b03e37101-layer-86,Biomass Burning Aerosol in PM2.5 Dry Aerosol (Mass Concentration) (Surface Level) annual means,ArcGISMapServiceLayer,8be428b70a3940cb95a42f84ea7fcc3c,https://nercdsh.dev.azure.manchester.ac.uk/server/rest/services/Surface_Level___mc_biomburnaes_am_2003_2019_MIL1/MapServer/15,,RasterDataset,/AQREAN Surface Level/Biomass Burning Aerosol in PM2.5 Dry Aerosol (Mass Concentration) (Surface Level) annual means,0,,Biomass Burning Aerosol in PM2.5 Dry Aerosol (Mass Concentration) (Surface Level) 2003 annual mean,[AQREAN_Cells],True,True,False,,,,data,2
225301,,19b03e33424-layer-85,Black Carbon in PM2.5 Dry Aerosol (Mass Concentration) (Surface Level) annual means,ArcGISMapServiceLayer,b8a7e2fd8d8443b5bfe21cfad9823a89,https://nercdsh.dev.azure.manchester.ac.uk/server/rest/services/Surface_Level___Black_Carbon_PM2p5_WebMap_MIL1/MapServer/0,,RasterDataset,/AQREAN Surface Level/Black Carbon in PM2.5 Dry Aerosol (Mass Concentration) (Surface Level) annual means,0,,Black Carbon in PM2.5 Dry Aerosol (Mass Concentration) (Surface Level) 2019 annual mean,[AQREAN_Cells],True,True,False,,,,data,2
225401,,19b03e33424-layer-85,Black Carbon in PM2.5 Dry Aerosol (Mass Concentration) (Surface Level) annual means,ArcGISMapServiceLayer,b8a7e2fd8d8443b5bfe21cfad9823a89,https://nercdsh.dev.azure.manchester.ac.uk/server/rest/services/Surface_Level___Black_Carbon_PM2p5_WebMap_MIL1/MapServer/1,,RasterDataset,/AQREAN Surface Level/Black Carbon in PM2.5 Dry Aerosol (Mass Concentration) (Surface Level) annual means,0,,Black Carbon in PM2.5 Dry Aerosol (Mass Concentration) (Surface Level) 2018 annual mean,[AQREAN_Cells],True,True,False,,,,data,2
225501,,19b03e33424-layer-85,Black Carbon in PM2.5 Dry Aerosol (Mass Concentration) (Surface Level) annual means,ArcGISMapServiceLayer,b8a7e2fd8d8443b5bfe21cfad9823a89,https://nercdsh.dev.azure.manchester.ac.uk/server/rest/services/Surface_Level___Black_Carbon_PM2p5_WebMap_MIL1/MapServer/2,,RasterDataset,/AQREAN Surface Level/Black Carbon in PM2.5 Dry Aerosol (Mass Concentration) (Surface Level) annual means,0,,Black Carbon in PM2.5 Dry Aerosol (Mass Concentration) (Surface Level) 2017 annual mean,[AQREAN_Cells],True,True,False,,,,data,2
225601,,19b03e33424-layer-85,Black Carbon in PM2.5 Dry Aerosol (Mass Concentration) (Surface Level) annual means,ArcGISMapServiceLayer,b8a7e2fd8d8443b5bfe21cfad9823a89,https://nercdsh.dev.azure.manchester.ac.uk/server/rest/services/Surface_Level___Black_Carbon_PM2p5_WebMap_MIL1/MapServer/3,,RasterDataset,/AQREAN Surface Level/Black Carbon in PM2.5 Dry Aerosol (Mass Concentration) (Surface Level) annual means,0,,Black Carbon in PM2.5 Dry Aerosol (Mass Concentration) (Surface Level) 2016 annual mean,[AQREAN_Cells],True,True,False,,,,data,2
225701,,19b03e33424-layer-85,Black Carbon in PM2.5 Dry Aerosol (Mass Concentration) (Surface Level) annual means,ArcGISMapServiceLayer,b8a7e2fd8d8443b5bfe21cfad9823a89,https://nercdsh.dev.azure.manchester.ac.uk/server/rest/services/Surface_Level___Black_Carbon_PM2p5_WebMap_MIL1/MapServer/4,,RasterDataset,/AQREAN Surface Level/Black Carbon in PM2.5 Dry Aerosol (Mass Concentration) (Surface Level) annual means,0,,Black Carbon in PM2.5 Dry Aerosol (Mass Concentration) (Surface Level) 2015 annual mean,[AQREAN_Cells],True,True,False,,,,data,2
225801,,19b03e33424-layer-85,Black Carbon in PM2.5 Dry Aerosol (Mass Concentration) (Surface Level) annual means,ArcGISMapServiceLayer,b8a7e2fd8d8443b5bfe21cfad9823a89,https://nercdsh.dev.azure.manchester.ac.uk/server/rest/services/Surface_Level___Black_Carbon_PM2p5_WebMap_MIL1/MapServer/5,,RasterDataset,/AQREAN Surface Level/Black Carbon in PM2.5 Dry Aerosol (Mass Concentration) (Surface Level) annual means,0,,Black Carbon in PM2.5 Dry Aerosol (Mass Concentration) (Surface Level) 2014 annual mean,[AQREAN_Cells],True,True,False,,,,data,2
225901,,19b03e33424-layer-85,Black Carbon in PM2.5 Dry Aerosol (Mass Concentration) (Surface Level) annual means,ArcGISMapServiceLayer,b8a7e2fd8d8443b5bfe21cfad9823a89,https://nercdsh.dev.azure.manchester.ac.uk/server/rest/services/Surface_Level___Black_Carbon_PM2p5_WebMap_MIL1/MapServer/6,,RasterDataset,/AQREAN Surface Level/Black Carbon in PM2.5 Dry Aerosol (Mass Concentration) (Surface Level) annual means,0,,Black Carbon in PM2.5 Dry Aerosol (Mass Concentration) (Surface Level) 2012 annual mean,[AQREAN_Cells],True,True,False,,,,data,2
226001,,19b03e33424-layer-85,Black Carbon in PM2.5 Dry Aerosol (Mass Concentration) (Surface Level) annual means,ArcGISMapServiceLayer,b8a7e2fd8d8443b5bfe21cfad9823a89,https://nercdsh.dev.azure.manchester.ac.uk/server/rest/services/Surface_Level___Black_Carbon_PM2p5_WebMap_MIL1/MapServer/7,,RasterDataset,/AQREAN Surface Level/Black Carbon in PM2.5 Dry Aerosol (Mass Concentration) (Surface Level) annual means,0,,Black Carbon in PM2.5 Dry Aerosol (Mass Concentration) (Surface Level) 2011 annual mean,[AQREAN_Cells],True,True,False,,,,data,2
226101,,19b03e33424-layer-85,Black Carbon in PM2.5 Dry Aerosol (Mass Concentration) (Surface Level) annual means,ArcGISMapServiceLayer,b8a7e2fd8d8443b5bfe21cfad9823a89,https://nercdsh.dev.azure.manchester.ac.uk/server/rest/services/Surface_Level___Black_Carbon_PM2p5_WebMap_MIL1/MapServer/8,,RasterDataset,/AQREAN Surface Level/Black Carbon in PM2.5 Dry Aerosol (Mass Concentration) (Surface Level) annual means,0,,Black Carbon in PM2.5 Dry Aerosol (Mass Concentration) (Surface Level) 2010 annual mean,[AQREAN_Cells],True,True,False,,,,data,2
226201,,19b03e33424-layer-85,Black Carbon in PM2.5 Dry Aerosol (Mass Concentration) (Surface Level) annual means,ArcGISMapServiceLayer,b8a7e2fd8d8443b5bfe21cfad9823a89,https://nercdsh.dev.azure.manchester.ac.uk/server/rest/services/Surface_Level___Black_Carbon_PM2p5_WebMap_MIL1/MapServer/9,,RasterDataset,/AQREAN Surface Level/Black Carbon in PM2.5 Dry Aerosol (Mass Concentration) (Surface Level) annual means,0,,Black Carbon in PM2.5 Dry Aerosol (Mass Concentration) (Surface Level) 2009 annual mean,[AQREAN_Cells],True,True,False,,,,data,2
226301,,19b03e33424-layer-85,Black Carbon in PM2.5 Dry Aerosol (Mass Concentration) (Surface Level) annual means,ArcGISMapServiceLayer,b8a7e2fd8d8443b5bfe21cfad9823a89,https://nercdsh.dev.azure.manchester.ac.uk/server/rest/services/Surface_Level___Black_Carbon_PM2p5_WebMap_MIL1/MapServer/10,,RasterDataset,/AQREAN Surface Level/Black Carbon in PM2.5 Dry Aerosol (Mass Concentration) (Surface Level) annual means,0,,Black Carbon in PM2.5 Dry Aerosol (Mass Concentration) (Surface Level) 2008 annual mean,[AQREAN_Cells],True,True,False,,,,data,2
226401,,19b03e33424-layer-85,Black Carbon in PM2.5 Dry Aerosol (Mass Concentration) (Surface Level) annual means,ArcGISMapServiceLayer,b8a7e2fd8d8443b5bfe21cfad9823a89,https://nercdsh.dev.azure.manchester.ac.uk/server/rest/services/Surface_Level___Black_Carbon_PM2p5_WebMap_MIL1/MapServer/11,,RasterDataset,/AQREAN Surface Level/Black Carbon in PM2.5 Dry Aerosol (Mass Concentration) (Surface Level) annual means,0,,Black Carbon in PM2.5 Dry Aerosol (Mass Concentration) (Surface Level) 2007 annual mean,[AQREAN_Cells],True,True,False,,,,data,2
226501,,19b03e33424-layer-85,Black Carbon in PM2.5 Dry Aerosol (Mass Concentration) (Surface Level) annual means,ArcGISMapServiceLayer,b8a7e2fd8d8443b5bfe21cfad9823a89,https://nercdsh.dev.azure.manchester.ac.uk/server/rest/services/Surface_Level___Black_Carbon_PM2p5_WebMap_MIL1/MapServer/12,,RasterDataset,/AQREAN Surface Level/Black Carbon in PM2.5 Dry Aerosol (Mass Concentration) (Surface Level) annual means,0,,Black Carbon in PM2.5 Dry Aerosol (Mass Concentration) (Surface Level) 2006 annual mean,[AQREAN_Cells],True,True,False,,,,data,2
226601,,19b03e33424-layer-85,Black Carbon in PM2.5 Dry Aerosol (Mass Concentration) (Surface Level) annual means,ArcGISMapServiceLayer,b8a7e2fd8d8443b5bfe21cfad9823a89,https://nercdsh.dev.azure.manchester.ac.uk/server/rest/services/Surface_Level___Black_Carbon_PM2p5_WebMap_MIL1/MapServer/13,,RasterDataset,/AQREAN Surface Level/Black Carbon in PM2.5 Dry Aerosol (Mass Concentration) (Surface Level) annual means,0,,Black Carbon in PM2.5 Dry Aerosol (Mass Concentration) (Surface Level) 2005 annual mean,[AQREAN_Cells],True,True,False,,,,data,2
226701,,19b03e33424-layer-85,Black Carbon in PM2.5 Dry Aerosol (Mass Concentration) (Surface Level) annual means,ArcGISMapServiceLayer,b8a7e2fd8d8443b5bfe21cfad9823a89,https://nercdsh.dev.azure.manchester.ac.uk/server/rest/services/Surface_Level___Black_Carbon_PM2p5_WebMap_MIL1/MapServer/14,,RasterDataset,/AQREAN Surface Level/Black Carbon in PM2.5 Dry Aerosol (Mass Concentration) (Surface Level) annual means,0,,Black Carbon in PM2.5 Dry Aerosol (Mass Concentration) (Surface Level) 2004 annual mean,[AQREAN_Cells],True,True,False,,,,data,2
226801,,19b03e33424-layer-85,Black Carbon in PM2.5 Dry Aerosol (Mass Concentration) (Surface Level) annual means,ArcGISMapServiceLayer,b8a7e2fd8d8443b5bfe21cfad9823a89,https://nercdsh.dev.azure.manchester.ac.uk/server/rest/services/Surface_Level___Black_Carbon_PM2p5_WebMap_MIL1/MapServer/15,,RasterDataset,/AQREAN Surface Level/Black Carbon in PM2.5 Dry Aerosol (Mass Concentration) (Surface Level) annual means,0,,Black Carbon in PM2.5 Dry Aerosol (Mass Concentration) (Surface Level) 2003 annual mean,[AQREAN_Cells],True,True,False,,,,data,2
226901,,19b03ea9b65-layer-91,AQREAN Dust in PM2.5 Dry Aerosol (Mass Concentration) (Surface Level) annual means MIL,ArcGISMapServiceLayer,18ac5dcd665643d4ab8eb69df57c21ac,https://nercdsh.dev.azure.manchester.ac.uk/server/rest/services/Surface_Level___Dust_PM2_5_WebMap_MIL1/MapServer/0,,RasterDataset,/AQREAN Surface Level/AQREAN Dust in PM2.5 Dry Aerosol (Mass Concentration) (Surface Level) annual means MIL,0,,Dust in PM2.5 Dry Aerosol (Mass Concentration) (Surface Level) 2019 annual mean,[AQREAN_Cells],True,True,False,,,,data,2
227001,,19b03ea9b65-layer-91,AQREAN Dust in PM2.5 Dry Aerosol (Mass Concentration) (Surface Level) annual means MIL,ArcGISMapServiceLayer,18ac5dcd665643d4ab8eb69df57c21ac,https://nercdsh.dev.azure.manchester.ac.uk/server/rest/services/Surface_Level___Dust_PM2_5_WebMap_MIL1/MapServer/1,,RasterDataset,/AQREAN Surface Level/AQREAN Dust in PM2.5 Dry Aerosol (Mass Concentration) (Surface Level) annual means MIL,0,,Dust in PM2.5 Dry Aerosol (Mass Concentration) (Surface Level) 2018 annual mean,[AQREAN_Cells],True,True,False,,,,data,2
227101,,19b03ea9b65-layer-91,AQREAN Dust in PM2.5 Dry Aerosol (Mass Concentration) (Surface Level) annual means MIL,ArcGISMapServiceLayer,18ac5dcd665643d4ab8eb69df57c21ac,https://nercdsh.dev.azure.manchester.ac.uk/server/rest/services/Surface_Level___Dust_PM2_5_WebMap_MIL1/MapServer/2,,RasterDataset,/AQREAN Surface Level/AQREAN Dust in PM2.5 Dry Aerosol (Mass Concentration) (Surface Level) annual means MIL,0,,Dust in PM2.5 Dry Aerosol (Mass Concentration) (Surface Level) 2017 annual mean,[AQREAN_Cells],True,True,False,,,,data,2
227201,,19b03ea9b65-layer-91,AQREAN Dust in PM2.5 Dry Aerosol (Mass Concentration) (Surface Level) annual means MIL,ArcGISMapServiceLayer,18ac5dcd665643d4ab8eb69df57c21ac,https://nercdsh.dev.azure.manchester.ac.uk/server/rest/services/Surface_Level___Dust_PM2_5_WebMap_MIL1/MapServer/3,,RasterDataset,/AQREAN Surface Level/AQREAN Dust in PM2.5 Dry Aerosol (Mass Concentration) (Surface Level) annual means MIL,0,,Dust in PM2.5 Dry Aerosol (Mass Concentration) (Surface Level) 2016 annual mean,[AQREAN_Cells],True,True,False,,,,data,2
227301,,19b03ea9b65-layer-91,AQREAN Dust in PM2.5 Dry Aerosol (Mass Concentration) (Surface Level) annual means MIL,ArcGISMapServiceLayer,18ac5dcd665643d4ab8eb69df57c21ac,https://nercdsh.dev.azure.manchester.ac.uk/server/rest/services/Surface_Level___Dust_PM2_5_WebMap_MIL1/MapServer/4,,RasterDataset,/AQREAN Surface Level/AQREAN Dust in PM2.5 Dry Aerosol (Mass Concentration) (Surface Level) annual means MIL,0,,Dust in PM2.5 Dry Aerosol (Mass Concentration) (Surface Level) 2015 annual mean,[AQREAN_Cells],True,True,False,,,,data,2
227401,,19b03ea9b65-layer-91,AQREAN Dust in PM2.5 Dry Aerosol (Mass Concentration) (Surface Level) annual means MIL,ArcGISMapServiceLayer,18ac5dcd665643d4ab8eb69df57c21ac,https://nercdsh.dev.azure.manchester.ac.uk/server/rest/services/Surface_Level___Dust_PM2_5_WebMap_MIL1/MapServer/5,,RasterDataset,/AQREAN Surface Level/AQREAN Dust in PM2.5 Dry Aerosol (Mass Concentration) (Surface Level) annual means MIL,0,,Dust in PM2.5 Dry Aerosol (Mass Concentration) (Surface Level) 2014 annual mean,[AQREAN_Cells],True,True,False,,,,data,2
227501,,19b03ea9b65-layer-91,AQREAN Dust in PM2.5 Dry Aerosol (Mass Concentration) (Surface Level) annual means MIL,ArcGISMapServiceLayer,18ac5dcd665643d4ab8eb69df57c21ac,https://nercdsh.dev.azure.manchester.ac.uk/server/rest/services/Surface_Level___Dust_PM2_5_WebMap_MIL1/MapServer/6,,RasterDataset,/AQREAN Surface Level/AQREAN Dust in PM2.5 Dry Aerosol (Mass Concentration) (Surface Level) annual means MIL,0,,Dust in PM2.5 Dry Aerosol (Mass Concentration) (Surface Level) 2012 annual mean,[AQREAN_Cells],True,True,False,,,,data,2
227601,,19b03ea9b65-layer-91,AQREAN Dust in PM2.5 Dry Aerosol (Mass Concentration) (Surface Level) annual means MIL,ArcGISMapServiceLayer,18ac5dcd665643d4ab8eb69df57c21ac,https://nercdsh.dev.azure.manchester.ac.uk/server/rest/services/Surface_Level___Dust_PM2_5_WebMap_MIL1/MapServer/7,,RasterDataset,/AQREAN Surface Level/AQREAN Dust in PM2.5 Dry Aerosol (Mass Concentration) (Surface Level) annual means MIL,0,,Dust in PM2.5 Dry Aerosol (Mass Concentration) (Surface Level) 2011 annual mean,[AQREAN_Cells],True,True,False,,,,data,2
227701,,19b03ea9b65-layer-91,AQREAN Dust in PM2.5 Dry Aerosol (Mass Concentration) (Surface Level) annual means MIL,ArcGISMapServiceLayer,18ac5dcd665643d4ab8eb69df57c21ac,https://nercdsh.dev.azure.manchester.ac.uk/server/rest/services/Surface_Level___Dust_PM2_5_WebMap_MIL1/MapServer/8,,RasterDataset,/AQREAN Surface Level/AQREAN Dust in PM2.5 Dry Aerosol (Mass Concentration) (Surface Level) annual means MIL,0,,Dust in PM2.5 Dry Aerosol (Mass Concentration) (Surface Level) 2010 annual mean,[AQREAN_Cells],True,True,False,,,,data,2
227801,,19b03ea9b65-layer-91,AQREAN Dust in PM2.5 Dry Aerosol (Mass Concentration) (Surface Level) annual means MIL,ArcGISMapServiceLayer,18ac5dcd665643d4ab8eb69df57c21ac,https://nercdsh.dev.azure.manchester.ac.uk/server/rest/services/Surface_Level___Dust_PM2_5_WebMap_MIL1/MapServer/9,,RasterDataset,/AQREAN Surface Level/AQREAN Dust in PM2.5 Dry Aerosol (Mass Concentration) (Surface Level) annual means MIL,0,,Dust in PM2.5 Dry Aerosol (Mass Concentration) (Surface Level) 2009 annual mean,[AQREAN_Cells],True,True,False,,,,data,2
227901,,19b03ea9b65-layer-91,AQREAN Dust in PM2.5 Dry Aerosol (Mass Concentration) (Surface Level) annual means MIL,ArcGISMapServiceLayer,18ac5dcd665643d4ab8eb69df57c21ac,https://nercdsh.dev.azure.manchester.ac.uk/server/rest/services/Surface_Level___Dust_PM2_5_WebMap_MIL1/MapServer/10,,RasterDataset,/AQREAN Surface Level/AQREAN Dust in PM2.5 Dry Aerosol (Mass Concentration) (Surface Level) annual means MIL,0,,Dust in PM2.5 Dry Aerosol (Mass Concentration) (Surface Level) 2008 annual mean,[AQREAN_Cells],True,True,False,,,,data,2
228001,,19b03ea9b65-layer-91,AQREAN Dust in PM2.5 Dry Aerosol (Mass Concentration) (Surface Level) annual means MIL,ArcGISMapServiceLayer,18ac5dcd665643d4ab8eb69df57c21ac,https://nercdsh.dev.azure.manchester.ac.uk/server/rest/services/Surface_Level___Dust_PM2_5_WebMap_MIL1/MapServer/11,,RasterDataset,/AQREAN Surface Level/AQREAN Dust in PM2.5 Dry Aerosol (Mass Concentration) (Surface Level) annual means MIL,0,,Dust in PM2.5 Dry Aerosol (Mass Concentration) (Surface Level) 2007 annual mean,[AQREAN_Cells],True,True,False,,,,data,2
228101,,19b03ea9b65-layer-91,AQREAN Dust in PM2.5 Dry Aerosol (Mass Concentration) (Surface Level) annual means MIL,ArcGISMapServiceLayer,18ac5dcd665643d4ab8eb69df57c21ac,https://nercdsh.dev.azure.manchester.ac.uk/server/rest/services/Surface_Level___Dust_PM2_5_WebMap_MIL1/MapServer/12,,RasterDataset,/AQREAN Surface Level/AQREAN Dust in PM2.5 Dry Aerosol (Mass Concentration) (Surface Level) annual means MIL,0,,Dust in PM2.5 Dry Aerosol (Mass Concentration) (Surface Level) 2006 annual mean,[AQREAN_Cells],True,True,False,,,,data,2
228201,,19b03ea9b65-layer-91,AQREAN Dust in PM2.5 Dry Aerosol (Mass Concentration) (Surface Level) annual means MIL,ArcGISMapServiceLayer,18ac5dcd665643d4ab8eb69df57c21ac,https://nercdsh.dev.azure.manchester.ac.uk/server/rest/services/Surface_Level___Dust_PM2_5_WebMap_MIL1/MapServer/13,,RasterDataset,/AQREAN Surface Level/AQREAN Dust in PM2.5 Dry Aerosol (Mass Concentration) (Surface Level) annual means MIL,0,,Dust in PM2.5 Dry Aerosol (Mass Concentration) (Surface Level) 2005 annual mean,[AQREAN_Cells],True,True,False,,,,data,2
228301,,19b03ea9b65-layer-91,AQREAN Dust in PM2.5 Dry Aerosol (Mass Concentration) (Surface Level) annual means MIL,ArcGISMapServiceLayer,18ac5dcd665643d4ab8eb69df57c21ac,https://nercdsh.dev.azure.manchester.ac.uk/server/rest/services/Surface_Level___Dust_PM2_5_WebMap_MIL1/MapServer/14,,RasterDataset,/AQREAN Surface Level/AQREAN Dust in PM2.5 Dry Aerosol (Mass Concentration) (Surface Level) annual means MIL,0,,Dust in PM2.5 Dry Aerosol (Mass Concentration) (Surface Level) 2004 annual mean,[AQREAN_Cells],True,True,False,,,,data,2
228401,,19b03ea9b65-layer-91,AQREAN Dust in PM2.5 Dry Aerosol (Mass Concentration) (Surface Level) annual means MIL,ArcGISMapServiceLayer,18ac5dcd665643d4ab8eb69df57c21ac,https://nercdsh.dev.azure.manchester.ac.uk/server/rest/services/Surface_Level___Dust_PM2_5_WebMap_MIL1/MapServer/15,,RasterDataset,/AQREAN Surface Level/AQREAN Dust in PM2.5 Dry Aerosol (Mass Concentration) (Surface Level) annual means MIL,0,,Dust in PM2.5 Dry Aerosol (Mass Concentration) (Surface Level) 2003 annual mean,[AQREAN_Cells],True,True,False,,,,data,2
228501,,19b03e9f5c6-layer-90,AQREAN Nitrate (NO3) in PM2.5 Dry Aerosol (Mass Concentration) (Surface Level) annual means MIL,ArcGISMapServiceLayer,50191426c2394a33b1798ee18a014280,https://nercdsh.dev.azure.manchester.ac.uk/server/rest/services/Surface_Level___Nitrate_PM_2_5_WebMap_MIL1/MapServer/0,,RasterDataset,/AQREAN Surface Level/AQREAN Nitrate (NO3) in PM2.5 Dry Aerosol (Mass Concentration) (Surface Level) annual means MIL,0,,Nitrate in PM2.5 Dry Aerosol (Mass Concentration) (Surface Level) 2019 annual mean,[AQREAN_Cells],True,True,False,,,,data,2
228601,,19b03e9f5c6-layer-90,AQREAN Nitrate (NO3) in PM2.5 Dry Aerosol (Mass Concentration) (Surface Level) annual means MIL,ArcGISMapServiceLayer,50191426c2394a33b1798ee18a014280,https://nercdsh.dev.azure.manchester.ac.uk/server/rest/services/Surface_Level___Nitrate_PM_2_5_WebMap_MIL1/MapServer/1,,RasterDataset,/AQREAN Surface Level/AQREAN Nitrate (NO3) in PM2.5 Dry Aerosol (Mass Concentration) (Surface Level) annual means MIL,0,,Nitrate in PM2.5 Dry Aerosol (Mass Concentration) (Surface Level) 2018 annual mean,[AQREAN_Cells],True,True,False,,,,data,2
228701,,19b03e9f5c6-layer-90,AQREAN Nitrate (NO3) in PM2.5 Dry Aerosol (Mass Concentration) (Surface Level) annual means MIL,ArcGISMapServiceLayer,50191426c2394a33b1798ee18a014280,https://nercdsh.dev.azure.manchester.ac.uk/server/rest/services/Surface_Level___Nitrate_PM_2_5_WebMap_MIL1/MapServer/2,,RasterDataset,/AQREAN Surface Level/AQREAN Nitrate (NO3) in PM2.5 Dry Aerosol (Mass Concentration) (Surface Level) annual means MIL,0,,Nitrate in PM2.5 Dry Aerosol (Mass Concentration) (Surface Level) 2017 annual mean,[AQREAN_Cells],True,True,False,,,,data,2
228801,,19b03e9f5c6-layer-90,AQREAN Nitrate (NO3) in PM2.5 Dry Aerosol (Mass Concentration) (Surface Level) annual means MIL,ArcGISMapServiceLayer,50191426c2394a33b1798ee18a014280,https://nercdsh.dev.azure.manchester.ac.uk/server/rest/services/Surface_Level___Nitrate_PM_2_5_WebMap_MIL1/MapServer/3,,RasterDataset,/AQREAN Surface Level/AQREAN Nitrate (NO3) in PM2.5 Dry Aerosol (Mass Concentration) (Surface Level) annual means MIL,0,,Nitrate in PM2.5 Dry Aerosol (Mass Concentration) (Surface Level) 2016 annual mean,[AQREAN_Cells],True,True,False,,,,data,2
228901,,19b03e9f5c6-layer-90,AQREAN Nitrate (NO3) in PM2.5 Dry Aerosol (Mass Concentration) (Surface Level) annual means MIL,ArcGISMapServiceLayer,50191426c2394a33b1798ee18a014280,https://nercdsh.dev.azure.manchester.ac.uk/server/rest/services/Surface_Level___Nitrate_PM_2_5_WebMap_MIL1/MapServer/4,,RasterDataset,/AQREAN Surface Level/AQREAN Nitrate (NO3) in PM2.5 Dry Aerosol (Mass Concentration) (Surface Level) annual means MIL,0,,Nitrate in PM2.5 Dry Aerosol (Mass Concentration) (Surface Level) 2015 annual mean,[AQREAN_Cells],True,True,False,,,,data,2
229001,,19b03e9f5c6-layer-90,AQREAN Nitrate (NO3) in PM2.5 Dry Aerosol (Mass Concentration) (Surface Level) annual means MIL,ArcGISMapServiceLayer,50191426c2394a33b1798ee18a014280,https://nercdsh.dev.azure.manchester.ac.uk/server/rest/services/Surface_Level___Nitrate_PM_2_5_WebMap_MIL1/MapServer/5,,RasterDataset,/AQREAN Surface Level/AQREAN Nitrate (NO3) in PM2.5 Dry Aerosol (Mass Concentration) (Surface Level) annual means MIL,0,,Nitrate in PM2.5 Dry Aerosol (Mass Concentration) (Surface Level) 2014 annual mean,[AQREAN_Cells],True,True,False,,,,data,2
229101,,19b03e9f5c6-layer-90,AQREAN Nitrate (NO3) in PM2.5 Dry Aerosol (Mass Concentration) (Surface Level) annual means MIL,ArcGISMapServiceLayer,50191426c2394a33b1798ee18a014280,https://nercdsh.dev.azure.manchester.ac.uk/server/rest/services/Surface_Level___Nitrate_PM_2_5_WebMap_MIL1/MapServer/6,,RasterDataset,/AQREAN Surface Level/AQREAN Nitrate (NO3) in PM2.5 Dry Aerosol (Mass Concentration) (Surface Level) annual means MIL,0,,Nitrate in PM2.5 Dry Aerosol (Mass Concentration) (Surface Level) 2012 annual mean,[AQREAN_Cells],True,True,False,,,,data,2
229201,,19b03e9f5c6-layer-90,AQREAN Nitrate (NO3) in PM2.5 Dry Aerosol (Mass Concentration) (Surface Level) annual means MIL,ArcGISMapServiceLayer,50191426c2394a33b1798ee18a014280,https://nercdsh.dev.azure.manchester.ac.uk/server/rest/services/Surface_Level___Nitrate_PM_2_5_WebMap_MIL1/MapServer/7,,RasterDataset,/AQREAN Surface Level/AQREAN Nitrate (NO3) in PM2.5 Dry Aerosol (Mass Concentration) (Surface Level) annual means MIL,0,,Nitrate in PM2.5 Dry Aerosol (Mass Concentration) (Surface Level) 2011 annual mean,[AQREAN_Cells],True,True,False,,,,data,2
229301,,19b03e9f5c6-layer-90,AQREAN Nitrate (NO3) in PM2.5 Dry Aerosol (Mass Concentration) (Surface Level) annual means MIL,ArcGISMapServiceLayer,50191426c2394a33b1798ee18a014280,https://nercdsh.dev.azure.manchester.ac.uk/server/rest/services/Surface_Level___Nitrate_PM_2_5_WebMap_MIL1/MapServer/8,,RasterDataset,/AQREAN Surface Level/AQREAN Nitrate (NO3) in PM2.5 Dry Aerosol (Mass Concentration) (Surface Level) annual means MIL,0,,Nitrate in PM2.5 Dry Aerosol (Mass Concentration) (Surface Level) 2010 annual mean,[AQREAN_Cells],True,True,False,,,,data,2
229401,,19b03e9f5c6-layer-90,AQREAN Nitrate (NO3) in PM2.5 Dry Aerosol (Mass Concentration) (Surface Level) annual means MIL,ArcGISMapServiceLayer,50191426c2394a33b1798ee18a014280,https://nercdsh.dev.azure.manchester.ac.uk/server/rest/services/Surface_Level___Nitrate_PM_2_5_WebMap_MIL1/MapServer/9,,RasterDataset,/AQREAN Surface Level/AQREAN Nitrate (NO3) in PM2.5 Dry Aerosol (Mass Concentration) (Surface Level) annual means MIL,0,,Nitrate in PM2.5 Dry Aerosol (Mass Concentration) (Surface Level) 2009 annual mean,[AQREAN_Cells],True,True,False,,,,data,2
229501,,19b03e9f5c6-layer-90,AQREAN Nitrate (NO3) in PM2.5 Dry Aerosol (Mass Concentration) (Surface Level) annual means MIL,ArcGISMapServiceLayer,50191426c2394a33b1798ee18a014280,https://nercdsh.dev.azure.manchester.ac.uk/server/rest/services/Surface_Level___Nitrate_PM_2_5_WebMap_MIL1/MapServer/10,,RasterDataset,/AQREAN Surface Level/AQREAN Nitrate (NO3) in PM2.5 Dry Aerosol (Mass Concentration) (Surface Level) annual means MIL,0,,Nitrate in PM2.5 Dry Aerosol (Mass Concentration) (Surface Level) 2008 annual mean,[AQREAN_Cells],True,True,False,,,,data,2
229601,,19b03e9f5c6-layer-90,AQREAN Nitrate (NO3) in PM2.5 Dry Aerosol (Mass Concentration) (Surface Level) annual means MIL,ArcGISMapServiceLayer,50191426c2394a33b1798ee18a014280,https://nercdsh.dev.azure.manchester.ac.uk/server/rest/services/Surface_Level___Nitrate_PM_2_5_WebMap_MIL1/MapServer/11,,RasterDataset,/AQREAN Surface Level/AQREAN Nitrate (NO3) in PM2.5 Dry Aerosol (Mass Concentration) (Surface Level) annual means MIL,0,,Nitrate in PM2.5 Dry Aerosol (Mass Concentration) (Surface Level) 2007 annual mean,[AQREAN_Cells],True,True,False,,,,data,2
229701,,19b03e9f5c6-layer-90,AQREAN Nitrate (NO3) in PM2.5 Dry Aerosol (Mass Concentration) (Surface Level) annual means MIL,ArcGISMapServiceLayer,50191426c2394a33b1798ee18a014280,https://nercdsh.dev.azure.manchester.ac.uk/server/rest/services/Surface_Level___Nitrate_PM_2_5_WebMap_MIL1/MapServer/12,,RasterDataset,/AQREAN Surface Level/AQREAN Nitrate (NO3) in PM2.5 Dry Aerosol (Mass Concentration) (Surface Level) annual means MIL,0,,Nitrate in PM2.5 Dry Aerosol (Mass Concentration) (Surface Level) 2006 annual mean,[AQREAN_Cells],True,True,False,,,,data,2
229801,,19b03e9f5c6-layer-90,AQREAN Nitrate (NO3) in PM2.5 Dry Aerosol (Mass Concentration) (Surface Level) annual means MIL,ArcGISMapServiceLayer,50191426c2394a33b1798ee18a014280,https://nercdsh.dev.azure.manchester.ac.uk/server/rest/services/Surface_Level___Nitrate_PM_2_5_WebMap_MIL1/MapServer/13,,RasterDataset,/AQREAN Surface Level/AQREAN Nitrate (NO3) in PM2.5 Dry Aerosol (Mass Concentration) (Surface Level) annual means MIL,0,,Nitrate in PM2.5 Dry Aerosol (Mass Concentration) (Surface Level) 2005 annual mean,[AQREAN_Cells],True,True,False,,,,data,2
229901,,19b03e9f5c6-layer-90,AQREAN Nitrate (NO3) in PM2.5 Dry Aerosol (Mass Concentration) (Surface Level) annual means MIL,ArcGISMapServiceLayer,50191426c2394a33b1798ee18a014280,https://nercdsh.dev.azure.manchester.ac.uk/server/rest/services/Surface_Level___Nitrate_PM_2_5_WebMap_MIL1/MapServer/14,,RasterDataset,/AQREAN Surface Level/AQREAN Nitrate (NO3) in PM2.5 Dry Aerosol (Mass Concentration) (Surface Level) annual means MIL,0,,Nitrate in PM2.5 Dry Aerosol (Mass Concentration) (Surface Level) 2004 annual mean,[AQREAN_Cells],True,True,False,,,,data,2
230001,,19b03e9f5c6-layer-90,AQREAN Nitrate (NO3) in PM2.5 Dry Aerosol (Mass Concentration) (Surface Level) annual means MIL,ArcGISMapServiceLayer,50191426c2394a33b1798ee18a014280,https://nercdsh.dev.azure.manchester.ac.uk/server/rest/services/Surface_Level___Nitrate_PM_2_5_WebMap_MIL1/MapServer/15,,RasterDataset,/AQREAN Surface Level/AQREAN Nitrate (NO3) in PM2.5 Dry Aerosol (Mass Concentration) (Surface Level) annual means MIL,0,,Nitrate in PM2.5 Dry Aerosol (Mass Concentration) (Surface Level) 2003 annual mean,[AQREAN_Cells],True,True,False,,,,data,2
230101,,19b038635a1-layer-85,Nitrogen Dioxide (NO2) in Air (Mass Concentration) (Surface Level) annual means,ArcGISMapServiceLayer,5a8a2d1157b042168afd62cec7d98169,https://nercdsh.dev.azure.manchester.ac.uk/server/rest/services/Surface_Level___mc_NO2_WebMap_MIL1/MapServer/0,,RasterDataset,/AQREAN Surface Level/Nitrogen Dioxide (NO2) in Air (Mass Concentration) (Surface Level) annual means,0,,NO2 (Mass Concentration) (Surface Level) 2019 annual mean,[AQREAN_Cells],True,True,False,,,,data,2
230201,,19b038635a1-layer-85,Nitrogen Dioxide (NO2) in Air (Mass Concentration) (Surface Level) annual means,ArcGISMapServiceLayer,5a8a2d1157b042168afd62cec7d98169,https://nercdsh.dev.azure.manchester.ac.uk/server/rest/services/Surface_Level___mc_NO2_WebMap_MIL1/MapServer/1,,RasterDataset,/AQREAN Surface Level/Nitrogen Dioxide (NO2) in Air (Mass Concentration) (Surface Level) annual means,0,,NO2 (Mass Concentration) (Surface Level) 2018 annual mean,[AQREAN_Cells],True,True,False,,,,data,2
230301,,19b038635a1-layer-85,Nitrogen Dioxide (NO2) in Air (Mass Concentration) (Surface Level) annual means,ArcGISMapServiceLayer,5a8a2d1157b042168afd62cec7d98169,https://nercdsh.dev.azure.manchester.ac.uk/server/rest/services/Surface_Level___mc_NO2_WebMap_MIL1/MapServer/2,,RasterDataset,/AQREAN Surface Level/Nitrogen Dioxide (NO2) in Air (Mass Concentration) (Surface Level) annual means,0,,NO2 (Mass Concentration) (Surface Level) 2017 annual mean,[AQREAN_Cells],True,True,False,,,,data,2
230401,,19b038635a1-layer-85,Nitrogen Dioxide (NO2) in Air (Mass Concentration) (Surface Level) annual means,ArcGISMapServiceLayer,5a8a2d1157b042168afd62cec7d98169,https://nercdsh.dev.azure.manchester.ac.uk/server/rest/services/Surface_Level___mc_NO2_WebMap_MIL1/MapServer/3,,RasterDataset,/AQREAN Surface Level/Nitrogen Dioxide (NO2) in Air (Mass Concentration) (Surface Level) annual means,0,,NO2 (Mass Concentration) (Surface Level) 2016 annual mean,[AQREAN_Cells],True,True,False,,,,data,2
230501,,19b038635a1-layer-85,Nitrogen Dioxide (NO2) in Air (Mass Concentration) (Surface Level) annual means,ArcGISMapServiceLayer,5a8a2d1157b042168afd62cec7d98169,https://nercdsh.dev.azure.manchester.ac.uk/server/rest/services/Surface_Level___mc_NO2_WebMap_MIL1/MapServer/4,,RasterDataset,/AQREAN Surface Level/Nitrogen Dioxide (NO2) in Air (Mass Concentration) (Surface Level) annual means,0,,NO2 (Mass Concentration) (Surface Level) 2015 annual mean,[AQREAN_Cells],True,True,False,,,,data,2
230601,,19b038635a1-layer-85,Nitrogen Dioxide (NO2) in Air (Mass Concentration) (Surface Level) annual means,ArcGISMapServiceLayer,5a8a2d1157b042168afd62cec7d98169,https://nercdsh.dev.azure.manchester.ac.uk/server/rest/services/Surface_Level___mc_NO2_WebMap_MIL1/MapServer/5,,RasterDataset,/AQREAN Surface Level/Nitrogen Dioxide (NO2) in Air (Mass Concentration) (Surface Level) annual means,0,,NO2 (Mass Concentration) (Surface Level) 2014 annual mean,[AQREAN_Cells],True,True,False,,,,data,2
230701,,19b038635a1-layer-85,Nitrogen Dioxide (NO2) in Air (Mass Concentration) (Surface Level) annual means,ArcGISMapServiceLayer,5a8a2d1157b042168afd62cec7d98169,https://nercdsh.dev.azure.manchester.ac.uk/server/rest/services/Surface_Level___mc_NO2_WebMap_MIL1/MapServer/6,,RasterDataset,/AQREAN Surface Level/Nitrogen Dioxide (NO2) in Air (Mass Concentration) (Surface Level) annual means,0,,NO2 (Mass Concentration) (Surface Level) 2012 annual mean,[AQREAN_Cells],True,True,False,,,,data,2
230801,,19b038635a1-layer-85,Nitrogen Dioxide (NO2) in Air (Mass Concentration) (Surface Level) annual means,ArcGISMapServiceLayer,5a8a2d1157b042168afd62cec7d98169,https://nercdsh.dev.azure.manchester.ac.uk/server/rest/services/Surface_Level___mc_NO2_WebMap_MIL1/MapServer/7,,RasterDataset,/AQREAN Surface Level/Nitrogen Dioxide (NO2) in Air (Mass Concentration) (Surface Level) annual means,0,,NO2 (Mass Concentration) (Surface Level) 2011 annual mean,[AQREAN_Cells],True,True,False,,,,data,2
230901,,19b038635a1-layer-85,Nitrogen Dioxide (NO2) in Air (Mass Concentration) (Surface Level) annual means,ArcGISMapServiceLayer,5a8a2d1157b042168afd62cec7d98169,https://nercdsh.dev.azure.manchester.ac.uk/server/rest/services/Surface_Level___mc_NO2_WebMap_MIL1/MapServer/8,,RasterDataset,/AQREAN Surface Level/Nitrogen Dioxide (NO2) in Air (Mass Concentration) (Surface Level) annual means,0,,NO2 (Mass Concentration) (Surface Level) 2010 annual mean,[AQREAN_Cells],True,True,False,,,,data,2
231001,,19b038635a1-layer-85,Nitrogen Dioxide (NO2) in Air (Mass Concentration) (Surface Level) annual means,ArcGISMapServiceLayer,5a8a2d1157b042168afd62cec7d98169,https://nercdsh.dev.azure.manchester.ac.uk/server/rest/services/Surface_Level___mc_NO2_WebMap_MIL1/MapServer/9,,RasterDataset,/AQREAN Surface Level/Nitrogen Dioxide (NO2) in Air (Mass Concentration) (Surface Level) annual means,0,,NO2 (Mass Concentration) (Surface Level) 2009 annual mean,[AQREAN_Cells],True,True,False,,,,data,2
231101,,19b038635a1-layer-85,Nitrogen Dioxide (NO2) in Air (Mass Concentration) (Surface Level) annual means,ArcGISMapServiceLayer,5a8a2d1157b042168afd62cec7d98169,https://nercdsh.dev.azure.manchester.ac.uk/server/rest/services/Surface_Level___mc_NO2_WebMap_MIL1/MapServer/10,,RasterDataset,/AQREAN Surface Level/Nitrogen Dioxide (NO2) in Air (Mass Concentration) (Surface Level) annual means,0,,NO2 (Mass Concentration) (Surface Level) 2008 annual mean,[AQREAN_Cells],True,True,False,,,,data,2
231201,,19b038635a1-layer-85,Nitrogen Dioxide (NO2) in Air (Mass Concentration) (Surface Level) annual means,ArcGISMapServiceLayer,5a8a2d1157b042168afd62cec7d98169,https://nercdsh.dev.azure.manchester.ac.uk/server/rest/services/Surface_Level___mc_NO2_WebMap_MIL1/MapServer/11,,RasterDataset,/AQREAN Surface Level/Nitrogen Dioxide (NO2) in Air (Mass Concentration) (Surface Level) annual means,0,,NO2 (Mass Concentration) (Surface Level) 2007 annual mean,[AQREAN_Cells],True,True,False,,,,data,2
231301,,19b038635a1-layer-85,Nitrogen Dioxide (NO2) in Air (Mass Concentration) (Surface Level) annual means,ArcGISMapServiceLayer,5a8a2d1157b042168afd62cec7d98169,https://nercdsh.dev.azure.manchester.ac.uk/server/rest/services/Surface_Level___mc_NO2_WebMap_MIL1/MapServer/12,,RasterDataset,/AQREAN Surface Level/Nitrogen Dioxide (NO2) in Air (Mass Concentration) (Surface Level) annual means,0,,NO2 (Mass Concentration) (Surface Level) 2006 annual mean,[AQREAN_Cells],True,True,False,,,,data,2
231401,,19b038635a1-layer-85,Nitrogen Dioxide (NO2) in Air (Mass Concentration) (Surface Level) annual means,ArcGISMapServiceLayer,5a8a2d1157b042168afd62cec7d98169,https://nercdsh.dev.azure.manchester.ac.uk/server/rest/services/Surface_Level___mc_NO2_WebMap_MIL1/MapServer/13,,RasterDataset,/AQREAN Surface Level/Nitrogen Dioxide (NO2) in Air (Mass Concentration) (Surface Level) annual means,0,,NO2 (Mass Concentration) (Surface Level) 2005 annual mean,[AQREAN_Cells],True,True,False,,,,data,2
231501,,19b038635a1-layer-85,Nitrogen Dioxide (NO2) in Air (Mass Concentration) (Surface Level) annual means,ArcGISMapServiceLayer,5a8a2d1157b042168afd62cec7d98169,https://nercdsh.dev.azure.manchester.ac.uk/server/rest/services/Surface_Level___mc_NO2_WebMap_MIL1/MapServer/14,,RasterDataset,/AQREAN Surface Level/Nitrogen Dioxide (NO2) in Air (Mass Concentration) (Surface Level) annual means,0,,NO2 (Mass Concentration) (Surface Level) 2004 annual mean,[AQREAN_Cells],True,True,False,,,,data,2
231601,,19b038635a1-layer-85,Nitrogen Dioxide (NO2) in Air (Mass Concentration) (Surface Level) annual means,ArcGISMapServiceLayer,5a8a2d1157b042168afd62cec7d98169,https://nercdsh.dev.azure.manchester.ac.uk/server/rest/services/Surface_Level___mc_NO2_WebMap_MIL1/MapServer/15,,RasterDataset,/AQREAN Surface Level/Nitrogen Dioxide (NO2) in Air (Mass Concentration) (Surface Level) annual means,0,,NO2 (Mass Concentration) (Surface Level) 2003 annual mean,[AQREAN_Cells],True,True,False,,,,data,2
231701,,19b035dc32f-layer-354,Nitrogen Oxides (NOx) as Nitrogen Dioxide (NO2) in Air (Mass Concentration) (Surface Level) annual means,ArcGISMapServiceLayer,3a6ee0396f5c46e2bf6bbe9203378d2e,https://nercdsh.dev.azure.manchester.ac.uk/server/rest/services/Surface_Level___mc_NOx_in_NO2_WebMap_MIL1/MapServer/0,,RasterDataset,/AQREAN Surface Level/Nitrogen Oxides (NOx) as Nitrogen Dioxide (NO2) in Air (Mass Concentration) (Surface Level) annual means,0,,NOx as NO2 (Mass Concentration) (Surface Level) 2019 annual mean,[AQREAN_Cells],True,True,False,,,,data,2
231801,,19b035dc32f-layer-354,Nitrogen Oxides (NOx) as Nitrogen Dioxide (NO2) in Air (Mass Concentration) (Surface Level) annual means,ArcGISMapServiceLayer,3a6ee0396f5c46e2bf6bbe9203378d2e,https://nercdsh.dev.azure.manchester.ac.uk/server/rest/services/Surface_Level___mc_NOx_in_NO2_WebMap_MIL1/MapServer/1,,RasterDataset,/AQREAN Surface Level/Nitrogen Oxides (NOx) as Nitrogen Dioxide (NO2) in Air (Mass Concentration) (Surface Level) annual means,0,,NOx as NO2 (Mass Concentration) (Surface Level) 2018 annual mean,[AQREAN_Cells],True,True,False,,,,data,2
231901,,19b035dc32f-layer-354,Nitrogen Oxides (NOx) as Nitrogen Dioxide (NO2) in Air (Mass Concentration) (Surface Level) annual means,ArcGISMapServiceLayer,3a6ee0396f5c46e2bf6bbe9203378d2e,https://nercdsh.dev.azure.manchester.ac.uk/server/rest/services/Surface_Level___mc_NOx_in_NO2_WebMap_MIL1/MapServer/2,,RasterDataset,/AQREAN Surface Level/Nitrogen Oxides (NOx) as Nitrogen Dioxide (NO2) in Air (Mass Concentration) (Surface Level) annual means,0,,NOx as NO2 (Mass Concentration) (Surface Level) 2017 annual mean,[AQREAN_Cells],True,True,False,,,,data,2
232001,,19b035dc32f-layer-354,Nitrogen Oxides (NOx) as Nitrogen Dioxide (NO2) in Air (Mass Concentration) (Surface Level) annual means,ArcGISMapServiceLayer,3a6ee0396f5c46e2bf6bbe9203378d2e,https://nercdsh.dev.azure.manchester.ac.uk/server/rest/services/Surface_Level___mc_NOx_in_NO2_WebMap_MIL1/MapServer/3,,RasterDataset,/AQREAN Surface Level/Nitrogen Oxides (NOx) as Nitrogen Dioxide (NO2) in Air (Mass Concentration) (Surface Level) annual means,0,,NOx as NO2 (Mass Concentration) (Surface Level) 2016 annual mean,[AQREAN_Cells],True,True,False,,,,data,2
232101,,19b035dc32f-layer-354,Nitrogen Oxides (NOx) as Nitrogen Dioxide (NO2) in Air (Mass Concentration) (Surface Level) annual means,ArcGISMapServiceLayer,3a6ee0396f5c46e2bf6bbe9203378d2e,https://nercdsh.dev.azure.manchester.ac.uk/server/rest/services/Surface_Level___mc_NOx_in_NO2_WebMap_MIL1/MapServer/4,,RasterDataset,/AQREAN Surface Level/Nitrogen Oxides (NOx) as Nitrogen Dioxide (NO2) in Air (Mass Concentration) (Surface Level) annual means,0,,NOx as NO2 (Mass Concentration) (Surface Level) 2015 annual mean,[AQREAN_Cells],True,True,False,,,,data,2
232201,,19b035dc32f-layer-354,Nitrogen Oxides (NOx) as Nitrogen Dioxide (NO2) in Air (Mass Concentration) (Surface Level) annual means,ArcGISMapServiceLayer,3a6ee0396f5c46e2bf6bbe9203378d2e,https://nercdsh.dev.azure.manchester.ac.uk/server/rest/services/Surface_Level___mc_NOx_in_NO2_WebMap_MIL1/MapServer/5,,RasterDataset,/AQREAN Surface Level/Nitrogen Oxides (NOx) as Nitrogen Dioxide (NO2) in Air (Mass Concentration) (Surface Level) annual means,0,,NOx as NO2 (Mass Concentration) (Surface Level) 2014 annual mean,[AQREAN_Cells],True,True,False,,,,data,2
232301,,19b035dc32f-layer-354,Nitrogen Oxides (NOx) as Nitrogen Dioxide (NO2) in Air (Mass Concentration) (Surface Level) annual means,ArcGISMapServiceLayer,3a6ee0396f5c46e2bf6bbe9203378d2e,https://nercdsh.dev.azure.manchester.ac.uk/server/rest/services/Surface_Level___mc_NOx_in_NO2_WebMap_MIL1/MapServer/6,,RasterDataset,/AQREAN Surface Level/Nitrogen Oxides (NOx) as Nitrogen Dioxide (NO2) in Air (Mass Concentration) (Surface Level) annual means,0,,NOx as NO2 (Mass Concentration) (Surface Level) 2012 annual mean,[AQREAN_Cells],True,True,False,,,,data,2
232401,,19b035dc32f-layer-354,Nitrogen Oxides (NOx) as Nitrogen Dioxide (NO2) in Air (Mass Concentration) (Surface Level) annual means,ArcGISMapServiceLayer,3a6ee0396f5c46e2bf6bbe9203378d2e,https://nercdsh.dev.azure.manchester.ac.uk/server/rest/services/Surface_Level___mc_NOx_in_NO2_WebMap_MIL1/MapServer/7,,RasterDataset,/AQREAN Surface Level/Nitrogen Oxides (NOx) as Nitrogen Dioxide (NO2) in Air (Mass Concentration) (Surface Level) annual means,0,,NOx as NO2 (Mass Concentration) (Surface Level) 2011 annual mean,[AQREAN_Cells],True,True,False,,,,data,2
232501,,19b035dc32f-layer-354,Nitrogen Oxides (NOx) as Nitrogen Dioxide (NO2) in Air (Mass Concentration) (Surface Level) annual means,ArcGISMapServiceLayer,3a6ee0396f5c46e2bf6bbe9203378d2e,https://nercdsh.dev.azure.manchester.ac.uk/server/rest/services/Surface_Level___mc_NOx_in_NO2_WebMap_MIL1/MapServer/8,,RasterDataset,/AQREAN Surface Level/Nitrogen Oxides (NOx) as Nitrogen Dioxide (NO2) in Air (Mass Concentration) (Surface Level) annual means,0,,NOx as NO2 (Mass Concentration) (Surface Level) 2010 annual mean,[AQREAN_Cells],True,True,False,,,,data,2
232601,,19b035dc32f-layer-354,Nitrogen Oxides (NOx) as Nitrogen Dioxide (NO2) in Air (Mass Concentration) (Surface Level) annual means,ArcGISMapServiceLayer,3a6ee0396f5c46e2bf6bbe9203378d2e,https://nercdsh.dev.azure.manchester.ac.uk/server/rest/services/Surface_Level___mc_NOx_in_NO2_WebMap_MIL1/MapServer/9,,RasterDataset,/AQREAN Surface Level/Nitrogen Oxides (NOx) as Nitrogen Dioxide (NO2) in Air (Mass Concentration) (Surface Level) annual means,0,,NOx as NO2 (Mass Concentration) (Surface Level) 2009 annual mean,[AQREAN_Cells],True,True,False,,,,data,2
232701,,19b035dc32f-layer-354,Nitrogen Oxides (NOx) as Nitrogen Dioxide (NO2) in Air (Mass Concentration) (Surface Level) annual means,ArcGISMapServiceLayer,3a6ee0396f5c46e2bf6bbe9203378d2e,https://nercdsh.dev.azure.manchester.ac.uk/server/rest/services/Surface_Level___mc_NOx_in_NO2_WebMap_MIL1/MapServer/10,,RasterDataset,/AQREAN Surface Level/Nitrogen Oxides (NOx) as Nitrogen Dioxide (NO2) in Air (Mass Concentration) (Surface Level) annual means,0,,NOx as NO2 (Mass Concentration) (Surface Level) 2008 annual mean,[AQREAN_Cells],True,True,False,,,,data,2
232801,,19b035dc32f-layer-354,Nitrogen Oxides (NOx) as Nitrogen Dioxide (NO2) in Air (Mass Concentration) (Surface Level) annual means,ArcGISMapServiceLayer,3a6ee0396f5c46e2bf6bbe9203378d2e,https://nercdsh.dev.azure.manchester.ac.uk/server/rest/services/Surface_Level___mc_NOx_in_NO2_WebMap_MIL1/MapServer/11,,RasterDataset,/AQREAN Surface Level/Nitrogen Oxides (NOx) as Nitrogen Dioxide (NO2) in Air (Mass Concentration) (Surface Level) annual means,0,,NOx as NO2 (Mass Concentration) (Surface Level) 2007 annual mean,[AQREAN_Cells],True,True,False,,,,data,2
232901,,19b035dc32f-layer-354,Nitrogen Oxides (NOx) as Nitrogen Dioxide (NO2) in Air (Mass Concentration) (Surface Level) annual means,ArcGISMapServiceLayer,3a6ee0396f5c46e2bf6bbe9203378d2e,https://nercdsh.dev.azure.manchester.ac.uk/server/rest/services/Surface_Level___mc_NOx_in_NO2_WebMap_MIL1/MapServer/12,,RasterDataset,/AQREAN Surface Level/Nitrogen Oxides (NOx) as Nitrogen Dioxide (NO2) in Air (Mass Concentration) (Surface Level) annual means,0,,NOx as NO2 (Mass Concentration) (Surface Level) 2006 annual mean,[AQREAN_Cells],True,True,False,,,,data,2
233001,,19b035dc32f-layer-354,Nitrogen Oxides (NOx) as Nitrogen Dioxide (NO2) in Air (Mass Concentration) (Surface Level) annual means,ArcGISMapServiceLayer,3a6ee0396f5c46e2bf6bbe9203378d2e,https://nercdsh.dev.azure.manchester.ac.uk/server/rest/services/Surface_Level___mc_NOx_in_NO2_WebMap_MIL1/MapServer/13,,RasterDataset,/AQREAN Surface Level/Nitrogen Oxides (NOx) as Nitrogen Dioxide (NO2) in Air (Mass Concentration) (Surface Level) annual means,0,,NOx as NO2 (Mass Concentration) (Surface Level) 2005 annual mean,[AQREAN_Cells],True,True,False,,,,data,2
233101,,19b035dc32f-layer-354,Nitrogen Oxides (NOx) as Nitrogen Dioxide (NO2) in Air (Mass Concentration) (Surface Level) annual means,ArcGISMapServiceLayer,3a6ee0396f5c46e2bf6bbe9203378d2e,https://nercdsh.dev.azure.manchester.ac.uk/server/rest/services/Surface_Level___mc_NOx_in_NO2_WebMap_MIL1/MapServer/14,,RasterDataset,/AQREAN Surface Level/Nitrogen Oxides (NOx) as Nitrogen Dioxide (NO2) in Air (Mass Concentration) (Surface Level) annual means,0,,NOx as NO2 (Mass Concentration) (Surface Level) 2004 annual mean,[AQREAN_Cells],True,True,False,,,,data,2
233201,,19b035dc32f-layer-354,Nitrogen Oxides (NOx) as Nitrogen Dioxide (NO2) in Air (Mass Concentration) (Surface Level) annual means,ArcGISMapServiceLayer,3a6ee0396f5c46e2bf6bbe9203378d2e,https://nercdsh.dev.azure.manchester.ac.uk/server/rest/services/Surface_Level___mc_NOx_in_NO2_WebMap_MIL1/MapServer/15,,RasterDataset,/AQREAN Surface Level/Nitrogen Oxides (NOx) as Nitrogen Dioxide (NO2) in Air (Mass Concentration) (Surface Level) annual means,0,,NOx as NO2 (Mass Concentration) (Surface Level) 2003 annual mean,[AQREAN_Cells],True,True,False,,,,data,2
233301,,19b035d5aa4-layer-353,Relative Humidity (Surface Level) annual means,ArcGISMapServiceLayer,59accded61084114b17b58d3237de67a,https://nercdsh.dev.azure.manchester.ac.uk/server/rest/services/Surface_Level___Relative_Humidity_WebMap_MIL1/MapServer/0,,RasterDataset,/AQREAN Surface Level/Relative Humidity (Surface Level) annual means,0,,Relative Humidity (Surface Level) 2019 annual mean,[AQREAN_Cells],True,True,False,,,,data,2
233401,,19b035d5aa4-layer-353,Relative Humidity (Surface Level) annual means,ArcGISMapServiceLayer,59accded61084114b17b58d3237de67a,https://nercdsh.dev.azure.manchester.ac.uk/server/rest/services/Surface_Level___Relative_Humidity_WebMap_MIL1/MapServer/1,,RasterDataset,/AQREAN Surface Level/Relative Humidity (Surface Level) annual means,0,,Relative Humidity (Surface Level) 2018 annual mean,[AQREAN_Cells],True,True,False,,,,data,2
233501,,19b035d5aa4-layer-353,Relative Humidity (Surface Level) annual means,ArcGISMapServiceLayer,59accded61084114b17b58d3237de67a,https://nercdsh.dev.azure.manchester.ac.uk/server/rest/services/Surface_Level___Relative_Humidity_WebMap_MIL1/MapServer/2,,RasterDataset,/AQREAN Surface Level/Relative Humidity (Surface Level) annual means,0,,Relative Humidity (Surface Level) 2017 annual mean,[AQREAN_Cells],True,True,False,,,,data,2
233601,,19b035d5aa4-layer-353,Relative Humidity (Surface Level) annual means,ArcGISMapServiceLayer,59accded61084114b17b58d3237de67a,https://nercdsh.dev.azure.manchester.ac.uk/server/rest/services/Surface_Level___Relative_Humidity_WebMap_MIL1/MapServer/3,,RasterDataset,/AQREAN Surface Level/Relative Humidity (Surface Level) annual means,0,,Relative Humidity (Surface Level) 2016 annual mean,[AQREAN_Cells],True,True,False,,,,data,2
233701,,19b035d5aa4-layer-353,Relative Humidity (Surface Level) annual means,ArcGISMapServiceLayer,59accded61084114b17b58d3237de67a,https://nercdsh.dev.azure.manchester.ac.uk/server/rest/services/Surface_Level___Relative_Humidity_WebMap_MIL1/MapServer/4,,RasterDataset,/AQREAN Surface Level/Relative Humidity (Surface Level) annual means,0,,Relative Humidity (Surface Level) 2015 annual mean,[AQREAN_Cells],True,True,False,,,,data,2
233801,,19b035d5aa4-layer-353,Relative Humidity (Surface Level) annual means,ArcGISMapServiceLayer,59accded61084114b17b58d3237de67a,https://nercdsh.dev.azure.manchester.ac.uk/server/rest/services/Surface_Level___Relative_Humidity_WebMap_MIL1/MapServer/5,,RasterDataset,/AQREAN Surface Level/Relative Humidity (Surface Level) annual means,0,,Relative Humidity (Surface Level) 2014 annual mean,[AQREAN_Cells],True,True,False,,,,data,2
233901,,19b035d5aa4-layer-353,Relative Humidity (Surface Level) annual means,ArcGISMapServiceLayer,59accded61084114b17b58d3237de67a,https://nercdsh.dev.azure.manchester.ac.uk/server/rest/services/Surface_Level___Relative_Humidity_WebMap_MIL1/MapServer/6,,RasterDataset,/AQREAN Surface Level/Relative Humidity (Surface Level) annual means,0,,Relative Humidity (Surface Level) 2012 annual mean,[AQREAN_Cells],True,True,False,,,,data,2
234001,,19b035d5aa4-layer-353,Relative Humidity (Surface Level) annual means,ArcGISMapServiceLayer,59accded61084114b17b58d3237de67a,https://nercdsh.dev.azure.manchester.ac.uk/server/rest/services/Surface_Level___Relative_Humidity_WebMap_MIL1/MapServer/7,,RasterDataset,/AQREAN Surface Level/Relative Humidity (Surface Level) annual means,0,,Relative Humidity (Surface Level) 2011 annual mean,[AQREAN_Cells],True,True,False,,,,data,2
234101,,19b035d5aa4-layer-353,Relative Humidity (Surface Level) annual means,ArcGISMapServiceLayer,59accded61084114b17b58d3237de67a,https://nercdsh.dev.azure.manchester.ac.uk/server/rest/services/Surface_Level___Relative_Humidity_WebMap_MIL1/MapServer/8,,RasterDataset,/AQREAN Surface Level/Relative Humidity (Surface Level) annual means,0,,Relative Humidity (Surface Level) 2010 annual mean,[AQREAN_Cells],True,True,False,,,,data,2
234201,,19b035d5aa4-layer-353,Relative Humidity (Surface Level) annual means,ArcGISMapServiceLayer,59accded61084114b17b58d3237de67a,https://nercdsh.dev.azure.manchester.ac.uk/server/rest/services/Surface_Level___Relative_Humidity_WebMap_MIL1/MapServer/9,,RasterDataset,/AQREAN Surface Level/Relative Humidity (Surface Level) annual means,0,,Relative Humidity (Surface Level) 2009 annual mean,[AQREAN_Cells],True,True,False,,,,data,2
234301,,19b035d5aa4-layer-353,Relative Humidity (Surface Level) annual means,ArcGISMapServiceLayer,59accded61084114b17b58d3237de67a,https://nercdsh.dev.azure.manchester.ac.uk/server/rest/services/Surface_Level___Relative_Humidity_WebMap_MIL1/MapServer/10,,RasterDataset,/AQREAN Surface Level/Relative Humidity (Surface Level) annual means,0,,Relative Humidity (Surface Level) 2008 annual mean,[AQREAN_Cells],True,True,False,,,,data,2
234401,,19b035d5aa4-layer-353,Relative Humidity (Surface Level) annual means,ArcGISMapServiceLayer,59accded61084114b17b58d3237de67a,https://nercdsh.dev.azure.manchester.ac.uk/server/rest/services/Surface_Level___Relative_Humidity_WebMap_MIL1/MapServer/11,,RasterDataset,/AQREAN Surface Level/Relative Humidity (Surface Level) annual means,0,,Relative Humidity (Surface Level) 2007 annual mean,[AQREAN_Cells],True,True,False,,,,data,2
234501,,19b035d5aa4-layer-353,Relative Humidity (Surface Level) annual means,ArcGISMapServiceLayer,59accded61084114b17b58d3237de67a,https://nercdsh.dev.azure.manchester.ac.uk/server/rest/services/Surface_Level___Relative_Humidity_WebMap_MIL1/MapServer/12,,RasterDataset,/AQREAN Surface Level/Relative Humidity (Surface Level) annual means,0,,Relative Humidity (Surface Level) 2006 annual mean,[AQREAN_Cells],True,True,False,,,,data,2
234601,,19b035d5aa4-layer-353,Relative Humidity (Surface Level) annual means,ArcGISMapServiceLayer,59accded61084114b17b58d3237de67a,https://nercdsh.dev.azure.manchester.ac.uk/server/rest/services/Surface_Level___Relative_Humidity_WebMap_MIL1/MapServer/13,,RasterDataset,/AQREAN Surface Level/Relative Humidity (Surface Level) annual means,0,,Relative Humidity (Surface Level) 2005 annual mean,[AQREAN_Cells],True,True,False,,,,data,2
234701,,19b035d5aa4-layer-353,Relative Humidity (Surface Level) annual means,ArcGISMapServiceLayer,59accded61084114b17b58d3237de67a,https://nercdsh.dev.azure.manchester.ac.uk/server/rest/services/Surface_Level___Relative_Humidity_WebMap_MIL1/MapServer/14,,RasterDataset,/AQREAN Surface Level/Relative Humidity (Surface Level) annual means,0,,Relative Humidity (Surface Level) 2004 annual mean,[AQREAN_Cells],True,True,False,,,,data,2
234801,,19b035d5aa4-layer-353,Relative Humidity (Surface Level) annual means,ArcGISMapServiceLayer,59accded61084114b17b58d3237de67a,https://nercdsh.dev.azure.manchester.ac.uk/server/rest/services/Surface_Level___Relative_Humidity_WebMap_MIL1/MapServer/15,,RasterDataset,/AQREAN Surface Level/Relative Humidity (Surface Level) annual means,0,,Relative Humidity (Surface Level) 2003 annual mean,[AQREAN_Cells],True,True,False,,,,data,2
234901,,19b035d07da-layer-352,Secondary Particulate Organic Matter in PM2.5 Dry Aerosol (Mass Concentration) (Surface Level) annual means,ArcGISMapServiceLayer,38cf7197385a44789e0eadd92a101ce0,https://nercdsh.dev.azure.manchester.ac.uk/server/rest/services/Surface_Level___Sec_Part_Org_Matter_PMp5_WebMap_MIL1/MapServer/0,,RasterDataset,/AQREAN Surface Level/Secondary Particulate Organic Matter in PM2.5 Dry Aerosol (Mass Concentration) (Surface Level) annual means,0,,Secondary Particulate Organic Matter in PM2.5 Dry Aerosol (Mass Concentration) (Surface Level) 2019 annual mean,[AQREAN_Cells],True,True,False,,,,data,2
235001,,19b035d07da-layer-352,Secondary Particulate Organic Matter in PM2.5 Dry Aerosol (Mass Concentration) (Surface Level) annual means,ArcGISMapServiceLayer,38cf7197385a44789e0eadd92a101ce0,https://nercdsh.dev.azure.manchester.ac.uk/server/rest/services/Surface_Level___Sec_Part_Org_Matter_PMp5_WebMap_MIL1/MapServer/1,,RasterDataset,/AQREAN Surface Level/Secondary Particulate Organic Matter in PM2.5 Dry Aerosol (Mass Concentration) (Surface Level) annual means,0,,Secondary Particulate Organic Matter in PM2.5 Dry Aerosol (Mass Concentration) (Surface Level) 2018 annual mean,[AQREAN_Cells],True,True,False,,,,data,2
235101,,19b035d07da-layer-352,Secondary Particulate Organic Matter in PM2.5 Dry Aerosol (Mass Concentration) (Surface Level) annual means,ArcGISMapServiceLayer,38cf7197385a44789e0eadd92a101ce0,https://nercdsh.dev.azure.manchester.ac.uk/server/rest/services/Surface_Level___Sec_Part_Org_Matter_PMp5_WebMap_MIL1/MapServer/2,,RasterDataset,/AQREAN Surface Level/Secondary Particulate Organic Matter in PM2.5 Dry Aerosol (Mass Concentration) (Surface Level) annual means,0,,Secondary Particulate Organic Matter in PM2.5 Dry Aerosol (Mass Concentration) (Surface Level) 2017 annual mean,[AQREAN_Cells],True,True,False,,,,data,2
235201,,19b035d07da-layer-352,Secondary Particulate Organic Matter in PM2.5 Dry Aerosol (Mass Concentration) (Surface Level) annual means,ArcGISMapServiceLayer,38cf7197385a44789e0eadd92a101ce0,https://nercdsh.dev.azure.manchester.ac.uk/server/rest/services/Surface_Level___Sec_Part_Org_Matter_PMp5_WebMap_MIL1/MapServer/3,,RasterDataset,/AQREAN Surface Level/Secondary Particulate Organic Matter in PM2.5 Dry Aerosol (Mass Concentration) (Surface Level) annual means,0,,Secondary Particulate Organic Matter in PM2.5 Dry Aerosol (Mass Concentration) (Surface Level) 2016 annual mean,[AQREAN_Cells],True,True,False,,,,data,2
235301,,19b035d07da-layer-352,Secondary Particulate Organic Matter in PM2.5 Dry Aerosol (Mass Concentration) (Surface Level) annual means,ArcGISMapServiceLayer,38cf7197385a44789e0eadd92a101ce0,https://nercdsh.dev.azure.manchester.ac.uk/server/rest/services/Surface_Level___Sec_Part_Org_Matter_PMp5_WebMap_MIL1/MapServer/4,,RasterDataset,/AQREAN Surface Level/Secondary Particulate Organic Matter in PM2.5 Dry Aerosol (Mass Concentration) (Surface Level) annual means,0,,Secondary Particulate Organic Matter in PM2.5 Dry Aerosol (Mass Concentration) (Surface Level) 2015 annual mean,[AQREAN_Cells],True,True,False,,,,data,2
235401,,19b035d07da-layer-352,Secondary Particulate Organic Matter in PM2.5 Dry Aerosol (Mass Concentration) (Surface Level) annual means,ArcGISMapServiceLayer,38cf7197385a44789e0eadd92a101ce0,https://nercdsh.dev.azure.manchester.ac.uk/server/rest/services/Surface_Level___Sec_Part_Org_Matter_PMp5_WebMap_MIL1/MapServer/5,,RasterDataset,/AQREAN Surface Level/Secondary Particulate Organic Matter in PM2.5 Dry Aerosol (Mass Concentration) (Surface Level) annual means,0,,Secondary Particulate Organic Matter in PM2.5 Dry Aerosol (Mass Concentration) (Surface Level) 2014 annual mean,[AQREAN_Cells],True,True,False,,,,data,2
235501,,19b035d07da-layer-352,Secondary Particulate Organic Matter in PM2.5 Dry Aerosol (Mass Concentration) (Surface Level) annual means,ArcGISMapServiceLayer,38cf7197385a44789e0eadd92a101ce0,https://nercdsh.dev.azure.manchester.ac.uk/server/rest/services/Surface_Level___Sec_Part_Org_Matter_PMp5_WebMap_MIL1/MapServer/6,,RasterDataset,/AQREAN Surface Level/Secondary Particulate Organic Matter in PM2.5 Dry Aerosol (Mass Concentration) (Surface Level) annual means,0,,Secondary Particulate Organic Matter in PM2.5 Dry Aerosol (Mass Concentration) (Surface Level) 2012 annual mean,[AQREAN_Cells],True,True,False,,,,data,2
235601,,19b035d07da-layer-352,Secondary Particulate Organic Matter in PM2.5 Dry Aerosol (Mass Concentration) (Surface Level) annual means,ArcGISMapServiceLayer,38cf7197385a44789e0eadd92a101ce0,https://nercdsh.dev.azure.manchester.ac.uk/server/rest/services/Surface_Level___Sec_Part_Org_Matter_PMp5_WebMap_MIL1/MapServer/7,,RasterDataset,/AQREAN Surface Level/Secondary Particulate Organic Matter in PM2.5 Dry Aerosol (Mass Concentration) (Surface Level) annual means,0,,Secondary Particulate Organic Matter in PM2.5 Dry Aerosol (Mass Concentration) (Surface Level) 2011 annual mean,[AQREAN_Cells],True,True,False,,,,data,2
235701,,19b035d07da-layer-352,Secondary Particulate Organic Matter in PM2.5 Dry Aerosol (Mass Concentration) (Surface Level) annual means,ArcGISMapServiceLayer,38cf7197385a44789e0eadd92a101ce0,https://nercdsh.dev.azure.manchester.ac.uk/server/rest/services/Surface_Level___Sec_Part_Org_Matter_PMp5_WebMap_MIL1/MapServer/8,,RasterDataset,/AQREAN Surface Level/Secondary Particulate Organic Matter in PM2.5 Dry Aerosol (Mass Concentration) (Surface Level) annual means,0,,Secondary Particulate Organic Matter in PM2.5 Dry Aerosol (Mass Concentration) (Surface Level) 2010 annual mean,[AQREAN_Cells],True,True,False,,,,data,2
235801,,19b035d07da-layer-352,Secondary Particulate Organic Matter in PM2.5 Dry Aerosol (Mass Concentration) (Surface Level) annual means,ArcGISMapServiceLayer,38cf7197385a44789e0eadd92a101ce0,https://nercdsh.dev.azure.manchester.ac.uk/server/rest/services/Surface_Level___Sec_Part_Org_Matter_PMp5_WebMap_MIL1/MapServer/9,,RasterDataset,/AQREAN Surface Level/Secondary Particulate Organic Matter in PM2.5 Dry Aerosol (Mass Concentration) (Surface Level) annual means,0,,Secondary Particulate Organic Matter in PM2.5 Dry Aerosol (Mass Concentration) (Surface Level) 2009 annual mean,[AQREAN_Cells],True,True,False,,,,data,2
235901,,19b035d07da-layer-352,Secondary Particulate Organic Matter in PM2.5 Dry Aerosol (Mass Concentration) (Surface Level) annual means,ArcGISMapServiceLayer,38cf7197385a44789e0eadd92a101ce0,https://nercdsh.dev.azure.manchester.ac.uk/server/rest/services/Surface_Level___Sec_Part_Org_Matter_PMp5_WebMap_MIL1/MapServer/10,,RasterDataset,/AQREAN Surface Level/Secondary Particulate Organic Matter in PM2.5 Dry Aerosol (Mass Concentration) (Surface Level) annual means,0,,Secondary Particulate Organic Matter in PM2.5 Dry Aerosol (Mass Concentration) (Surface Level) 2008 annual mean,[AQREAN_Cells],True,True,False,,,,data,2
236001,,19b035d07da-layer-352,Secondary Particulate Organic Matter in PM2.5 Dry Aerosol (Mass Concentration) (Surface Level) annual means,ArcGISMapServiceLayer,38cf7197385a44789e0eadd92a101ce0,https://nercdsh.dev.azure.manchester.ac.uk/server/rest/services/Surface_Level___Sec_Part_Org_Matter_PMp5_WebMap_MIL1/MapServer/11,,RasterDataset,/AQREAN Surface Level/Secondary Particulate Organic Matter in PM2.5 Dry Aerosol (Mass Concentration) (Surface Level) annual means,0,,Secondary Particulate Organic Matter in PM2.5 Dry Aerosol (Mass Concentration) (Surface Level) 2007 annual mean,[AQREAN_Cells],True,True,False,,,,data,2
236101,,19b035d07da-layer-352,Secondary Particulate Organic Matter in PM2.5 Dry Aerosol (Mass Concentration) (Surface Level) annual means,ArcGISMapServiceLayer,38cf7197385a44789e0eadd92a101ce0,https://nercdsh.dev.azure.manchester.ac.uk/server/rest/services/Surface_Level___Sec_Part_Org_Matter_PMp5_WebMap_MIL1/MapServer/12,,RasterDataset,/AQREAN Surface Level/Secondary Particulate Organic Matter in PM2.5 Dry Aerosol (Mass Concentration) (Surface Level) annual means,0,,Secondary Particulate Organic Matter in PM2.5 Dry Aerosol (Mass Concentration) (Surface Level) 2006 annual mean,[AQREAN_Cells],True,True,False,,,,data,2
236201,,19b035d07da-layer-352,Secondary Particulate Organic Matter in PM2.5 Dry Aerosol (Mass Concentration) (Surface Level) annual means,ArcGISMapServiceLayer,38cf7197385a44789e0eadd92a101ce0,https://nercdsh.dev.azure.manchester.ac.uk/server/rest/services/Surface_Level___Sec_Part_Org_Matter_PMp5_WebMap_MIL1/MapServer/13,,RasterDataset,/AQREAN Surface Level/Secondary Particulate Organic Matter in PM2.5 Dry Aerosol (Mass Concentration) (Surface Level) annual means,0,,Secondary Particulate Organic Matter in PM2.5 Dry Aerosol (Mass Concentration) (Surface Level) 2005 annual mean,[AQREAN_Cells],True,True,False,,,,data,2
236301,,19b035d07da-layer-352,Secondary Particulate Organic Matter in PM2.5 Dry Aerosol (Mass Concentration) (Surface Level) annual means,ArcGISMapServiceLayer,38cf7197385a44789e0eadd92a101ce0,https://nercdsh.dev.azure.manchester.ac.uk/server/rest/services/Surface_Level___Sec_Part_Org_Matter_PMp5_WebMap_MIL1/MapServer/14,,RasterDataset,/AQREAN Surface Level/Secondary Particulate Organic Matter in PM2.5 Dry Aerosol (Mass Concentration) (Surface Level) annual means,0,,Secondary Particulate Organic Matter in PM2.5 Dry Aerosol (Mass Concentration) (Surface Level) 2004 annual mean,[AQREAN_Cells],True,True,False,,,,data,2
236401,,19b035d07da-layer-352,Secondary Particulate Organic Matter in PM2.5 Dry Aerosol (Mass Concentration) (Surface Level) annual means,ArcGISMapServiceLayer,38cf7197385a44789e0eadd92a101ce0,https://nercdsh.dev.azure.manchester.ac.uk/server/rest/services/Surface_Level___Sec_Part_Org_Matter_PMp5_WebMap_MIL1/MapServer/15,,RasterDataset,/AQREAN Surface Level/Secondary Particulate Organic Matter in PM2.5 Dry Aerosol (Mass Concentration) (Surface Level) annual means,0,,Secondary Particulate Organic Matter in PM2.5 Dry Aerosol (Mass Concentration) (Surface Level) 2003 annual mean,[AQREAN_Cells],True,True,False,,,,data,2
236501,,19b035cd132-layer-351,Sulfate (SO4) in PM2.5 Dry Aerosol (Mass Concentration) (Surface Level) annual means,ArcGISMapServiceLayer,53c85e42f67046f0a88c8dd89442efb9,https://nercdsh.dev.azure.manchester.ac.uk/server/rest/services/Surface_Level___mc_Sulfate_PM2_5_WebMap_MIL1/MapServer/0,,RasterDataset,/AQREAN Surface Level/Sulfate (SO4) in PM2.5 Dry Aerosol (Mass Concentration) (Surface Level) annual means,0,,Sulfate in PM2.5 Dry Aerosol (Mass Concentration) (Surface Level) 2019 annual mean,[AQREAN_Cells],True,True,False,,,,data,2
236601,,19b035cd132-layer-351,Sulfate (SO4) in PM2.5 Dry Aerosol (Mass Concentration) (Surface Level) annual means,ArcGISMapServiceLayer,53c85e42f67046f0a88c8dd89442efb9,https://nercdsh.dev.azure.manchester.ac.uk/server/rest/services/Surface_Level___mc_Sulfate_PM2_5_WebMap_MIL1/MapServer/1,,RasterDataset,/AQREAN Surface Level/Sulfate (SO4) in PM2.5 Dry Aerosol (Mass Concentration) (Surface Level) annual means,0,,Sulfate in PM2.5 Dry Aerosol (Mass Concentration) (Surface Level) 2018 annual mean,[AQREAN_Cells],True,True,False,,,,data,2
236701,,19b035cd132-layer-351,Sulfate (SO4) in PM2.5 Dry Aerosol (Mass Concentration) (Surface Level) annual means,ArcGISMapServiceLayer,53c85e42f67046f0a88c8dd89442efb9,https://nercdsh.dev.azure.manchester.ac.uk/server/rest/services/Surface_Level___mc_Sulfate_PM2_5_WebMap_MIL1/MapServer/2,,RasterDataset,/AQREAN Surface Level/Sulfate (SO4) in PM2.5 Dry Aerosol (Mass Concentration) (Surface Level) annual means,0,,Sulfate in PM2.5 Dry Aerosol (Mass Concentration) (Surface Level) 2017 annual mean,[AQREAN_Cells],True,True,False,,,,data,2
236801,,19b035cd132-layer-351,Sulfate (SO4) in PM2.5 Dry Aerosol (Mass Concentration) (Surface Level) annual means,ArcGISMapServiceLayer,53c85e42f67046f0a88c8dd89442efb9,https://nercdsh.dev.azure.manchester.ac.uk/server/rest/services/Surface_Level___mc_Sulfate_PM2_5_WebMap_MIL1/MapServer/3,,RasterDataset,/AQREAN Surface Level/Sulfate (SO4) in PM2.5 Dry Aerosol (Mass Concentration) (Surface Level) annual means,0,,Sulfate in PM2.5 Dry Aerosol (Mass Concentration) (Surface Level) 2016 annual mean,[AQREAN_Cells],True,True,False,,,,data,2
236901,,19b035cd132-layer-351,Sulfate (SO4) in PM2.5 Dry Aerosol (Mass Concentration) (Surface Level) annual means,ArcGISMapServiceLayer,53c85e42f67046f0a88c8dd89442efb9,https://nercdsh.dev.azure.manchester.ac.uk/server/rest/services/Surface_Level___mc_Sulfate_PM2_5_WebMap_MIL1/MapServer/4,,RasterDataset,/AQREAN Surface Level/Sulfate (SO4) in PM2.5 Dry Aerosol (Mass Concentration) (Surface Level) annual means,0,,Sulfate in PM2.5 Dry Aerosol (Mass Concentration) (Surface Level) 2015 annual mean,[AQREAN_Cells],True,True,False,,,,data,2
237001,,19b035cd132-layer-351,Sulfate (SO4) in PM2.5 Dry Aerosol (Mass Concentration) (Surface Level) annual means,ArcGISMapServiceLayer,53c85e42f67046f0a88c8dd89442efb9,https://nercdsh.dev.azure.manchester.ac.uk/server/rest/services/Surface_Level___mc_Sulfate_PM2_5_WebMap_MIL1/MapServer/5,,RasterDataset,/AQREAN Surface Level/Sulfate (SO4) in PM2.5 Dry Aerosol (Mass Concentration) (Surface Level) annual means,0,,Sulfate in PM2.5 Dry Aerosol (Mass Concentration) (Surface Level) 2014 annual mean,[AQREAN_Cells],True,True,False,,,,data,2
237101,,19b035cd132-layer-351,Sulfate (SO4) in PM2.5 Dry Aerosol (Mass Concentration) (Surface Level) annual means,ArcGISMapServiceLayer,53c85e42f67046f0a88c8dd89442efb9,https://nercdsh.dev.azure.manchester.ac.uk/server/rest/services/Surface_Level___mc_Sulfate_PM2_5_WebMap_MIL1/MapServer/6,,RasterDataset,/AQREAN Surface Level/Sulfate (SO4) in PM2.5 Dry Aerosol (Mass Concentration) (Surface Level) annual means,0,,Sulfate in PM2.5 Dry Aerosol (Mass Concentration) (Surface Level) 2012 annual mean,[AQREAN_Cells],True,True,False,,,,data,2
237201,,19b035cd132-layer-351,Sulfate (SO4) in PM2.5 Dry Aerosol (Mass Concentration) (Surface Level) annual means,ArcGISMapServiceLayer,53c85e42f67046f0a88c8dd89442efb9,https://nercdsh.dev.azure.manchester.ac.uk/server/rest/services/Surface_Level___mc_Sulfate_PM2_5_WebMap_MIL1/MapServer/7,,RasterDataset,/AQREAN Surface Level/Sulfate (SO4) in PM2.5 Dry Aerosol (Mass Concentration) (Surface Level) annual means,0,,Sulfate in PM2.5 Dry Aerosol (Mass Concentration) (Surface Level) 2011 annual mean,[AQREAN_Cells],True,True,False,,,,data,2
237301,,19b035cd132-layer-351,Sulfate (SO4) in PM2.5 Dry Aerosol (Mass Concentration) (Surface Level) annual means,ArcGISMapServiceLayer,53c85e42f67046f0a88c8dd89442efb9,https://nercdsh.dev.azure.manchester.ac.uk/server/rest/services/Surface_Level___mc_Sulfate_PM2_5_WebMap_MIL1/MapServer/8,,RasterDataset,/AQREAN Surface Level/Sulfate (SO4) in PM2.5 Dry Aerosol (Mass Concentration) (Surface Level) annual means,0,,Sulfate in PM2.5 Dry Aerosol (Mass Concentration) (Surface Level) 2010 annual mean,[AQREAN_Cells],True,True,False,,,,data,2
237401,,19b035cd132-layer-351,Sulfate (SO4) in PM2.5 Dry Aerosol (Mass Concentration) (Surface Level) annual means,ArcGISMapServiceLayer,53c85e42f67046f0a88c8dd89442efb9,https://nercdsh.dev.azure.manchester.ac.uk/server/rest/services/Surface_Level___mc_Sulfate_PM2_5_WebMap_MIL1/MapServer/9,,RasterDataset,/AQREAN Surface Level/Sulfate (SO4) in PM2.5 Dry Aerosol (Mass Concentration) (Surface Level) annual means,0,,Sulfate in PM2.5 Dry Aerosol (Mass Concentration) (Surface Level) 2009 annual mean,[AQREAN_Cells],True,True,False,,,,data,2
237501,,19b035cd132-layer-351,Sulfate (SO4) in PM2.5 Dry Aerosol (Mass Concentration) (Surface Level) annual means,ArcGISMapServiceLayer,53c85e42f67046f0a88c8dd89442efb9,https://nercdsh.dev.azure.manchester.ac.uk/server/rest/services/Surface_Level___mc_Sulfate_PM2_5_WebMap_MIL1/MapServer/10,,RasterDataset,/AQREAN Surface Level/Sulfate (SO4) in PM2.5 Dry Aerosol (Mass Concentration) (Surface Level) annual means,0,,Sulfate in PM2.5 Dry Aerosol (Mass Concentration) (Surface Level) 2008 annual mean,[AQREAN_Cells],True,True,False,,,,data,2
237601,,19b035cd132-layer-351,Sulfate (SO4) in PM2.5 Dry Aerosol (Mass Concentration) (Surface Level) annual means,ArcGISMapServiceLayer,53c85e42f67046f0a88c8dd89442efb9,https://nercdsh.dev.azure.manchester.ac.uk/server/rest/services/Surface_Level___mc_Sulfate_PM2_5_WebMap_MIL1/MapServer/11,,RasterDataset,/AQREAN Surface Level/Sulfate (SO4) in PM2.5 Dry Aerosol (Mass Concentration) (Surface Level) annual means,0,,Sulfate in PM2.5 Dry Aerosol (Mass Concentration) (Surface Level) 2007 annual mean,[AQREAN_Cells],True,True,False,,,,data,2
237701,,19b035cd132-layer-351,Sulfate (SO4) in PM2.5 Dry Aerosol (Mass Concentration) (Surface Level) annual means,ArcGISMapServiceLayer,53c85e42f67046f0a88c8dd89442efb9,https://nercdsh.dev.azure.manchester.ac.uk/server/rest/services/Surface_Level___mc_Sulfate_PM2_5_WebMap_MIL1/MapServer/12,,RasterDataset,/AQREAN Surface Level/Sulfate (SO4) in PM2.5 Dry Aerosol (Mass Concentration) (Surface Level) annual means,0,,Sulfate in PM2.5 Dry Aerosol (Mass Concentration) (Surface Level) 2006 annual mean,[AQREAN_Cells],True,True,False,,,,data,2
237801,,19b035cd132-layer-351,Sulfate (SO4) in PM2.5 Dry Aerosol (Mass Concentration) (Surface Level) annual means,ArcGISMapServiceLayer,53c85e42f67046f0a88c8dd89442efb9,https://nercdsh.dev.azure.manchester.ac.uk/server/rest/services/Surface_Level___mc_Sulfate_PM2_5_WebMap_MIL1/MapServer/13,,RasterDataset,/AQREAN Surface Level/Sulfate (SO4) in PM2.5 Dry Aerosol (Mass Concentration) (Surface Level) annual means,0,,Sulfate in PM2.5 Dry Aerosol (Mass Concentration) (Surface Level) 2005 annual mean,[AQREAN_Cells],True,True,False,,,,data,2
237901,,19b035cd132-layer-351,Sulfate (SO4) in PM2.5 Dry Aerosol (Mass Concentration) (Surface Level) annual means,ArcGISMapServiceLayer,53c85e42f67046f0a88c8dd89442efb9,https://nercdsh.dev.azure.manchester.ac.uk/server/rest/services/Surface_Level___mc_Sulfate_PM2_5_WebMap_MIL1/MapServer/14,,RasterDataset,/AQREAN Surface Level/Sulfate (SO4) in PM2.5 Dry Aerosol (Mass Concentration) (Surface Level) annual means,0,,Sulfate in PM2.5 Dry Aerosol (Mass Concentration) (Surface Level) 2004 annual mean,[AQREAN_Cells],True,True,False,,,,data,2
238001,,19b035cd132-layer-351,Sulfate (SO4) in PM2.5 Dry Aerosol (Mass Concentration) (Surface Level) annual means,ArcGISMapServiceLayer,53c85e42f67046f0a88c8dd89442efb9,https://nercdsh.dev.azure.manchester.ac.uk/server/rest/services/Surface_Level___mc_Sulfate_PM2_5_WebMap_MIL1/MapServer/15,,RasterDataset,/AQREAN Surface Level/Sulfate (SO4) in PM2.5 Dry Aerosol (Mass Concentration) (Surface Level) annual means,0,,Sulfate in PM2.5 Dry Aerosol (Mass Concentration) (Surface Level) 2003 annual mean,[AQREAN_Cells],True,True,False,,,,data,2
238101,,19b0384463d-layer-84,Organic Carbon from Fossil Fuel Combustion in PM2.5 Dry Aerosol (Mass Concentration) (Surface Level) annual means,ArcGISMapServiceLayer,4acfdf2b5a2944a2842c9abd1e03c961,https://nercdsh.dev.azure.manchester.ac.uk/server/rest/services/Surface_Level___Organic_Carbon_FFC_PM2p5_WebMap_MIL1/MapServer/0,,RasterDataset,/AQREAN Surface Level/Organic Carbon from Fossil Fuel Combustion in PM2.5 Dry Aerosol (Mass Concentration) (Surface Level) annual means,0,,Organic Carbon from Fossil Fuel Combustion in PM2.5 Dry Aerosol (Mass Concentration) (Surface Level) 2019 annual mean,[AQREAN_Cells],True,True,False,,,,data,2
238201,,19b0384463d-layer-84,Organic Carbon from Fossil Fuel Combustion in PM2.5 Dry Aerosol (Mass Concentration) (Surface Level) annual means,ArcGISMapServiceLayer,4acfdf2b5a2944a2842c9abd1e03c961,https://nercdsh.dev.azure.manchester.ac.uk/server/rest/services/Surface_Level___Organic_Carbon_FFC_PM2p5_WebMap_MIL1/MapServer/1,,RasterDataset,/AQREAN Surface Level/Organic Carbon from Fossil Fuel Combustion in PM2.5 Dry Aerosol (Mass Concentration) (Surface Level) annual means,0,,Organic Carbon from Fossil Fuel Combustion in PM2.5 Dry Aerosol (Mass Concentration) (Surface Level) 2018 annual mean,[AQREAN_Cells],True,True,False,,,,data,2
238301,,19b0384463d-layer-84,Organic Carbon from Fossil Fuel Combustion in PM2.5 Dry Aerosol (Mass Concentration) (Surface Level) annual means,ArcGISMapServiceLayer,4acfdf2b5a2944a2842c9abd1e03c961,https://nercdsh.dev.azure.manchester.ac.uk/server/rest/services/Surface_Level___Organic_Carbon_FFC_PM2p5_WebMap_MIL1/MapServer/2,,RasterDataset,/AQREAN Surface Level/Organic Carbon from Fossil Fuel Combustion in PM2.5 Dry Aerosol (Mass Concentration) (Surface Level) annual means,0,,Organic Carbon from Fossil Fuel Combustion in PM2.5 Dry Aerosol (Mass Concentration) (Surface Level) 2017 annual mean,[AQREAN_Cells],True,True,False,,,,data,2
238401,,19b0384463d-layer-84,Organic Carbon from Fossil Fuel Combustion in PM2.5 Dry Aerosol (Mass Concentration) (Surface Level) annual means,ArcGISMapServiceLayer,4acfdf2b5a2944a2842c9abd1e03c961,https://nercdsh.dev.azure.manchester.ac.uk/server/rest/services/Surface_Level___Organic_Carbon_FFC_PM2p5_WebMap_MIL1/MapServer/3,,RasterDataset,/AQREAN Surface Level/Organic Carbon from Fossil Fuel Combustion in PM2.5 Dry Aerosol (Mass Concentration) (Surface Level) annual means,0,,Organic Carbon from Fossil Fuel Combustion in PM2.5 Dry Aerosol (Mass Concentration) (Surface Level) 2016 annual mean,[AQREAN_Cells],True,True,False,,,,data,2
238501,,19b0384463d-layer-84,Organic Carbon from Fossil Fuel Combustion in PM2.5 Dry Aerosol (Mass Concentration) (Surface Level) annual means,ArcGISMapServiceLayer,4acfdf2b5a2944a2842c9abd1e03c961,https://nercdsh.dev.azure.manchester.ac.uk/server/rest/services/Surface_Level___Organic_Carbon_FFC_PM2p5_WebMap_MIL1/MapServer/4,,RasterDataset,/AQREAN Surface Level/Organic Carbon from Fossil Fuel Combustion in PM2.5 Dry Aerosol (Mass Concentration) (Surface Level) annual means,0,,Organic Carbon from Fossil Fuel Combustion in PM2.5 Dry Aerosol (Mass Concentration) (Surface Level) 2015 annual mean,[AQREAN_Cells],True,True,False,,,,data,2
238601,,19b0384463d-layer-84,Organic Carbon from Fossil Fuel Combustion in PM2.5 Dry Aerosol (Mass Concentration) (Surface Level) annual means,ArcGISMapServiceLayer,4acfdf2b5a2944a2842c9abd1e03c961,https://nercdsh.dev.azure.manchester.ac.uk/server/rest/services/Surface_Level___Organic_Carbon_FFC_PM2p5_WebMap_MIL1/MapServer/5,,RasterDataset,/AQREAN Surface Level/Organic Carbon from Fossil Fuel Combustion in PM2.5 Dry Aerosol (Mass Concentration) (Surface Level) annual means,0,,Organic Carbon from Fossil Fuel Combustion in PM2.5 Dry Aerosol (Mass Concentration) (Surface Level) 2014 annual mean,[AQREAN_Cells],True,True,False,,,,data,2
238701,,19b0384463d-layer-84,Organic Carbon from Fossil Fuel Combustion in PM2.5 Dry Aerosol (Mass Concentration) (Surface Level) annual means,ArcGISMapServiceLayer,4acfdf2b5a2944a2842c9abd1e03c961,https://nercdsh.dev.azure.manchester.ac.uk/server/rest/services/Surface_Level___Organic_Carbon_FFC_PM2p5_WebMap_MIL1/MapServer/6,,RasterDataset,/AQREAN Surface Level/Organic Carbon from Fossil Fuel Combustion in PM2.5 Dry Aerosol (Mass Concentration) (Surface Level) annual means,0,,Organic Carbon from Fossil Fuel Combustion in PM2.5 Dry Aerosol (Mass Concentration) (Surface Level) 2012 annual mean,[AQREAN_Cells],True,True,False,,,,data,2
238801,,19b0384463d-layer-84,Organic Carbon from Fossil Fuel Combustion in PM2.5 Dry Aerosol (Mass Concentration) (Surface Level) annual means,ArcGISMapServiceLayer,4acfdf2b5a2944a2842c9abd1e03c961,https://nercdsh.dev.azure.manchester.ac.uk/server/rest/services/Surface_Level___Organic_Carbon_FFC_PM2p5_WebMap_MIL1/MapServer/7,,RasterDataset,/AQREAN Surface Level/Organic Carbon from Fossil Fuel Combustion in PM2.5 Dry Aerosol (Mass Concentration) (Surface Level) annual means,0,,Organic Carbon from Fossil Fuel Combustion in PM2.5 Dry Aerosol (Mass Concentration) (Surface Level) 2011 annual mean,[AQREAN_Cells],True,True,False,,,,data,2
238901,,19b0384463d-layer-84,Organic Carbon from Fossil Fuel Combustion in PM2.5 Dry Aerosol (Mass Concentration) (Surface Level) annual means,ArcGISMapServiceLayer,4acfdf2b5a2944a2842c9abd1e03c961,https://nercdsh.dev.azure.manchester.ac.uk/server/rest/services/Surface_Level___Organic_Carbon_FFC_PM2p5_WebMap_MIL1/MapServer/8,,RasterDataset,/AQREAN Surface Level/Organic Carbon from Fossil Fuel Combustion in PM2.5 Dry Aerosol (Mass Concentration) (Surface Level) annual means,0,,Organic Carbon from Fossil Fuel Combustion in PM2.5 Dry Aerosol (Mass Concentration) (Surface Level) 2010 annual mean,[AQREAN_Cells],True,True,False,,,,data,2
239001,,19b0384463d-layer-84,Organic Carbon from Fossil Fuel Combustion in PM2.5 Dry Aerosol (Mass Concentration) (Surface Level) annual means,ArcGISMapServiceLayer,4acfdf2b5a2944a2842c9abd1e03c961,https://nercdsh.dev.azure.manchester.ac.uk/server/rest/services/Surface_Level___Organic_Carbon_FFC_PM2p5_WebMap_MIL1/MapServer/9,,RasterDataset,/AQREAN Surface Level/Organic Carbon from Fossil Fuel Combustion in PM2.5 Dry Aerosol (Mass Concentration) (Surface Level) annual means,0,,Organic Carbon from Fossil Fuel Combustion in PM2.5 Dry Aerosol (Mass Concentration) (Surface Level) 2009 annual mean,[AQREAN_Cells],True,True,False,,,,data,2
239101,,19b0384463d-layer-84,Organic Carbon from Fossil Fuel Combustion in PM2.5 Dry Aerosol (Mass Concentration) (Surface Level) annual means,ArcGISMapServiceLayer,4acfdf2b5a2944a2842c9abd1e03c961,https://nercdsh.dev.azure.manchester.ac.uk/server/rest/services/Surface_Level___Organic_Carbon_FFC_PM2p5_WebMap_MIL1/MapServer/10,,RasterDataset,/AQREAN Surface Level/Organic Carbon from Fossil Fuel Combustion in PM2.5 Dry Aerosol (Mass Concentration) (Surface Level) annual means,0,,Organic Carbon from Fossil Fuel Combustion in PM2.5 Dry Aerosol (Mass Concentration) (Surface Level) 2008 annual mean,[AQREAN_Cells],True,True,False,,,,data,2
239201,,19b0384463d-layer-84,Organic Carbon from Fossil Fuel Combustion in PM2.5 Dry Aerosol (Mass Concentration) (Surface Level) annual means,ArcGISMapServiceLayer,4acfdf2b5a2944a2842c9abd1e03c961,https://nercdsh.dev.azure.manchester.ac.uk/server/rest/services/Surface_Level___Organic_Carbon_FFC_PM2p5_WebMap_MIL1/MapServer/11,,RasterDataset,/AQREAN Surface Level/Organic Carbon from Fossil Fuel Combustion in PM2.5 Dry Aerosol (Mass Concentration) (Surface Level) annual means,0,,Organic Carbon from Fossil Fuel Combustion in PM2.5 Dry Aerosol (Mass Concentration) (Surface Level) 2007 annual mean,[AQREAN_Cells],True,True,False,,,,data,2
239301,,19b0384463d-layer-84,Organic Carbon from Fossil Fuel Combustion in PM2.5 Dry Aerosol (Mass Concentration) (Surface Level) annual means,ArcGISMapServiceLayer,4acfdf2b5a2944a2842c9abd1e03c961,https://nercdsh.dev.azure.manchester.ac.uk/server/rest/services/Surface_Level___Organic_Carbon_FFC_PM2p5_WebMap_MIL1/MapServer/12,,RasterDataset,/AQREAN Surface Level/Organic Carbon from Fossil Fuel Combustion in PM2.5 Dry Aerosol (Mass Concentration) (Surface Level) annual means,0,,Organic Carbon from Fossil Fuel Combustion in PM2.5 Dry Aerosol (Mass Concentration) (Surface Level) 2006 annual mean,[AQREAN_Cells],True,True,False,,,,data,2
239401,,19b0384463d-layer-84,Organic Carbon from Fossil Fuel Combustion in PM2.5 Dry Aerosol (Mass Concentration) (Surface Level) annual means,ArcGISMapServiceLayer,4acfdf2b5a2944a2842c9abd1e03c961,https://nercdsh.dev.azure.manchester.ac.uk/server/rest/services/Surface_Level___Organic_Carbon_FFC_PM2p5_WebMap_MIL1/MapServer/13,,RasterDataset,/AQREAN Surface Level/Organic Carbon from Fossil Fuel Combustion in PM2.5 Dry Aerosol (Mass Concentration) (Surface Level) annual means,0,,Organic Carbon from Fossil Fuel Combustion in PM2.5 Dry Aerosol (Mass Concentration) (Surface Level) 2005 annual mean,[AQREAN_Cells],True,True,False,,,,data,2
239501,,19b0384463d-layer-84,Organic Carbon from Fossil Fuel Combustion in PM2.5 Dry Aerosol (Mass Concentration) (Surface Level) annual means,ArcGISMapServiceLayer,4acfdf2b5a2944a2842c9abd1e03c961,https://nercdsh.dev.azure.manchester.ac.uk/server/rest/services/Surface_Level___Organic_Carbon_FFC_PM2p5_WebMap_MIL1/MapServer/14,,RasterDataset,/AQREAN Surface Level/Organic Carbon from Fossil Fuel Combustion in PM2.5 Dry Aerosol (Mass Concentration) (Surface Level) annual means,0,,Organic Carbon from Fossil Fuel Combustion in PM2.5 Dry Aerosol (Mass Concentration) (Surface Level) 2004 annual mean,[AQREAN_Cells],True,True,False,,,,data,2
239601,,19b0384463d-layer-84,Organic Carbon from Fossil Fuel Combustion in PM2.5 Dry Aerosol (Mass Concentration) (Surface Level) annual means,ArcGISMapServiceLayer,4acfdf2b5a2944a2842c9abd1e03c961,https://nercdsh.dev.azure.manchester.ac.uk/server/rest/services/Surface_Level___Organic_Carbon_FFC_PM2p5_WebMap_MIL1/MapServer/15,,RasterDataset,/AQREAN Surface Level/Organic Carbon from Fossil Fuel Combustion in PM2.5 Dry Aerosol (Mass Concentration) (Surface Level) annual means,0,,Organic Carbon from Fossil Fuel Combustion in PM2.5 Dry Aerosol (Mass Concentration) (Surface Level) 2003 annual mean,[AQREAN_Cells],True,True,False,,,,data,2
239701,,19b038233f6-layer-82,PM2.5 Dry Aerosol (Mass Concentration) (Surface Level) annual means,ArcGISMapServiceLayer,50ad6ed584f2452f94a144d5f753ba28,https://nercdsh.dev.azure.manchester.ac.uk/server/rest/services/Surface_Level___PM2p5_WebMap_MIL1/MapServer/0,,RasterDataset,/AQREAN Surface Level/PM2.5 Dry Aerosol (Mass Concentration) (Surface Level) annual means,0,,PM2.5 Dry Aerosol (Mass Concentration) (Surface Level) 2019 annual mean,[AQREAN_Cells],True,True,False,,,,data,2
239801,,19b038233f6-layer-82,PM2.5 Dry Aerosol (Mass Concentration) (Surface Level) annual means,ArcGISMapServiceLayer,50ad6ed584f2452f94a144d5f753ba28,https://nercdsh.dev.azure.manchester.ac.uk/server/rest/services/Surface_Level___PM2p5_WebMap_MIL1/MapServer/1,,RasterDataset,/AQREAN Surface Level/PM2.5 Dry Aerosol (Mass Concentration) (Surface Level) annual means,0,,PM2.5 Dry Aerosol (Mass Concentration) (Surface Level) 2018 annual mean,[AQREAN_Cells],True,True,False,,,,data,2
239901,,19b038233f6-layer-82,PM2.5 Dry Aerosol (Mass Concentration) (Surface Level) annual means,ArcGISMapServiceLayer,50ad6ed584f2452f94a144d5f753ba28,https://nercdsh.dev.azure.manchester.ac.uk/server/rest/services/Surface_Level___PM2p5_WebMap_MIL1/MapServer/2,,RasterDataset,/AQREAN Surface Level/PM2.5 Dry Aerosol (Mass Concentration) (Surface Level) annual means,0,,PM2.5 Dry Aerosol (Mass Concentration) (Surface Level) 2017 annual mean,[AQREAN_Cells],True,True,False,,,,data,2
240001,,19b038233f6-layer-82,PM2.5 Dry Aerosol (Mass Concentration) (Surface Level) annual means,ArcGISMapServiceLayer,50ad6ed584f2452f94a144d5f753ba28,https://nercdsh.dev.azure.manchester.ac.uk/server/rest/services/Surface_Level___PM2p5_WebMap_MIL1/MapServer/3,,RasterDataset,/AQREAN Surface Level/PM2.5 Dry Aerosol (Mass Concentration) (Surface Level) annual means,0,,PM2.5 Dry Aerosol (Mass Concentration) (Surface Level) 2016 annual mean,[AQREAN_Cells],True,True,False,,,,data,2
240101,,19b038233f6-layer-82,PM2.5 Dry Aerosol (Mass Concentration) (Surface Level) annual means,ArcGISMapServiceLayer,50ad6ed584f2452f94a144d5f753ba28,https://nercdsh.dev.azure.manchester.ac.uk/server/rest/services/Surface_Level___PM2p5_WebMap_MIL1/MapServer/4,,RasterDataset,/AQREAN Surface Level/PM2.5 Dry Aerosol (Mass Concentration) (Surface Level) annual means,0,,PM2.5 Dry Aerosol (Mass Concentration) (Surface Level) 2015 annual mean,[AQREAN_Cells],True,True,False,,,,data,2
240201,,19b038233f6-layer-82,PM2.5 Dry Aerosol (Mass Concentration) (Surface Level) annual means,ArcGISMapServiceLayer,50ad6ed584f2452f94a144d5f753ba28,https://nercdsh.dev.azure.manchester.ac.uk/server/rest/services/Surface_Level___PM2p5_WebMap_MIL1/MapServer/5,,RasterDataset,/AQREAN Surface Level/PM2.5 Dry Aerosol (Mass Concentration) (Surface Level) annual means,0,,PM2.5 Dry Aerosol (Mass Concentration) (Surface Level) 2014 annual mean,[AQREAN_Cells],True,True,False,,,,data,2
240301,,19b038233f6-layer-82,PM2.5 Dry Aerosol (Mass Concentration) (Surface Level) annual means,ArcGISMapServiceLayer,50ad6ed584f2452f94a144d5f753ba28,https://nercdsh.dev.azure.manchester.ac.uk/server/rest/services/Surface_Level___PM2p5_WebMap_MIL1/MapServer/6,,RasterDataset,/AQREAN Surface Level/PM2.5 Dry Aerosol (Mass Concentration) (Surface Level) annual means,0,,PM2.5 Dry Aerosol (Mass Concentration) (Surface Level) 2012 annual mean,[AQREAN_Cells],True,True,False,,,,data,2
240401,,19b038233f6-layer-82,PM2.5 Dry Aerosol (Mass Concentration) (Surface Level) annual means,ArcGISMapServiceLayer,50ad6ed584f2452f94a144d5f753ba28,https://nercdsh.dev.azure.manchester.ac.uk/server/rest/services/Surface_Level___PM2p5_WebMap_MIL1/MapServer/7,,RasterDataset,/AQREAN Surface Level/PM2.5 Dry Aerosol (Mass Concentration) (Surface Level) annual means,0,,PM2.5 Dry Aerosol (Mass Concentration) (Surface Level) 2011 annual mean,[AQREAN_Cells],True,True,False,,,,data,2
240501,,19b038233f6-layer-82,PM2.5 Dry Aerosol (Mass Concentration) (Surface Level) annual means,ArcGISMapServiceLayer,50ad6ed584f2452f94a144d5f753ba28,https://nercdsh.dev.azure.manchester.ac.uk/server/rest/services/Surface_Level___PM2p5_WebMap_MIL1/MapServer/8,,RasterDataset,/AQREAN Surface Level/PM2.5 Dry Aerosol (Mass Concentration) (Surface Level) annual means,0,,PM2.5 Dry Aerosol (Mass Concentration) (Surface Level) 2010 annual mean,[AQREAN_Cells],True,True,False,,,,data,2
240601,,19b038233f6-layer-82,PM2.5 Dry Aerosol (Mass Concentration) (Surface Level) annual means,ArcGISMapServiceLayer,50ad6ed584f2452f94a144d5f753ba28,https://nercdsh.dev.azure.manchester.ac.uk/server/rest/services/Surface_Level___PM2p5_WebMap_MIL1/MapServer/9,,RasterDataset,/AQREAN Surface Level/PM2.5 Dry Aerosol (Mass Concentration) (Surface Level) annual means,0,,PM2.5 Dry Aerosol (Mass Concentration) (Surface Level) 2009 annual mean,[AQREAN_Cells],True,True,False,,,,data,2
240701,,19b038233f6-layer-82,PM2.5 Dry Aerosol (Mass Concentration) (Surface Level) annual means,ArcGISMapServiceLayer,50ad6ed584f2452f94a144d5f753ba28,https://nercdsh.dev.azure.manchester.ac.uk/server/rest/services/Surface_Level___PM2p5_WebMap_MIL1/MapServer/10,,RasterDataset,/AQREAN Surface Level/PM2.5 Dry Aerosol (Mass Concentration) (Surface Level) annual means,0,,PM2.5 Dry Aerosol (Mass Concentration) (Surface Level) 2008 annual mean,[AQREAN_Cells],True,True,False,,,,data,2
240801,,19b038233f6-layer-82,PM2.5 Dry Aerosol (Mass Concentration) (Surface Level) annual means,ArcGISMapServiceLayer,50ad6ed584f2452f94a144d5f753ba28,https://nercdsh.dev.azure.manchester.ac.uk/server/rest/services/Surface_Level___PM2p5_WebMap_MIL1/MapServer/11,,RasterDataset,/AQREAN Surface Level/PM2.5 Dry Aerosol (Mass Concentration) (Surface Level) annual means,0,,PM2.5 Dry Aerosol (Mass Concentration) (Surface Level) 2007 annual mean,[AQREAN_Cells],True,True,False,,,,data,2
240901,,19b038233f6-layer-82,PM2.5 Dry Aerosol (Mass Concentration) (Surface Level) annual means,ArcGISMapServiceLayer,50ad6ed584f2452f94a144d5f753ba28,https://nercdsh.dev.azure.manchester.ac.uk/server/rest/services/Surface_Level___PM2p5_WebMap_MIL1/MapServer/12,,RasterDataset,/AQREAN Surface Level/PM2.5 Dry Aerosol (Mass Concentration) (Surface Level) annual means,0,,PM2.5 Dry Aerosol (Mass Concentration) (Surface Level) 2006 annual mean,[AQREAN_Cells],True,True,False,,,,data,2
241001,,19b038233f6-layer-82,PM2.5 Dry Aerosol (Mass Concentration) (Surface Level) annual means,ArcGISMapServiceLayer,50ad6ed584f2452f94a144d5f753ba28,https://nercdsh.dev.azure.manchester.ac.uk/server/rest/services/Surface_Level___PM2p5_WebMap_MIL1/MapServer/13,,RasterDataset,/AQREAN Surface Level/PM2.5 Dry Aerosol (Mass Concentration) (Surface Level) annual means,0,,PM2.5 Dry Aerosol (Mass Concentration) (Surface Level) 2005 annual mean,[AQREAN_Cells],True,True,False,,,,data,2
241101,,19b038233f6-layer-82,PM2.5 Dry Aerosol (Mass Concentration) (Surface Level) annual means,ArcGISMapServiceLayer,50ad6ed584f2452f94a144d5f753ba28,https://nercdsh.dev.azure.manchester.ac.uk/server/rest/services/Surface_Level___PM2p5_WebMap_MIL1/MapServer/14,,RasterDataset,/AQREAN Surface Level/PM2.5 Dry Aerosol (Mass Concentration) (Surface Level) annual means,0,,PM2.5 Dry Aerosol (Mass Concentration) (Surface Level) 2004 annual mean,[AQREAN_Cells],True,True,False,,,,data,2
241201,,19b038233f6-layer-82,PM2.5 Dry Aerosol (Mass Concentration) (Surface Level) annual means,ArcGISMapServiceLayer,50ad6ed584f2452f94a144d5f753ba28,https://nercdsh.dev.azure.manchester.ac.uk/server/rest/services/Surface_Level___PM2p5_WebMap_MIL1/MapServer/15,,RasterDataset,/AQREAN Surface Level/PM2.5 Dry Aerosol (Mass Concentration) (Surface Level) annual means,0,,PM2.5 Dry Aerosol (Mass Concentration) (Surface Level) 2003 annual mean,[AQREAN_Cells],True,True,False,,,,data,2
241301,,19b03f6fc5d-layer-227,Air Quality Index - Nitrogen Dioxide (NO2) (Daily Measurements) (Surface Level) (Bias Corrected) annual means,ArcGISMapServiceLayer,ad0c39ec5cd749599760f081b2c7a4ec,https://nercdsh.dev.azure.manchester.ac.uk/server/rest/services/Surface_Level_Bias_Corrected___aqi_NO2_WebMap_MIL1/MapServer/0,,RasterDataset,/AQREAN Surface Level - Bias Corrected/Air Quality Index - Nitrogen Dioxide (NO2) (Daily Measurements) (Surface Level) (Bias Corrected) annual means,0,,Air Quality Index - NO2 (Daily Measurements) (Surface Level) (Bias Corrected) 2019 annual mean,[AQREAN_BC_Cells],True,True,False,,,,data,2
241401,,19b03f6fc5d-layer-227,Air Quality Index - Nitrogen Dioxide (NO2) (Daily Measurements) (Surface Level) (Bias Corrected) annual means,ArcGISMapServiceLayer,ad0c39ec5cd749599760f081b2c7a4ec,https://nercdsh.dev.azure.manchester.ac.uk/server/rest/services/Surface_Level_Bias_Corrected___aqi_NO2_WebMap_MIL1/MapServer/1,,RasterDataset,/AQREAN Surface Level - Bias Corrected/Air Quality Index - Nitrogen Dioxide (NO2) (Daily Measurements) (Surface Level) (Bias Corrected) annual means,0,,Air Quality Index - NO2 (Daily Measurements) (Surface Level) (Bias Corrected) 2018 annual mean,[AQREAN_BC_Cells],True,True,False,,,,data,2
241501,,19b03f6fc5d-layer-227,Air Quality Index - Nitrogen Dioxide (NO2) (Daily Measurements) (Surface Level) (Bias Corrected) annual means,ArcGISMapServiceLayer,ad0c39ec5cd749599760f081b2c7a4ec,https://nercdsh.dev.azure.manchester.ac.uk/server/rest/services/Surface_Level_Bias_Corrected___aqi_NO2_WebMap_MIL1/MapServer/2,,RasterDataset,/AQREAN Surface Level - Bias Corrected/Air Quality Index - Nitrogen Dioxide (NO2) (Daily Measurements) (Surface Level) (Bias Corrected) annual means,0,,Air Quality Index - NO2 (Daily Measurements) (Surface Level) (Bias Corrected) 2017 annual mean,[AQREAN_BC_Cells],True,True,False,,,,data,2
241601,,19b03f6fc5d-layer-227,Air Quality Index - Nitrogen Dioxide (NO2) (Daily Measurements) (Surface Level) (Bias Corrected) annual means,ArcGISMapServiceLayer,ad0c39ec5cd749599760f081b2c7a4ec,https://nercdsh.dev.azure.manchester.ac.uk/server/rest/services/Surface_Level_Bias_Corrected___aqi_NO2_WebMap_MIL1/MapServer/3,,RasterDataset,/AQREAN Surface Level - Bias Corrected/Air Quality Index - Nitrogen Dioxide (NO2) (Daily Measurements) (Surface Level) (Bias Corrected) annual means,0,,Air Quality Index - NO2 (Daily Measurements) (Surface Level) (Bias Corrected) 2016 annual mean,[AQREAN_BC_Cells],True,True,False,,,,data,2
241701,,19b03f6fc5d-layer-227,Air Quality Index - Nitrogen Dioxide (NO2) (Daily Measurements) (Surface Level) (Bias Corrected) annual means,ArcGISMapServiceLayer,ad0c39ec5cd749599760f081b2c7a4ec,https://nercdsh.dev.azure.manchester.ac.uk/server/rest/services/Surface_Level_Bias_Corrected___aqi_NO2_WebMap_MIL1/MapServer/4,,RasterDataset,/AQREAN Surface Level - Bias Corrected/Air Quality Index - Nitrogen Dioxide (NO2) (Daily Measurements) (Surface Level) (Bias Corrected) annual means,0,,Air Quality Index - NO2 (Daily Measurements) (Surface Level) (Bias Corrected) 2015 annual mean,[AQREAN_BC_Cells],True,True,False,,,,data,2
241801,,19b03f6fc5d-layer-227,Air Quality Index - Nitrogen Dioxide (NO2) (Daily Measurements) (Surface Level) (Bias Corrected) annual means,ArcGISMapServiceLayer,ad0c39ec5cd749599760f081b2c7a4ec,https://nercdsh.dev.azure.manchester.ac.uk/server/rest/services/Surface_Level_Bias_Corrected___aqi_NO2_WebMap_MIL1/MapServer/5,,RasterDataset,/AQREAN Surface Level - Bias Corrected/Air Quality Index - Nitrogen Dioxide (NO2) (Daily Measurements) (Surface Level) (Bias Corrected) annual means,0,,Air Quality Index - NO2 (Daily Measurements) (Surface Level) (Bias Corrected) 2014 annual mean,[AQREAN_BC_Cells],True,True,False,,,,data,2
241901,,19b03f6fc5d-layer-227,Air Quality Index - Nitrogen Dioxide (NO2) (Daily Measurements) (Surface Level) (Bias Corrected) annual means,ArcGISMapServiceLayer,ad0c39ec5cd749599760f081b2c7a4ec,https://nercdsh.dev.azure.manchester.ac.uk/server/rest/services/Surface_Level_Bias_Corrected___aqi_NO2_WebMap_MIL1/MapServer/6,,RasterDataset,/AQREAN Surface Level - Bias Corrected/Air Quality Index - Nitrogen Dioxide (NO2) (Daily Measurements) (Surface Level) (Bias Corrected) annual means,0,,Air Quality Index - NO2 (Daily Measurements) (Surface Level) (Bias Corrected) 2013 annual mean,[AQREAN_BC_Cells],True,True,False,,,,data,2
242001,,19b03f6fc5d-layer-227,Air Quality Index - Nitrogen Dioxide (NO2) (Daily Measurements) (Surface Level) (Bias Corrected) annual means,ArcGISMapServiceLayer,ad0c39ec5cd749599760f081b2c7a4ec,https://nercdsh.dev.azure.manchester.ac.uk/server/rest/services/Surface_Level_Bias_Corrected___aqi_NO2_WebMap_MIL1/MapServer/7,,RasterDataset,/AQREAN Surface Level - Bias Corrected/Air Quality Index - Nitrogen Dioxide (NO2) (Daily Measurements) (Surface Level) (Bias Corrected) annual means,0,,Air Quality Index - NO2 (Daily Measurements) (Surface Level) (Bias Corrected) 2012 annual mean,[AQREAN_BC_Cells],True,True,False,,,,data,2
242101,,19b03f6fc5d-layer-227,Air Quality Index - Nitrogen Dioxide (NO2) (Daily Measurements) (Surface Level) (Bias Corrected) annual means,ArcGISMapServiceLayer,ad0c39ec5cd749599760f081b2c7a4ec,https://nercdsh.dev.azure.manchester.ac.uk/server/rest/services/Surface_Level_Bias_Corrected___aqi_NO2_WebMap_MIL1/MapServer/8,,RasterDataset,/AQREAN Surface Level - Bias Corrected/Air Quality Index - Nitrogen Dioxide (NO2) (Daily Measurements) (Surface Level) (Bias Corrected) annual means,0,,Air Quality Index - NO2 (Daily Measurements) (Surface Level) (Bias Corrected) 2011 annual mean,[AQREAN_BC_Cells],True,True,False,,,,data,2
242201,,19b03f6fc5d-layer-227,Air Quality Index - Nitrogen Dioxide (NO2) (Daily Measurements) (Surface Level) (Bias Corrected) annual means,ArcGISMapServiceLayer,ad0c39ec5cd749599760f081b2c7a4ec,https://nercdsh.dev.azure.manchester.ac.uk/server/rest/services/Surface_Level_Bias_Corrected___aqi_NO2_WebMap_MIL1/MapServer/9,,RasterDataset,/AQREAN Surface Level - Bias Corrected/Air Quality Index - Nitrogen Dioxide (NO2) (Daily Measurements) (Surface Level) (Bias Corrected) annual means,0,,Air Quality Index - NO2 (Daily Measurements) (Surface Level) (Bias Corrected) 2010 annual mean,[AQREAN_BC_Cells],True,True,False,,,,data,2
242301,,19b03f6fc5d-layer-227,Air Quality Index - Nitrogen Dioxide (NO2) (Daily Measurements) (Surface Level) (Bias Corrected) annual means,ArcGISMapServiceLayer,ad0c39ec5cd749599760f081b2c7a4ec,https://nercdsh.dev.azure.manchester.ac.uk/server/rest/services/Surface_Level_Bias_Corrected___aqi_NO2_WebMap_MIL1/MapServer/10,,RasterDataset,/AQREAN Surface Level - Bias Corrected/Air Quality Index - Nitrogen Dioxide (NO2) (Daily Measurements) (Surface Level) (Bias Corrected) annual means,0,,Air Quality Index - NO2 (Daily Measurements) (Surface Level) (Bias Corrected) 2009 annual mean,[AQREAN_BC_Cells],True,True,False,,,,data,2
242401,,19b03f6fc5d-layer-227,Air Quality Index - Nitrogen Dioxide (NO2) (Daily Measurements) (Surface Level) (Bias Corrected) annual means,ArcGISMapServiceLayer,ad0c39ec5cd749599760f081b2c7a4ec,https://nercdsh.dev.azure.manchester.ac.uk/server/rest/services/Surface_Level_Bias_Corrected___aqi_NO2_WebMap_MIL1/MapServer/11,,RasterDataset,/AQREAN Surface Level - Bias Corrected/Air Quality Index - Nitrogen Dioxide (NO2) (Daily Measurements) (Surface Level) (Bias Corrected) annual means,0,,Air Quality Index - NO2 (Daily Measurements) (Surface Level) (Bias Corrected) 2008 annual mean,[AQREAN_BC_Cells],True,True,False,,,,data,2
242501,,19b03f6fc5d-layer-227,Air Quality Index - Nitrogen Dioxide (NO2) (Daily Measurements) (Surface Level) (Bias Corrected) annual means,ArcGISMapServiceLayer,ad0c39ec5cd749599760f081b2c7a4ec,https://nercdsh.dev.azure.manchester.ac.uk/server/rest/services/Surface_Level_Bias_Corrected___aqi_NO2_WebMap_MIL1/MapServer/12,,RasterDataset,/AQREAN Surface Level - Bias Corrected/Air Quality Index - Nitrogen Dioxide (NO2) (Daily Measurements) (Surface Level) (Bias Corrected) annual means,0,,Air Quality Index - NO2 (Daily Measurements) (Surface Level) (Bias Corrected) 2007 annual mean,[AQREAN_BC_Cells],True,True,False,,,,data,2
242601,,19b03f6fc5d-layer-227,Air Quality Index - Nitrogen Dioxide (NO2) (Daily Measurements) (Surface Level) (Bias Corrected) annual means,ArcGISMapServiceLayer,ad0c39ec5cd749599760f081b2c7a4ec,https://nercdsh.dev.azure.manchester.ac.uk/server/rest/services/Surface_Level_Bias_Corrected___aqi_NO2_WebMap_MIL1/MapServer/13,,RasterDataset,/AQREAN Surface Level - Bias Corrected/Air Quality Index - Nitrogen Dioxide (NO2) (Daily Measurements) (Surface Level) (Bias Corrected) annual means,0,,Air Quality Index - NO2 (Daily Measurements) (Surface Level) (Bias Corrected) 2006 annual mean,[AQREAN_BC_Cells],True,True,False,,,,data,2
242701,,19b03f6fc5d-layer-227,Air Quality Index - Nitrogen Dioxide (NO2) (Daily Measurements) (Surface Level) (Bias Corrected) annual means,ArcGISMapServiceLayer,ad0c39ec5cd749599760f081b2c7a4ec,https://nercdsh.dev.azure.manchester.ac.uk/server/rest/services/Surface_Level_Bias_Corrected___aqi_NO2_WebMap_MIL1/MapServer/14,,RasterDataset,/AQREAN Surface Level - Bias Corrected/Air Quality Index - Nitrogen Dioxide (NO2) (Daily Measurements) (Surface Level) (Bias Corrected) annual means,0,,Air Quality Index - NO2 (Daily Measurements) (Surface Level) (Bias Corrected) 2005 annual mean,[AQREAN_BC_Cells],True,True,False,,,,data,2
242801,,19b03f6fc5d-layer-227,Air Quality Index - Nitrogen Dioxide (NO2) (Daily Measurements) (Surface Level) (Bias Corrected) annual means,ArcGISMapServiceLayer,ad0c39ec5cd749599760f081b2c7a4ec,https://nercdsh.dev.azure.manchester.ac.uk/server/rest/services/Surface_Level_Bias_Corrected___aqi_NO2_WebMap_MIL1/MapServer/15,,RasterDataset,/AQREAN Surface Level - Bias Corrected/Air Quality Index - Nitrogen Dioxide (NO2) (Daily Measurements) (Surface Level) (Bias Corrected) annual means,0,,Air Quality Index - NO2 (Daily Measurements) (Surface Level) (Bias Corrected) 2004 annual mean,[AQREAN_BC_Cells],True,True,False,,,,data,2
242901,,19b03f6fc5d-layer-227,Air Quality Index - Nitrogen Dioxide (NO2) (Daily Measurements) (Surface Level) (Bias Corrected) annual means,ArcGISMapServiceLayer,ad0c39ec5cd749599760f081b2c7a4ec,https://nercdsh.dev.azure.manchester.ac.uk/server/rest/services/Surface_Level_Bias_Corrected___aqi_NO2_WebMap_MIL1/MapServer/16,,RasterDataset,/AQREAN Surface Level - Bias Corrected/Air Quality Index - Nitrogen Dioxide (NO2) (Daily Measurements) (Surface Level) (Bias Corrected) annual means,0,,Air Quality Index - NO2 (Daily Measurements) (Surface Level) (Bias Corrected) 2003 annual mean,[AQREAN_BC_Cells],True,True,False,,,,data,2
243001,,19b03f6c415-layer-226,Air Quality Index - PM2.5 Dry Aerosol (Daily Measurements) (Surface Level) (Bias Corrected) annual means,ArcGISMapServiceLayer,e732884c664c459c9cbe77bae2365d96,https://nercdsh.dev.azure.manchester.ac.uk/server/rest/services/Surface_Level_Bias_Corrected_aqi_PM2p5_WebMap_MIL1/MapServer/0,,RasterDataset,/AQREAN Surface Level - Bias Corrected/Air Quality Index - PM2.5 Dry Aerosol (Daily Measurements) (Surface Level) (Bias Corrected) annual means,0,,Air Quality Index - PM2.5 Dry Aerosol (Daily Measurements) (Surface Level) (Bias Corrected) 2019 annual mean,[AQREAN_BC_Cells],True,True,False,,,,data,2
243101,,19b03f6c415-layer-226,Air Quality Index - PM2.5 Dry Aerosol (Daily Measurements) (Surface Level) (Bias Corrected) annual means,ArcGISMapServiceLayer,e732884c664c459c9cbe77bae2365d96,https://nercdsh.dev.azure.manchester.ac.uk/server/rest/services/Surface_Level_Bias_Corrected_aqi_PM2p5_WebMap_MIL1/MapServer/1,,RasterDataset,/AQREAN Surface Level - Bias Corrected/Air Quality Index - PM2.5 Dry Aerosol (Daily Measurements) (Surface Level) (Bias Corrected) annual means,0,,Air Quality Index - PM2.5 Dry Aerosol (Daily Measurements) (Surface Level) (Bias Corrected) 2018 annual mean,[AQREAN_BC_Cells],True,True,False,,,,data,2
243201,,19b03f6c415-layer-226,Air Quality Index - PM2.5 Dry Aerosol (Daily Measurements) (Surface Level) (Bias Corrected) annual means,ArcGISMapServiceLayer,e732884c664c459c9cbe77bae2365d96,https://nercdsh.dev.azure.manchester.ac.uk/server/rest/services/Surface_Level_Bias_Corrected_aqi_PM2p5_WebMap_MIL1/MapServer/2,,RasterDataset,/AQREAN Surface Level - Bias Corrected/Air Quality Index - PM2.5 Dry Aerosol (Daily Measurements) (Surface Level) (Bias Corrected) annual means,0,,Air Quality Index - PM2.5 Dry Aerosol (Daily Measurements) (Surface Level) (Bias Corrected) 2017 annual mean,[AQREAN_BC_Cells],True,True,False,,,,data,2
243301,,19b03f6c415-layer-226,Air Quality Index - PM2.5 Dry Aerosol (Daily Measurements) (Surface Level) (Bias Corrected) annual means,ArcGISMapServiceLayer,e732884c664c459c9cbe77bae2365d96,https://nercdsh.dev.azure.manchester.ac.uk/server/rest/services/Surface_Level_Bias_Corrected_aqi_PM2p5_WebMap_MIL1/MapServer/3,,RasterDataset,/AQREAN Surface Level - Bias Corrected/Air Quality Index - PM2.5 Dry Aerosol (Daily Measurements) (Surface Level) (Bias Corrected) annual means,0,,Air Quality Index - PM2.5 Dry Aerosol (Daily Measurements) (Surface Level) (Bias Corrected) 2016 annual mean,[AQREAN_BC_Cells],True,True,False,,,,data,2
243401,,19b03f6c415-layer-226,Air Quality Index - PM2.5 Dry Aerosol (Daily Measurements) (Surface Level) (Bias Corrected) annual means,ArcGISMapServiceLayer,e732884c664c459c9cbe77bae2365d96,https://nercdsh.dev.azure.manchester.ac.uk/server/rest/services/Surface_Level_Bias_Corrected_aqi_PM2p5_WebMap_MIL1/MapServer/4,,RasterDataset,/AQREAN Surface Level - Bias Corrected/Air Quality Index - PM2.5 Dry Aerosol (Daily Measurements) (Surface Level) (Bias Corrected) annual means,0,,Air Quality Index - PM2.5 Dry Aerosol (Daily Measurements) (Surface Level) (Bias Corrected) 2015 annual mean,[AQREAN_BC_Cells],True,True,False,,,,data,2
243501,,19b03f6c415-layer-226,Air Quality Index - PM2.5 Dry Aerosol (Daily Measurements) (Surface Level) (Bias Corrected) annual means,ArcGISMapServiceLayer,e732884c664c459c9cbe77bae2365d96,https://nercdsh.dev.azure.manchester.ac.uk/server/rest/services/Surface_Level_Bias_Corrected_aqi_PM2p5_WebMap_MIL1/MapServer/5,,RasterDataset,/AQREAN Surface Level - Bias Corrected/Air Quality Index - PM2.5 Dry Aerosol (Daily Measurements) (Surface Level) (Bias Corrected) annual means,0,,Air Quality Index - PM2.5 Dry Aerosol (Daily Measurements) (Surface Level) (Bias Corrected) 2014 annual mean,[AQREAN_BC_Cells],True,True,False,,,,data,2
243601,,19b03f6c415-layer-226,Air Quality Index - PM2.5 Dry Aerosol (Daily Measurements) (Surface Level) (Bias Corrected) annual means,ArcGISMapServiceLayer,e732884c664c459c9cbe77bae2365d96,https://nercdsh.dev.azure.manchester.ac.uk/server/rest/services/Surface_Level_Bias_Corrected_aqi_PM2p5_WebMap_MIL1/MapServer/6,,RasterDataset,/AQREAN Surface Level - Bias Corrected/Air Quality Index - PM2.5 Dry Aerosol (Daily Measurements) (Surface Level) (Bias Corrected) annual means,0,,Air Quality Index - PM2.5 Dry Aerosol (Daily Measurements) (Surface Level) (Bias Corrected) 2013 annual mean,[AQREAN_BC_Cells],True,True,False,,,,data,2
243701,,19b03f6c415-layer-226,Air Quality Index - PM2.5 Dry Aerosol (Daily Measurements) (Surface Level) (Bias Corrected) annual means,ArcGISMapServiceLayer,e732884c664c459c9cbe77bae2365d96,https://nercdsh.dev.azure.manchester.ac.uk/server/rest/services/Surface_Level_Bias_Corrected_aqi_PM2p5_WebMap_MIL1/MapServer/7,,RasterDataset,/AQREAN Surface Level - Bias Corrected/Air Quality Index - PM2.5 Dry Aerosol (Daily Measurements) (Surface Level) (Bias Corrected) annual means,0,,Air Quality Index - PM2.5 Dry Aerosol (Daily Measurements) (Surface Level) (Bias Corrected) 2012 annual mean,[AQREAN_BC_Cells],True,True,False,,,,data,2
243801,,19b03f6c415-layer-226,Air Quality Index - PM2.5 Dry Aerosol (Daily Measurements) (Surface Level) (Bias Corrected) annual means,ArcGISMapServiceLayer,e732884c664c459c9cbe77bae2365d96,https://nercdsh.dev.azure.manchester.ac.uk/server/rest/services/Surface_Level_Bias_Corrected_aqi_PM2p5_WebMap_MIL1/MapServer/8,,RasterDataset,/AQREAN Surface Level - Bias Corrected/Air Quality Index - PM2.5 Dry Aerosol (Daily Measurements) (Surface Level) (Bias Corrected) annual means,0,,Air Quality Index - PM2.5 Dry Aerosol (Daily Measurements) (Surface Level) (Bias Corrected) 2011 annual mean,[AQREAN_BC_Cells],True,True,False,,,,data,2
243901,,19b03f6c415-layer-226,Air Quality Index - PM2.5 Dry Aerosol (Daily Measurements) (Surface Level) (Bias Corrected) annual means,ArcGISMapServiceLayer,e732884c664c459c9cbe77bae2365d96,https://nercdsh.dev.azure.manchester.ac.uk/server/rest/services/Surface_Level_Bias_Corrected_aqi_PM2p5_WebMap_MIL1/MapServer/9,,RasterDataset,/AQREAN Surface Level - Bias Corrected/Air Quality Index - PM2.5 Dry Aerosol (Daily Measurements) (Surface Level) (Bias Corrected) annual means,0,,Air Quality Index - PM2.5 Dry Aerosol (Daily Measurements) (Surface Level) (Bias Corrected) 2010 annual mean,[AQREAN_BC_Cells],True,True,False,,,,data,2
244001,,19b03f6c415-layer-226,Air Quality Index - PM2.5 Dry Aerosol (Daily Measurements) (Surface Level) (Bias Corrected) annual means,ArcGISMapServiceLayer,e732884c664c459c9cbe77bae2365d96,https://nercdsh.dev.azure.manchester.ac.uk/server/rest/services/Surface_Level_Bias_Corrected_aqi_PM2p5_WebMap_MIL1/MapServer/10,,RasterDataset,/AQREAN Surface Level - Bias Corrected/Air Quality Index - PM2.5 Dry Aerosol (Daily Measurements) (Surface Level) (Bias Corrected) annual means,0,,Air Quality Index - PM2.5 Dry Aerosol (Daily Measurements) (Surface Level) (Bias Corrected) 2009 annual mean,[AQREAN_BC_Cells],True,True,False,,,,data,2
244101,,19b03f6c415-layer-226,Air Quality Index - PM2.5 Dry Aerosol (Daily Measurements) (Surface Level) (Bias Corrected) annual means,ArcGISMapServiceLayer,e732884c664c459c9cbe77bae2365d96,https://nercdsh.dev.azure.manchester.ac.uk/server/rest/services/Surface_Level_Bias_Corrected_aqi_PM2p5_WebMap_MIL1/MapServer/11,,RasterDataset,/AQREAN Surface Level - Bias Corrected/Air Quality Index - PM2.5 Dry Aerosol (Daily Measurements) (Surface Level) (Bias Corrected) annual means,0,,Air Quality Index - PM2.5 Dry Aerosol (Daily Measurements) (Surface Level) (Bias Corrected) 2008 annual mean,[AQREAN_BC_Cells],True,True,False,,,,data,2
244201,,19b03f6c415-layer-226,Air Quality Index - PM2.5 Dry Aerosol (Daily Measurements) (Surface Level) (Bias Corrected) annual means,ArcGISMapServiceLayer,e732884c664c459c9cbe77bae2365d96,https://nercdsh.dev.azure.manchester.ac.uk/server/rest/services/Surface_Level_Bias_Corrected_aqi_PM2p5_WebMap_MIL1/MapServer/12,,RasterDataset,/AQREAN Surface Level - Bias Corrected/Air Quality Index - PM2.5 Dry Aerosol (Daily Measurements) (Surface Level) (Bias Corrected) annual means,0,,Air Quality Index - PM2.5 Dry Aerosol (Daily Measurements) (Surface Level) (Bias Corrected) 2007 annual mean,[AQREAN_BC_Cells],True,True,False,,,,data,2
244301,,19b03f6c415-layer-226,Air Quality Index - PM2.5 Dry Aerosol (Daily Measurements) (Surface Level) (Bias Corrected) annual means,ArcGISMapServiceLayer,e732884c664c459c9cbe77bae2365d96,https://nercdsh.dev.azure.manchester.ac.uk/server/rest/services/Surface_Level_Bias_Corrected_aqi_PM2p5_WebMap_MIL1/MapServer/13,,RasterDataset,/AQREAN Surface Level - Bias Corrected/Air Quality Index - PM2.5 Dry Aerosol (Daily Measurements) (Surface Level) (Bias Corrected) annual means,0,,Air Quality Index - PM2.5 Dry Aerosol (Daily Measurements) (Surface Level) (Bias Corrected) 2006 annual mean,[AQREAN_BC_Cells],True,True,False,,,,data,2
244401,,19b03f6c415-layer-226,Air Quality Index - PM2.5 Dry Aerosol (Daily Measurements) (Surface Level) (Bias Corrected) annual means,ArcGISMapServiceLayer,e732884c664c459c9cbe77bae2365d96,https://nercdsh.dev.azure.manchester.ac.uk/server/rest/services/Surface_Level_Bias_Corrected_aqi_PM2p5_WebMap_MIL1/MapServer/14,,RasterDataset,/AQREAN Surface Level - Bias Corrected/Air Quality Index - PM2.5 Dry Aerosol (Daily Measurements) (Surface Level) (Bias Corrected) annual means,0,,Air Quality Index - PM2.5 Dry Aerosol (Daily Measurements) (Surface Level) (Bias Corrected) 2005 annual mean,[AQREAN_BC_Cells],True,True,False,,,,data,2
244501,,19b03f6c415-layer-226,Air Quality Index - PM2.5 Dry Aerosol (Daily Measurements) (Surface Level) (Bias Corrected) annual means,ArcGISMapServiceLayer,e732884c664c459c9cbe77bae2365d96,https://nercdsh.dev.azure.manchester.ac.uk/server/rest/services/Surface_Level_Bias_Corrected_aqi_PM2p5_WebMap_MIL1/MapServer/15,,RasterDataset,/AQREAN Surface Level - Bias Corrected/Air Quality Index - PM2.5 Dry Aerosol (Daily Measurements) (Surface Level) (Bias Corrected) annual means,0,,Air Quality Index - PM2.5 Dry Aerosol (Daily Measurements) (Surface Level) (Bias Corrected) 2004 annual mean,[AQREAN_BC_Cells],True,True,False,,,,data,2
244601,,19b03f6c415-layer-226,Air Quality Index - PM2.5 Dry Aerosol (Daily Measurements) (Surface Level) (Bias Corrected) annual means,ArcGISMapServiceLayer,e732884c664c459c9cbe77bae2365d96,https://nercdsh.dev.azure.manchester.ac.uk/server/rest/services/Surface_Level_Bias_Corrected_aqi_PM2p5_WebMap_MIL1/MapServer/16,,RasterDataset,/AQREAN Surface Level - Bias Corrected/Air Quality Index - PM2.5 Dry Aerosol (Daily Measurements) (Surface Level) (Bias Corrected) annual means,0,,Air Quality Index - PM2.5 Dry Aerosol (Daily Measurements) (Surface Level) (Bias Corrected) 2003 annual mean,[AQREAN_BC_Cells],True,True,False,,,,data,2
244701,,19b03f679b8-layer-225,Nitrogen Dioxide (NO2) (Mass Concentration) (Surface Level) (Bias Corrected) annual means,ArcGISMapServiceLayer,5991187841ab4394b67717c0144abc69,https://nercdsh.dev.azure.manchester.ac.uk/server/rest/services/Surface_Level_Bias_Corrected__NO2_mc_WebMap_MIL1/MapServer/0,,RasterDataset,/AQREAN Surface Level - Bias Corrected/Nitrogen Dioxide (NO2) (Mass Concentration) (Surface Level) (Bias Corrected) annual means,0,,NO2 (Mass Concentration) (Surface Level) (Bias Corrected) 2019 annual mean,[AQREAN_BC_Cells],True,True,False,,,,data,2
244801,,19b03f679b8-layer-225,Nitrogen Dioxide (NO2) (Mass Concentration) (Surface Level) (Bias Corrected) annual means,ArcGISMapServiceLayer,5991187841ab4394b67717c0144abc69,https://nercdsh.dev.azure.manchester.ac.uk/server/rest/services/Surface_Level_Bias_Corrected__NO2_mc_WebMap_MIL1/MapServer/1,,RasterDataset,/AQREAN Surface Level - Bias Corrected/Nitrogen Dioxide (NO2) (Mass Concentration) (Surface Level) (Bias Corrected) annual means,0,,NO2 (Mass Concentration) (Surface Level) (Bias Corrected) 2018 annual mean,[AQREAN_BC_Cells],True,True,False,,,,data,2
244901,,19b03f679b8-layer-225,Nitrogen Dioxide (NO2) (Mass Concentration) (Surface Level) (Bias Corrected) annual means,ArcGISMapServiceLayer,5991187841ab4394b67717c0144abc69,https://nercdsh.dev.azure.manchester.ac.uk/server/rest/services/Surface_Level_Bias_Corrected__NO2_mc_WebMap_MIL1/MapServer/2,,RasterDataset,/AQREAN Surface Level - Bias Corrected/Nitrogen Dioxide (NO2) (Mass Concentration) (Surface Level) (Bias Corrected) annual means,0,,NO2 (Mass Concentration) (Surface Level) (Bias Corrected) 2017 annual mean,[AQREAN_BC_Cells],True,True,False,,,,data,2
245001,,19b03f679b8-layer-225,Nitrogen Dioxide (NO2) (Mass Concentration) (Surface Level) (Bias Corrected) annual means,ArcGISMapServiceLayer,5991187841ab4394b67717c0144abc69,https://nercdsh.dev.azure.manchester.ac.uk/server/rest/services/Surface_Level_Bias_Corrected__NO2_mc_WebMap_MIL1/MapServer/3,,RasterDataset,/AQREAN Surface Level - Bias Corrected/Nitrogen Dioxide (NO2) (Mass Concentration) (Surface Level) (Bias Corrected) annual means,0,,NO2 (Mass Concentration) (Surface Level) (Bias Corrected) 2016 annual mean,[AQREAN_BC_Cells],True,True,False,,,,data,2
245101,,19b03f679b8-layer-225,Nitrogen Dioxide (NO2) (Mass Concentration) (Surface Level) (Bias Corrected) annual means,ArcGISMapServiceLayer,5991187841ab4394b67717c0144abc69,https://nercdsh.dev.azure.manchester.ac.uk/server/rest/services/Surface_Level_Bias_Corrected__NO2_mc_WebMap_MIL1/MapServer/4,,RasterDataset,/AQREAN Surface Level - Bias Corrected/Nitrogen Dioxide (NO2) (Mass Concentration) (Surface Level) (Bias Corrected) annual means,0,,NO2 (Mass Concentration) (Surface Level) (Bias Corrected) 2015 annual mean,[AQREAN_BC_Cells],True,True,False,,,,data,2
245201,,19b03f679b8-layer-225,Nitrogen Dioxide (NO2) (Mass Concentration) (Surface Level) (Bias Corrected) annual means,ArcGISMapServiceLayer,5991187841ab4394b67717c0144abc69,https://nercdsh.dev.azure.manchester.ac.uk/server/rest/services/Surface_Level_Bias_Corrected__NO2_mc_WebMap_MIL1/MapServer/5,,RasterDataset,/AQREAN Surface Level - Bias Corrected/Nitrogen Dioxide (NO2) (Mass Concentration) (Surface Level) (Bias Corrected) annual means,0,,NO2 (Mass Concentration) (Surface Level) (Bias Corrected) 2014 annual mean,[AQREAN_BC_Cells],True,True,False,,,,data,2
245301,,19b03f679b8-layer-225,Nitrogen Dioxide (NO2) (Mass Concentration) (Surface Level) (Bias Corrected) annual means,ArcGISMapServiceLayer,5991187841ab4394b67717c0144abc69,https://nercdsh.dev.azure.manchester.ac.uk/server/rest/services/Surface_Level_Bias_Corrected__NO2_mc_WebMap_MIL1/MapServer/6,,RasterDataset,/AQREAN Surface Level - Bias Corrected/Nitrogen Dioxide (NO2) (Mass Concentration) (Surface Level) (Bias Corrected) annual means,0,,NO2 (Mass Concentration) (Surface Level) (Bias Corrected) 2013 annual mean,[AQREAN_BC_Cells],True,True,False,,,,data,2
245401,,19b03f679b8-layer-225,Nitrogen Dioxide (NO2) (Mass Concentration) (Surface Level) (Bias Corrected) annual means,ArcGISMapServiceLayer,5991187841ab4394b67717c0144abc69,https://nercdsh.dev.azure.manchester.ac.uk/server/rest/services/Surface_Level_Bias_Corrected__NO2_mc_WebMap_MIL1/MapServer/7,,RasterDataset,/AQREAN Surface Level - Bias Corrected/Nitrogen Dioxide (NO2) (Mass Concentration) (Surface Level) (Bias Corrected) annual means,0,,NO2 (Mass Concentration) (Surface Level) (Bias Corrected) 2012 annual mean,[AQREAN_BC_Cells],True,True,False,,,,data,2
245501,,19b03f679b8-layer-225,Nitrogen Dioxide (NO2) (Mass Concentration) (Surface Level) (Bias Corrected) annual means,ArcGISMapServiceLayer,5991187841ab4394b67717c0144abc69,https://nercdsh.dev.azure.manchester.ac.uk/server/rest/services/Surface_Level_Bias_Corrected__NO2_mc_WebMap_MIL1/MapServer/8,,RasterDataset,/AQREAN Surface Level - Bias Corrected/Nitrogen Dioxide (NO2) (Mass Concentration) (Surface Level) (Bias Corrected) annual means,0,,NO2 (Mass Concentration) (Surface Level) (Bias Corrected) 2011 annual mean,[AQREAN_BC_Cells],True,True,False,,,,data,2
245601,,19b03f679b8-layer-225,Nitrogen Dioxide (NO2) (Mass Concentration) (Surface Level) (Bias Corrected) annual means,ArcGISMapServiceLayer,5991187841ab4394b67717c0144abc69,https://nercdsh.dev.azure.manchester.ac.uk/server/rest/services/Surface_Level_Bias_Corrected__NO2_mc_WebMap_MIL1/MapServer/9,,RasterDataset,/AQREAN Surface Level - Bias Corrected/Nitrogen Dioxide (NO2) (Mass Concentration) (Surface Level) (Bias Corrected) annual means,0,,NO2 (Mass Concentration) (Surface Level) (Bias Corrected) 2010 annual mean,[AQREAN_BC_Cells],True,True,False,,,,data,2
245701,,19b03f679b8-layer-225,Nitrogen Dioxide (NO2) (Mass Concentration) (Surface Level) (Bias Corrected) annual means,ArcGISMapServiceLayer,5991187841ab4394b67717c0144abc69,https://nercdsh.dev.azure.manchester.ac.uk/server/rest/services/Surface_Level_Bias_Corrected__NO2_mc_WebMap_MIL1/MapServer/10,,RasterDataset,/AQREAN Surface Level - Bias Corrected/Nitrogen Dioxide (NO2) (Mass Concentration) (Surface Level) (Bias Corrected) annual means,0,,NO2 (Mass Concentration) (Surface Level) (Bias Corrected) 2009 annual mean,[AQREAN_BC_Cells],True,True,False,,,,data,2
245801,,19b03f679b8-layer-225,Nitrogen Dioxide (NO2) (Mass Concentration) (Surface Level) (Bias Corrected) annual means,ArcGISMapServiceLayer,5991187841ab4394b67717c0144abc69,https://nercdsh.dev.azure.manchester.ac.uk/server/rest/services/Surface_Level_Bias_Corrected__NO2_mc_WebMap_MIL1/MapServer/11,,RasterDataset,/AQREAN Surface Level - Bias Corrected/Nitrogen Dioxide (NO2) (Mass Concentration) (Surface Level) (Bias Corrected) annual means,0,,NO2 (Mass Concentration) (Surface Level) (Bias Corrected) 2008 annual mean,[AQREAN_BC_Cells],True,True,False,,,,data,2
245901,,19b03f679b8-layer-225,Nitrogen Dioxide (NO2) (Mass Concentration) (Surface Level) (Bias Corrected) annual means,ArcGISMapServiceLayer,5991187841ab4394b67717c0144abc69,https://nercdsh.dev.azure.manchester.ac.uk/server/rest/services/Surface_Level_Bias_Corrected__NO2_mc_WebMap_MIL1/MapServer/12,,RasterDataset,/AQREAN Surface Level - Bias Corrected/Nitrogen Dioxide (NO2) (Mass Concentration) (Surface Level) (Bias Corrected) annual means,0,,NO2 (Mass Concentration) (Surface Level) (Bias Corrected) 2007 annual mean,[AQREAN_BC_Cells],True,True,False,,,,data,2
246001,,19b03f679b8-layer-225,Nitrogen Dioxide (NO2) (Mass Concentration) (Surface Level) (Bias Corrected) annual means,ArcGISMapServiceLayer,5991187841ab4394b67717c0144abc69,https://nercdsh.dev.azure.manchester.ac.uk/server/rest/services/Surface_Level_Bias_Corrected__NO2_mc_WebMap_MIL1/MapServer/13,,RasterDataset,/AQREAN Surface Level - Bias Corrected/Nitrogen Dioxide (NO2) (Mass Concentration) (Surface Level) (Bias Corrected) annual means,0,,NO2 (Mass Concentration) (Surface Level) (Bias Corrected) 2006 annual mean,[AQREAN_BC_Cells],True,True,False,,,,data,2
246101,,19b03f679b8-layer-225,Nitrogen Dioxide (NO2) (Mass Concentration) (Surface Level) (Bias Corrected) annual means,ArcGISMapServiceLayer,5991187841ab4394b67717c0144abc69,https://nercdsh.dev.azure.manchester.ac.uk/server/rest/services/Surface_Level_Bias_Corrected__NO2_mc_WebMap_MIL1/MapServer/14,,RasterDataset,/AQREAN Surface Level - Bias Corrected/Nitrogen Dioxide (NO2) (Mass Concentration) (Surface Level) (Bias Corrected) annual means,0,,NO2 (Mass Concentration) (Surface Level) (Bias Corrected) 2005 annual mean,[AQREAN_BC_Cells],True,True,False,,,,data,2
246201,,19b03f679b8-layer-225,Nitrogen Dioxide (NO2) (Mass Concentration) (Surface Level) (Bias Corrected) annual means,ArcGISMapServiceLayer,5991187841ab4394b67717c0144abc69,https://nercdsh.dev.azure.manchester.ac.uk/server/rest/services/Surface_Level_Bias_Corrected__NO2_mc_WebMap_MIL1/MapServer/15,,RasterDataset,/AQREAN Surface Level - Bias Corrected/Nitrogen Dioxide (NO2) (Mass Concentration) (Surface Level) (Bias Corrected) annual means,0,,NO2 (Mass Concentration) (Surface Level) (Bias Corrected) 2004 annual mean,[AQREAN_BC_Cells],True,True,False,,,,data,2
246301,,19b03f679b8-layer-225,Nitrogen Dioxide (NO2) (Mass Concentration) (Surface Level) (Bias Corrected) annual means,ArcGISMapServiceLayer,5991187841ab4394b67717c0144abc69,https://nercdsh.dev.azure.manchester.ac.uk/server/rest/services/Surface_Level_Bias_Corrected__NO2_mc_WebMap_MIL1/MapServer/16,,RasterDataset,/AQREAN Surface Level - Bias Corrected/Nitrogen Dioxide (NO2) (Mass Concentration) (Surface Level) (Bias Corrected) annual means,0,,NO2 (Mass Concentration) (Surface Level) (Bias Corrected) 2003 annual mean,[AQREAN_BC_Cells],True,True,False,,,,data,2
246401,,19b03f62f93-layer-224,Nitrogen Oxides (NOx) as Nitrogen Dioxide (NO2) (Mass Concentration) (Surface Level) (Bias Corrected) annual means,ArcGISMapServiceLayer,adf4e092e9614bd9991175ac761b2e13,https://nercdsh.dev.azure.manchester.ac.uk/server/rest/services/Surface_Level_Bias_Corrected__NOx_as_NO2_mc_WebMap_MIL1/MapServer/0,,RasterDataset,/AQREAN Surface Level - Bias Corrected/Nitrogen Oxides (NOx) as Nitrogen Dioxide (NO2) (Mass Concentration) (Surface Level) (Bias Corrected) annual means,0,,NOx as NO2 (Mass Concentration) (Surface Level) (Bias Corrected) 2019 annual mean,[AQREAN_BC_Cells],True,True,False,,,,data,2
246501,,19b03f62f93-layer-224,Nitrogen Oxides (NOx) as Nitrogen Dioxide (NO2) (Mass Concentration) (Surface Level) (Bias Corrected) annual means,ArcGISMapServiceLayer,adf4e092e9614bd9991175ac761b2e13,https://nercdsh.dev.azure.manchester.ac.uk/server/rest/services/Surface_Level_Bias_Corrected__NOx_as_NO2_mc_WebMap_MIL1/MapServer/1,,RasterDataset,/AQREAN Surface Level - Bias Corrected/Nitrogen Oxides (NOx) as Nitrogen Dioxide (NO2) (Mass Concentration) (Surface Level) (Bias Corrected) annual means,0,,NOx as NO2 (Mass Concentration) (Surface Level) (Bias Corrected) 2018 annual mean,[AQREAN_BC_Cells],True,True,False,,,,data,2
246601,,19b03f62f93-layer-224,Nitrogen Oxides (NOx) as Nitrogen Dioxide (NO2) (Mass Concentration) (Surface Level) (Bias Corrected) annual means,ArcGISMapServiceLayer,adf4e092e9614bd9991175ac761b2e13,https://nercdsh.dev.azure.manchester.ac.uk/server/rest/services/Surface_Level_Bias_Corrected__NOx_as_NO2_mc_WebMap_MIL1/MapServer/2,,RasterDataset,/AQREAN Surface Level - Bias Corrected/Nitrogen Oxides (NOx) as Nitrogen Dioxide (NO2) (Mass Concentration) (Surface Level) (Bias Corrected) annual means,0,,NOx as NO2 (Mass Concentration) (Surface Level) (Bias Corrected) 2017 annual mean,[AQREAN_BC_Cells],True,True,False,,,,data,2
246701,,19b03f62f93-layer-224,Nitrogen Oxides (NOx) as Nitrogen Dioxide (NO2) (Mass Concentration) (Surface Level) (Bias Corrected) annual means,ArcGISMapServiceLayer,adf4e092e9614bd9991175ac761b2e13,https://nercdsh.dev.azure.manchester.ac.uk/server/rest/services/Surface_Level_Bias_Corrected__NOx_as_NO2_mc_WebMap_MIL1/MapServer/3,,RasterDataset,/AQREAN Surface Level - Bias Corrected/Nitrogen Oxides (NOx) as Nitrogen Dioxide (NO2) (Mass Concentration) (Surface Level) (Bias Corrected) annual means,0,,NOx as NO2 (Mass Concentration) (Surface Level) (Bias Corrected) 2016 annual mean,[AQREAN_BC_Cells],True,True,False,,,,data,2
246801,,19b03f62f93-layer-224,Nitrogen Oxides (NOx) as Nitrogen Dioxide (NO2) (Mass Concentration) (Surface Level) (Bias Corrected) annual means,ArcGISMapServiceLayer,adf4e092e9614bd9991175ac761b2e13,https://nercdsh.dev.azure.manchester.ac.uk/server/rest/services/Surface_Level_Bias_Corrected__NOx_as_NO2_mc_WebMap_MIL1/MapServer/4,,RasterDataset,/AQREAN Surface Level - Bias Corrected/Nitrogen Oxides (NOx) as Nitrogen Dioxide (NO2) (Mass Concentration) (Surface Level) (Bias Corrected) annual means,0,,NOx as NO2 (Mass Concentration) (Surface Level) (Bias Corrected) 2015 annual mean,[AQREAN_BC_Cells],True,True,False,,,,data,2
246901,,19b03f62f93-layer-224,Nitrogen Oxides (NOx) as Nitrogen Dioxide (NO2) (Mass Concentration) (Surface Level) (Bias Corrected) annual means,ArcGISMapServiceLayer,adf4e092e9614bd9991175ac761b2e13,https://nercdsh.dev.azure.manchester.ac.uk/server/rest/services/Surface_Level_Bias_Corrected__NOx_as_NO2_mc_WebMap_MIL1/MapServer/5,,RasterDataset,/AQREAN Surface Level - Bias Corrected/Nitrogen Oxides (NOx) as Nitrogen Dioxide (NO2) (Mass Concentration) (Surface Level) (Bias Corrected) annual means,0,,NOx as NO2 (Mass Concentration) (Surface Level) (Bias Corrected) 2014 annual mean,[AQREAN_BC_Cells],True,True,False,,,,data,2
247001,,19b03f62f93-layer-224,Nitrogen Oxides (NOx) as Nitrogen Dioxide (NO2) (Mass Concentration) (Surface Level) (Bias Corrected) annual means,ArcGISMapServiceLayer,adf4e092e9614bd9991175ac761b2e13,https://nercdsh.dev.azure.manchester.ac.uk/server/rest/services/Surface_Level_Bias_Corrected__NOx_as_NO2_mc_WebMap_MIL1/MapServer/6,,RasterDataset,/AQREAN Surface Level - Bias Corrected/Nitrogen Oxides (NOx) as Nitrogen Dioxide (NO2) (Mass Concentration) (Surface Level) (Bias Corrected) annual means,0,,NOx as NO2 (Mass Concentration) (Surface Level) (Bias Corrected) 2013 annual mean,[AQREAN_BC_Cells],True,True,False,,,,data,2
247101,,19b03f62f93-layer-224,Nitrogen Oxides (NOx) as Nitrogen Dioxide (NO2) (Mass Concentration) (Surface Level) (Bias Corrected) annual means,ArcGISMapServiceLayer,adf4e092e9614bd9991175ac761b2e13,https://nercdsh.dev.azure.manchester.ac.uk/server/rest/services/Surface_Level_Bias_Corrected__NOx_as_NO2_mc_WebMap_MIL1/MapServer/7,,RasterDataset,/AQREAN Surface Level - Bias Corrected/Nitrogen Oxides (NOx) as Nitrogen Dioxide (NO2) (Mass Concentration) (Surface Level) (Bias Corrected) annual means,0,,NOx as NO2 (Mass Concentration) (Surface Level) (Bias Corrected) 2012 annual mean,[AQREAN_BC_Cells],True,True,False,,,,data,2
247201,,19b03f62f93-layer-224,Nitrogen Oxides (NOx) as Nitrogen Dioxide (NO2) (Mass Concentration) (Surface Level) (Bias Corrected) annual means,ArcGISMapServiceLayer,adf4e092e9614bd9991175ac761b2e13,https://nercdsh.dev.azure.manchester.ac.uk/server/rest/services/Surface_Level_Bias_Corrected__NOx_as_NO2_mc_WebMap_MIL1/MapServer/8,,RasterDataset,/AQREAN Surface Level - Bias Corrected/Nitrogen Oxides (NOx) as Nitrogen Dioxide (NO2) (Mass Concentration) (Surface Level) (Bias Corrected) annual means,0,,NOx as NO2 (Mass Concentration) (Surface Level) (Bias Corrected) 2011 annual mean,[AQREAN_BC_Cells],True,True,False,,,,data,2
247301,,19b03f62f93-layer-224,Nitrogen Oxides (NOx) as Nitrogen Dioxide (NO2) (Mass Concentration) (Surface Level) (Bias Corrected) annual means,ArcGISMapServiceLayer,adf4e092e9614bd9991175ac761b2e13,https://nercdsh.dev.azure.manchester.ac.uk/server/rest/services/Surface_Level_Bias_Corrected__NOx_as_NO2_mc_WebMap_MIL1/MapServer/9,,RasterDataset,/AQREAN Surface Level - Bias Corrected/Nitrogen Oxides (NOx) as Nitrogen Dioxide (NO2) (Mass Concentration) (Surface Level) (Bias Corrected) annual means,0,,NOx as NO2 (Mass Concentration) (Surface Level) (Bias Corrected) 2010 annual mean,[AQREAN_BC_Cells],True,True,False,,,,data,2
247401,,19b03f62f93-layer-224,Nitrogen Oxides (NOx) as Nitrogen Dioxide (NO2) (Mass Concentration) (Surface Level) (Bias Corrected) annual means,ArcGISMapServiceLayer,adf4e092e9614bd9991175ac761b2e13,https://nercdsh.dev.azure.manchester.ac.uk/server/rest/services/Surface_Level_Bias_Corrected__NOx_as_NO2_mc_WebMap_MIL1/MapServer/10,,RasterDataset,/AQREAN Surface Level - Bias Corrected/Nitrogen Oxides (NOx) as Nitrogen Dioxide (NO2) (Mass Concentration) (Surface Level) (Bias Corrected) annual means,0,,NOx as NO2 (Mass Concentration) (Surface Level) (Bias Corrected) 2009 annual mean,[AQREAN_BC_Cells],True,True,False,,,,data,2
247501,,19b03f62f93-layer-224,Nitrogen Oxides (NOx) as Nitrogen Dioxide (NO2) (Mass Concentration) (Surface Level) (Bias Corrected) annual means,ArcGISMapServiceLayer,adf4e092e9614bd9991175ac761b2e13,https://nercdsh.dev.azure.manchester.ac.uk/server/rest/services/Surface_Level_Bias_Corrected__NOx_as_NO2_mc_WebMap_MIL1/MapServer/11,,RasterDataset,/AQREAN Surface Level - Bias Corrected/Nitrogen Oxides (NOx) as Nitrogen Dioxide (NO2) (Mass Concentration) (Surface Level) (Bias Corrected) annual means,0,,NOx as NO2 (Mass Concentration) (Surface Level) (Bias Corrected) 2008 annual mean,[AQREAN_BC_Cells],True,True,False,,,,data,2
247601,,19b03f62f93-layer-224,Nitrogen Oxides (NOx) as Nitrogen Dioxide (NO2) (Mass Concentration) (Surface Level) (Bias Corrected) annual means,ArcGISMapServiceLayer,adf4e092e9614bd9991175ac761b2e13,https://nercdsh.dev.azure.manchester.ac.uk/server/rest/services/Surface_Level_Bias_Corrected__NOx_as_NO2_mc_WebMap_MIL1/MapServer/12,,RasterDataset,/AQREAN Surface Level - Bias Corrected/Nitrogen Oxides (NOx) as Nitrogen Dioxide (NO2) (Mass Concentration) (Surface Level) (Bias Corrected) annual means,0,,NOx as NO2 (Mass Concentration) (Surface Level) (Bias Corrected) 2007 annual mean,[AQREAN_BC_Cells],True,True,False,,,,data,2
247701,,19b03f62f93-layer-224,Nitrogen Oxides (NOx) as Nitrogen Dioxide (NO2) (Mass Concentration) (Surface Level) (Bias Corrected) annual means,ArcGISMapServiceLayer,adf4e092e9614bd9991175ac761b2e13,https://nercdsh.dev.azure.manchester.ac.uk/server/rest/services/Surface_Level_Bias_Corrected__NOx_as_NO2_mc_WebMap_MIL1/MapServer/13,,RasterDataset,/AQREAN Surface Level - Bias Corrected/Nitrogen Oxides (NOx) as Nitrogen Dioxide (NO2) (Mass Concentration) (Surface Level) (Bias Corrected) annual means,0,,NOx as NO2 (Mass Concentration) (Surface Level) (Bias Corrected) 2006 annual mean,[AQREAN_BC_Cells],True,True,False,,,,data,2
247801,,19b03f62f93-layer-224,Nitrogen Oxides (NOx) as Nitrogen Dioxide (NO2) (Mass Concentration) (Surface Level) (Bias Corrected) annual means,ArcGISMapServiceLayer,adf4e092e9614bd9991175ac761b2e13,https://nercdsh.dev.azure.manchester.ac.uk/server/rest/services/Surface_Level_Bias_Corrected__NOx_as_NO2_mc_WebMap_MIL1/MapServer/14,,RasterDataset,/AQREAN Surface Level - Bias Corrected/Nitrogen Oxides (NOx) as Nitrogen Dioxide (NO2) (Mass Concentration) (Surface Level) (Bias Corrected) annual means,0,,NOx as NO2 (Mass Concentration) (Surface Level) (Bias Corrected) 2005 annual mean,[AQREAN_BC_Cells],True,True,False,,,,data,2
247901,,19b03f62f93-layer-224,Nitrogen Oxides (NOx) as Nitrogen Dioxide (NO2) (Mass Concentration) (Surface Level) (Bias Corrected) annual means,ArcGISMapServiceLayer,adf4e092e9614bd9991175ac761b2e13,https://nercdsh.dev.azure.manchester.ac.uk/server/rest/services/Surface_Level_Bias_Corrected__NOx_as_NO2_mc_WebMap_MIL1/MapServer/15,,RasterDataset,/AQREAN Surface Level - Bias Corrected/Nitrogen Oxides (NOx) as Nitrogen Dioxide (NO2) (Mass Concentration) (Surface Level) (Bias Corrected) annual means,0,,NOx as NO2 (Mass Concentration) (Surface Level) (Bias Corrected) 2004 annual mean,[AQREAN_BC_Cells],True,True,False,,,,data,2
248001,,19b03f62f93-layer-224,Nitrogen Oxides (NOx) as Nitrogen Dioxide (NO2) (Mass Concentration) (Surface Level) (Bias Corrected) annual means,ArcGISMapServiceLayer,adf4e092e9614bd9991175ac761b2e13,https://nercdsh.dev.azure.manchester.ac.uk/server/rest/services/Surface_Level_Bias_Corrected__NOx_as_NO2_mc_WebMap_MIL1/MapServer/16,,RasterDataset,/AQREAN Surface Level - Bias Corrected/Nitrogen Oxides (NOx) as Nitrogen Dioxide (NO2) (Mass Concentration) (Surface Level) (Bias Corrected) annual means,0,,NOx as NO2 (Mass Concentration) (Surface Level) (Bias Corrected) 2003 annual mean,[AQREAN_BC_Cells],True,True,False,,,,data,2
248101,,19b03f5f643-layer-223,PM2.5 Dry Aerosol (Mass Concentration) (Surface Level) (Bias Corrected) annual means,ArcGISMapServiceLayer,2f2377402b98487eb97add7000521c43,https://nercdsh.dev.azure.manchester.ac.uk/server/rest/services/Surface_Level_Bias_Corrected__PM2p5_mc_WebMap_MIL1/MapServer/0,,RasterDataset,/AQREAN Surface Level - Bias Corrected/PM2.5 Dry Aerosol (Mass Concentration) (Surface Level) (Bias Corrected) annual means,0,,PM2.5 Dry Aerosol (Mass Concentration) (Surface Level) (Bias Corrected) 2019 annual mean,[AQREAN_BC_Cells],True,True,False,,,,data,2
248201,,19b03f5f643-layer-223,PM2.5 Dry Aerosol (Mass Concentration) (Surface Level) (Bias Corrected) annual means,ArcGISMapServiceLayer,2f2377402b98487eb97add7000521c43,https://nercdsh.dev.azure.manchester.ac.uk/server/rest/services/Surface_Level_Bias_Corrected__PM2p5_mc_WebMap_MIL1/MapServer/1,,RasterDataset,/AQREAN Surface Level - Bias Corrected/PM2.5 Dry Aerosol (Mass Concentration) (Surface Level) (Bias Corrected) annual means,0,,PM2.5 Dry Aerosol (Mass Concentration) (Surface Level) (Bias Corrected) 2018 annual mean,[AQREAN_BC_Cells],True,True,False,,,,data,2
248301,,19b03f5f643-layer-223,PM2.5 Dry Aerosol (Mass Concentration) (Surface Level) (Bias Corrected) annual means,ArcGISMapServiceLayer,2f2377402b98487eb97add7000521c43,https://nercdsh.dev.azure.manchester.ac.uk/server/rest/services/Surface_Level_Bias_Corrected__PM2p5_mc_WebMap_MIL1/MapServer/2,,RasterDataset,/AQREAN Surface Level - Bias Corrected/PM2.5 Dry Aerosol (Mass Concentration) (Surface Level) (Bias Corrected) annual means,0,,PM2.5 Dry Aerosol (Mass Concentration) (Surface Level) (Bias Corrected) 2017 annual mean,[AQREAN_BC_Cells],True,True,False,,,,data,2
248401,,19b03f5f643-layer-223,PM2.5 Dry Aerosol (Mass Concentration) (Surface Level) (Bias Corrected) annual means,ArcGISMapServiceLayer,2f2377402b98487eb97add7000521c43,https://nercdsh.dev.azure.manchester.ac.uk/server/rest/services/Surface_Level_Bias_Corrected__PM2p5_mc_WebMap_MIL1/MapServer/3,,RasterDataset,/AQREAN Surface Level - Bias Corrected/PM2.5 Dry Aerosol (Mass Concentration) (Surface Level) (Bias Corrected) annual means,0,,PM2.5 Dry Aerosol (Mass Concentration) (Surface Level) (Bias Corrected) 2016 annual mean,[AQREAN_BC_Cells],True,True,False,,,,data,2
248501,,19b03f5f643-layer-223,PM2.5 Dry Aerosol (Mass Concentration) (Surface Level) (Bias Corrected) annual means,ArcGISMapServiceLayer,2f2377402b98487eb97add7000521c43,https://nercdsh.dev.azure.manchester.ac.uk/server/rest/services/Surface_Level_Bias_Corrected__PM2p5_mc_WebMap_MIL1/MapServer/4,,RasterDataset,/AQREAN Surface Level - Bias Corrected/PM2.5 Dry Aerosol (Mass Concentration) (Surface Level) (Bias Corrected) annual means,0,,PM2.5 Dry Aerosol (Mass Concentration) (Surface Level) (Bias Corrected) 2015 annual mean,[AQREAN_BC_Cells],True,True,False,,,,data,2
248601,,19b03f5f643-layer-223,PM2.5 Dry Aerosol (Mass Concentration) (Surface Level) (Bias Corrected) annual means,ArcGISMapServiceLayer,2f2377402b98487eb97add7000521c43,https://nercdsh.dev.azure.manchester.ac.uk/server/rest/services/Surface_Level_Bias_Corrected__PM2p5_mc_WebMap_MIL1/MapServer/5,,RasterDataset,/AQREAN Surface Level - Bias Corrected/PM2.5 Dry Aerosol (Mass Concentration) (Surface Level) (Bias Corrected) annual means,0,,PM2.5 Dry Aerosol (Mass Concentration) (Surface Level) (Bias Corrected) 2014 annual mean,[AQREAN_BC_Cells],True,True,False,,,,data,2
248701,,19b03f5f643-layer-223,PM2.5 Dry Aerosol (Mass Concentration) (Surface Level) (Bias Corrected) annual means,ArcGISMapServiceLayer,2f2377402b98487eb97add7000521c43,https://nercdsh.dev.azure.manchester.ac.uk/server/rest/services/Surface_Level_Bias_Corrected__PM2p5_mc_WebMap_MIL1/MapServer/6,,RasterDataset,/AQREAN Surface Level - Bias Corrected/PM2.5 Dry Aerosol (Mass Concentration) (Surface Level) (Bias Corrected) annual means,0,,PM2.5 Dry Aerosol (Mass Concentration) (Surface Level) (Bias Corrected) 2013 annual mean,[AQREAN_BC_Cells],True,True,False,,,,data,2
248801,,19b03f5f643-layer-223,PM2.5 Dry Aerosol (Mass Concentration) (Surface Level) (Bias Corrected) annual means,ArcGISMapServiceLayer,2f2377402b98487eb97add7000521c43,https://nercdsh.dev.azure.manchester.ac.uk/server/rest/services/Surface_Level_Bias_Corrected__PM2p5_mc_WebMap_MIL1/MapServer/7,,RasterDataset,/AQREAN Surface Level - Bias Corrected/PM2.5 Dry Aerosol (Mass Concentration) (Surface Level) (Bias Corrected) annual means,0,,PM2.5 Dry Aerosol (Mass Concentration) (Surface Level) (Bias Corrected) 2012 annual mean,[AQREAN_BC_Cells],True,True,False,,,,data,2
248901,,19b03f5f643-layer-223,PM2.5 Dry Aerosol (Mass Concentration) (Surface Level) (Bias Corrected) annual means,ArcGISMapServiceLayer,2f2377402b98487eb97add7000521c43,https://nercdsh.dev.azure.manchester.ac.uk/server/rest/services/Surface_Level_Bias_Corrected__PM2p5_mc_WebMap_MIL1/MapServer/8,,RasterDataset,/AQREAN Surface Level - Bias Corrected/PM2.5 Dry Aerosol (Mass Concentration) (Surface Level) (Bias Corrected) annual means,0,,PM2.5 Dry Aerosol (Mass Concentration) (Surface Level) (Bias Corrected) 2011 annual mean,[AQREAN_BC_Cells],True,True,False,,,,data,2
249001,,19b03f5f643-layer-223,PM2.5 Dry Aerosol (Mass Concentration) (Surface Level) (Bias Corrected) annual means,ArcGISMapServiceLayer,2f2377402b98487eb97add7000521c43,https://nercdsh.dev.azure.manchester.ac.uk/server/rest/services/Surface_Level_Bias_Corrected__PM2p5_mc_WebMap_MIL1/MapServer/9,,RasterDataset,/AQREAN Surface Level - Bias Corrected/PM2.5 Dry Aerosol (Mass Concentration) (Surface Level) (Bias Corrected) annual means,0,,PM2.5 Dry Aerosol (Mass Concentration) (Surface Level) (Bias Corrected) 2010 annual mean,[AQREAN_BC_Cells],True,True,False,,,,data,2
249101,,19b03f5f643-layer-223,PM2.5 Dry Aerosol (Mass Concentration) (Surface Level) (Bias Corrected) annual means,ArcGISMapServiceLayer,2f2377402b98487eb97add7000521c43,https://nercdsh.dev.azure.manchester.ac.uk/server/rest/services/Surface_Level_Bias_Corrected__PM2p5_mc_WebMap_MIL1/MapServer/10,,RasterDataset,/AQREAN Surface Level - Bias Corrected/PM2.5 Dry Aerosol (Mass Concentration) (Surface Level) (Bias Corrected) annual means,0,,PM2.5 Dry Aerosol (Mass Concentration) (Surface Level) (Bias Corrected) 2009 annual mean,[AQREAN_BC_Cells],True,True,False,,,,data,2
249201,,19b03f5f643-layer-223,PM2.5 Dry Aerosol (Mass Concentration) (Surface Level) (Bias Corrected) annual means,ArcGISMapServiceLayer,2f2377402b98487eb97add7000521c43,https://nercdsh.dev.azure.manchester.ac.uk/server/rest/services/Surface_Level_Bias_Corrected__PM2p5_mc_WebMap_MIL1/MapServer/11,,RasterDataset,/AQREAN Surface Level - Bias Corrected/PM2.5 Dry Aerosol (Mass Concentration) (Surface Level) (Bias Corrected) annual means,0,,PM2.5 Dry Aerosol (Mass Concentration) (Surface Level) (Bias Corrected) 2008 annual mean,[AQREAN_BC_Cells],True,True,False,,,,data,2
249301,,19b03f5f643-layer-223,PM2.5 Dry Aerosol (Mass Concentration) (Surface Level) (Bias Corrected) annual means,ArcGISMapServiceLayer,2f2377402b98487eb97add7000521c43,https://nercdsh.dev.azure.manchester.ac.uk/server/rest/services/Surface_Level_Bias_Corrected__PM2p5_mc_WebMap_MIL1/MapServer/12,,RasterDataset,/AQREAN Surface Level - Bias Corrected/PM2.5 Dry Aerosol (Mass Concentration) (Surface Level) (Bias Corrected) annual means,0,,PM2.5 Dry Aerosol (Mass Concentration) (Surface Level) (Bias Corrected) 2007 annual mean,[AQREAN_BC_Cells],True,True,False,,,,data,2
249401,,19b03f5f643-layer-223,PM2.5 Dry Aerosol (Mass Concentration) (Surface Level) (Bias Corrected) annual means,ArcGISMapServiceLayer,2f2377402b98487eb97add7000521c43,https://nercdsh.dev.azure.manchester.ac.uk/server/rest/services/Surface_Level_Bias_Corrected__PM2p5_mc_WebMap_MIL1/MapServer/13,,RasterDataset,/AQREAN Surface Level - Bias Corrected/PM2.5 Dry Aerosol (Mass Concentration) (Surface Level) (Bias Corrected) annual means,0,,PM2.5 Dry Aerosol (Mass Concentration) (Surface Level) (Bias Corrected) 2006 annual mean,[AQREAN_BC_Cells],True,True,False,,,,data,2
249501,,19b03f5f643-layer-223,PM2.5 Dry Aerosol (Mass Concentration) (Surface Level) (Bias Corrected) annual means,ArcGISMapServiceLayer,2f2377402b98487eb97add7000521c43,https://nercdsh.dev.azure.manchester.ac.uk/server/rest/services/Surface_Level_Bias_Corrected__PM2p5_mc_WebMap_MIL1/MapServer/14,,RasterDataset,/AQREAN Surface Level - Bias Corrected/PM2.5 Dry Aerosol (Mass Concentration) (Surface Level) (Bias Corrected) annual means,0,,PM2.5 Dry Aerosol (Mass Concentration) (Surface Level) (Bias Corrected) 2005 annual mean,[AQREAN_BC_Cells],True,True,False,,,,data,2
249601,,19b03f5f643-layer-223,PM2.5 Dry Aerosol (Mass Concentration) (Surface Level) (Bias Corrected) annual means,ArcGISMapServiceLayer,2f2377402b98487eb97add7000521c43,https://nercdsh.dev.azure.manchester.ac.uk/server/rest/services/Surface_Level_Bias_Corrected__PM2p5_mc_WebMap_MIL1/MapServer/15,,RasterDataset,/AQREAN Surface Level - Bias Corrected/PM2.5 Dry Aerosol (Mass Concentration) (Surface Level) (Bias Corrected) annual means,0,,PM2.5 Dry Aerosol (Mass Concentration) (Surface Level) (Bias Corrected) 2004 annual mean,[AQREAN_BC_Cells],True,True,False,,,,data,2
249701,,19b03f5f643-layer-223,PM2.5 Dry Aerosol (Mass Concentration) (Surface Level) (Bias Corrected) annual means,ArcGISMapServiceLayer,2f2377402b98487eb97add7000521c43,https://nercdsh.dev.azure.manchester.ac.uk/server/rest/services/Surface_Level_Bias_Corrected__PM2p5_mc_WebMap_MIL1/MapServer/16,,RasterDataset,/AQREAN Surface Level - Bias Corrected/PM2.5 Dry Aerosol (Mass Concentration) (Surface Level) (Bias Corrected) annual means,0,,PM2.5 Dry Aerosol (Mass Concentration) (Surface Level) (Bias Corrected) 2003 annual mean,[AQREAN_BC_Cells],True,True,False,,,,data,2
