DbId,DatasetName,Order,TvVariableName,TvVariableLabel,HasDependants,IsListed,IsEnabled,DefaultExported,TvVariablePath,TvTags,TvMetadataConfigUrl,TreeviewId,VisibilityGroupId,IsRenderedOnInit,DisableRendering,DisabledReason,Description,Tags
1,bng_outline,601,objectid,OBJECTID,,FALSE,FALSE,,,,,1,1,FALSE,FALSE,,,
101,bng_outline,602,SHAPE__Area,SHAPE__Area,,FALSE,FALSE,,,,,1,1,FALSE,FALSE,,,
201,bng_outline,603,st_perimeter(shape),st_perimeter(shape),,FALSE,FALSE,,,,,1,1,FALSE,FALSE,,,
301,tiles_100_km,701,oid,OID,,FALSE,FALSE,,,,,1,1,FALSE,FALSE,,,
401,tiles_100_km,702,tilename,TILENAME,,TRUE,FALSE,,,,,1,1,FALSE,FALSE,,,
501,tiles_100_km,703,SHAPE__Area,SHAPE__Area,,FALSE,FALSE,,,,,1,1,FALSE,FALSE,,,
601,tiles_100_km,704,st_perimeter(shape),st_perimeter(shape),,FALSE,FALSE,,,,,1,1,FALSE,FALSE,,,
701,tiles_50_km,801,oid,OID,,FALSE,FALSE,,,,,1,1,FALSE,FALSE,,,
801,tiles_50_km,802,tilename,TILENAME,,TRUE,FALSE,,,,,1,1,FALSE,FALSE,,,
901,tiles_50_km,803,SHAPE__Area,SHAPE__Area,,FALSE,FALSE,,,,,1,1,FALSE,FALSE,,,
1001,tiles_50_km,804,st_perimeter(shape),st_perimeter(shape),,FALSE,FALSE,,,,,1,1,FALSE,FALSE,,,
1101,tiles_20_km,901,oid,OID,,FALSE,TRUE,,,,,1,1,FALSE,FALSE,,,
1201,tiles_20_km,902,tilename,TILENAME,,TRUE,TRUE,,,,,1,1,FALSE,FALSE,,,
1301,tiles_20_km,903,SHAPE__Area,SHAPE__Area,,FALSE,TRUE,,,,,1,1,FALSE,FALSE,,,
1401,tiles_20_km,904,st_perimeter(shape),st_perimeter(shape),,FALSE,TRUE,,,,,1,1,FALSE,FALSE,,,
1501,tiles_10_km,1001,oid,OID,,FALSE,TRUE,,,,,1,1,FALSE,FALSE,,,
1601,tiles_10_km,1002,tilename,TILENAME,,TRUE,TRUE,,,,,1,1,FALSE,FALSE,,,
1701,tiles_10_km,1003,SHAPE__Area,SHAPE__Area,,FALSE,TRUE,,,,,1,1,FALSE,FALSE,,,
1801,tiles_10_km,1004,st_perimeter(shape),st_perimeter(shape),,FALSE,TRUE,,,,,1,1,FALSE,FALSE,,,
1901,tiles_5_km,1101,oid,OID,,FALSE,TRUE,,,,,1,1,FALSE,FALSE,,,
2001,tiles_5_km,1102,tilename,TILENAME,,TRUE,TRUE,,,,,1,1,FALSE,FALSE,,,
2101,tiles_5_km,1103,SHAPE__Area,SHAPE__Area,,FALSE,TRUE,,,,,1,1,FALSE,FALSE,,,
2201,tiles_5_km,1104,st_perimeter(shape),st_perimeter(shape),,FALSE,TRUE,,,,,1,1,FALSE,FALSE,,,
2301,tiles_1_km,1201,oid,OID,,FALSE,TRUE,,,,,1,1,FALSE,FALSE,,,
2401,tiles_1_km,1202,tilename,TILENAME,,TRUE,TRUE,,,,,1,1,FALSE,FALSE,,,
2501,tiles_1_km,1203,SHAPE__Area,SHAPE__Area,,FALSE,TRUE,,,,,1,1,FALSE,FALSE,,,
2601,tiles_1_km,1204,st_perimeter(shape),st_perimeter(shape),,FALSE,TRUE,,,,,1,1,FALSE,FALSE,,,
2701,upper_tier_local_authorities_dec_22_uk_boundaries_fully_clipped,1,objectid,OBJECTID,,FALSE,FALSE,,,,,1,1,FALSE,FALSE,,,
2801,upper_tier_local_authorities_dec_22_uk_boundaries_fully_clipped,2,utla_id,UTLA_ID,,FALSE,FALSE,,,,,1,1,FALSE,FALSE,,,
2901,upper_tier_local_authorities_dec_22_uk_boundaries_fully_clipped,3,utla22cd,UTLA22CD,,TRUE,FALSE,,,,,1,1,FALSE,FALSE,,,
3001,upper_tier_local_authorities_dec_22_uk_boundaries_fully_clipped,4,utla22nm,UTLA22NM,,TRUE,FALSE,,,,,1,1,FALSE,FALSE,,,
3101,upper_tier_local_authorities_dec_22_uk_boundaries_fully_clipped,5,utla22nmw,UTLA22NMW,,TRUE,FALSE,,,,,1,1,FALSE,FALSE,,,
3201,upper_tier_local_authorities_dec_22_uk_boundaries_fully_clipped,6,bng_e,BNG_E,,FALSE,FALSE,,,,,1,1,FALSE,FALSE,,,
3301,upper_tier_local_authorities_dec_22_uk_boundaries_fully_clipped,7,bng_n,BNG_N,,FALSE,FALSE,,,,,1,1,FALSE,FALSE,,,
3401,upper_tier_local_authorities_dec_22_uk_boundaries_fully_clipped,8,long,LONG,,FALSE,FALSE,,,,,1,1,FALSE,FALSE,,,
3501,upper_tier_local_authorities_dec_22_uk_boundaries_fully_clipped,9,lat,LAT,,FALSE,FALSE,,,,,1,1,FALSE,FALSE,,,
3601,upper_tier_local_authorities_dec_22_uk_boundaries_fully_clipped,10,globalid,GlobalID,,FALSE,FALSE,,,,,1,1,FALSE,FALSE,,,
3701,upper_tier_local_authorities_dec_22_uk_boundaries_fully_clipped,11,SHAPE__Area,SHAPE__Area,,FALSE,FALSE,,,,,1,1,FALSE,FALSE,,,
3801,upper_tier_local_authorities_dec_22_uk_boundaries_fully_clipped,12,st_perimeter(shape),st_perimeter(shape),,FALSE,FALSE,,,,,1,1,FALSE,FALSE,,,
3901,counties_and_unitary_authorities_dec_23_uk_boundaries_fully_clipped,101,objectid,OBJECTID,,FALSE,FALSE,,,,,1,1,FALSE,FALSE,,,
4001,counties_and_unitary_authorities_dec_23_uk_boundaries_fully_clipped,102,ctyua_id,CTYUA_ID,,FALSE,FALSE,,,,,1,1,FALSE,FALSE,,,
4101,counties_and_unitary_authorities_dec_23_uk_boundaries_fully_clipped,103,ctyua23cd,CTYUA23CD,,TRUE,FALSE,,,,,1,1,FALSE,FALSE,,,
4201,counties_and_unitary_authorities_dec_23_uk_boundaries_fully_clipped,104,ctyua23nm,CTYUA23NM,,TRUE,FALSE,,,,,1,1,FALSE,FALSE,,,
4301,counties_and_unitary_authorities_dec_23_uk_boundaries_fully_clipped,105,ctyua23nmw,CTYUA23NMW,,TRUE,FALSE,,,,,1,1,FALSE,FALSE,,,
4401,counties_and_unitary_authorities_dec_23_uk_boundaries_fully_clipped,106,bng_e,BNG_E,,FALSE,FALSE,,,,,1,1,FALSE,FALSE,,,
4501,counties_and_unitary_authorities_dec_23_uk_boundaries_fully_clipped,107,bng_n,BNG_N,,FALSE,FALSE,,,,,1,1,FALSE,FALSE,,,
4601,counties_and_unitary_authorities_dec_23_uk_boundaries_fully_clipped,108,long,LONG,,FALSE,FALSE,,,,,1,1,FALSE,FALSE,,,
4701,counties_and_unitary_authorities_dec_23_uk_boundaries_fully_clipped,109,lat,LAT,,FALSE,FALSE,,,,,1,1,FALSE,FALSE,,,
4801,counties_and_unitary_authorities_dec_23_uk_boundaries_fully_clipped,110,globalid,GlobalID,,FALSE,FALSE,,,,,1,1,FALSE,FALSE,,,
4901,counties_and_unitary_authorities_dec_23_uk_boundaries_fully_clipped,111,SHAPE__Area,SHAPE__Area,,FALSE,FALSE,,,,,1,1,FALSE,FALSE,,,
5001,counties_and_unitary_authorities_dec_23_uk_boundaries_fully_clipped,112,st_perimeter(shape),st_perimeter(shape),,FALSE,FALSE,,,,,1,1,FALSE,FALSE,,,
5101,wards_dec_23_uk_boundaries_fully_clipped,201,objectid,OBJECTID,,FALSE,TRUE,,,,,1,1,FALSE,FALSE,,,
5201,wards_dec_23_uk_boundaries_fully_clipped,202,wd_id,WD_ID,,FALSE,TRUE,,,,,1,1,FALSE,FALSE,,,
5301,wards_dec_23_uk_boundaries_fully_clipped,203,wd23cd,WD23CD,,TRUE,TRUE,,,,,1,1,FALSE,FALSE,,,
5401,wards_dec_23_uk_boundaries_fully_clipped,204,wd23nm,WD23NM,,TRUE,TRUE,,,,,1,1,FALSE,FALSE,,,
5501,wards_dec_23_uk_boundaries_fully_clipped,205,wd23nmw,WD23NMW,,TRUE,TRUE,,,,,1,1,FALSE,FALSE,,,
5601,wards_dec_23_uk_boundaries_fully_clipped,206,bng_e,BNG_E,,FALSE,TRUE,,,,,1,1,FALSE,FALSE,,,
5701,wards_dec_23_uk_boundaries_fully_clipped,207,bng_n,BNG_N,,FALSE,TRUE,,,,,1,1,FALSE,FALSE,,,
5801,wards_dec_23_uk_boundaries_fully_clipped,208,long,LONG,,FALSE,TRUE,,,,,1,1,FALSE,FALSE,,,
5901,wards_dec_23_uk_boundaries_fully_clipped,209,lat,LAT,,FALSE,TRUE,,,,,1,1,FALSE,FALSE,,,
6001,wards_dec_23_uk_boundaries_fully_clipped,210,globalid,GlobalID,,FALSE,TRUE,,,,,1,1,FALSE,FALSE,,,
6101,wards_dec_23_uk_boundaries_fully_clipped,211,SHAPE__Area,SHAPE__Area,,FALSE,TRUE,,,,,1,1,FALSE,FALSE,,,
6201,wards_dec_23_uk_boundaries_fully_clipped,212,st_perimeter(shape),st_perimeter(shape),,FALSE,TRUE,,,,,1,1,FALSE,FALSE,,,
6301,middle_layer_super_output_areas_dec_21_ew_boundaries_fully_clipped_v6,301,objectid,OBJECTID,,FALSE,TRUE,,,,,1,1,FALSE,FALSE,,,
6401,middle_layer_super_output_areas_dec_21_ew_boundaries_fully_clipped_v6,302,msoa_id,MSOA_ID,,FALSE,TRUE,,,,,1,1,FALSE,FALSE,,,
6501,middle_layer_super_output_areas_dec_21_ew_boundaries_fully_clipped_v6,303,msoa21cd,MSOA21CD,,TRUE,TRUE,,,,,1,1,FALSE,FALSE,,,
6601,middle_layer_super_output_areas_dec_21_ew_boundaries_fully_clipped_v6,304,msoa21nm,MSOA21NM,,TRUE,TRUE,,,,,1,1,FALSE,FALSE,,,
6701,middle_layer_super_output_areas_dec_21_ew_boundaries_fully_clipped_v6,305,bng_e,BNG_E,,FALSE,TRUE,,,,,1,1,FALSE,FALSE,,,
6801,middle_layer_super_output_areas_dec_21_ew_boundaries_fully_clipped_v6,306,bng_n,BNG_N,,FALSE,TRUE,,,,,1,1,FALSE,FALSE,,,
6901,middle_layer_super_output_areas_dec_21_ew_boundaries_fully_clipped_v6,307,long,LONG,,FALSE,TRUE,,,,,1,1,FALSE,FALSE,,,
7001,middle_layer_super_output_areas_dec_21_ew_boundaries_fully_clipped_v6,308,lat,LAT,,FALSE,TRUE,,,,,1,1,FALSE,FALSE,,,
7101,middle_layer_super_output_areas_dec_21_ew_boundaries_fully_clipped_v6,309,globalid,GlobalID,,FALSE,TRUE,,,,,1,1,FALSE,FALSE,,,
7201,middle_layer_super_output_areas_dec_21_ew_boundaries_fully_clipped_v6,310,SHAPE__Area,SHAPE__Area,,FALSE,TRUE,,,,,1,1,FALSE,FALSE,,,
7301,middle_layer_super_output_areas_dec_21_ew_boundaries_fully_clipped_v6,311,st_perimeter(shape),st_perimeter(shape),,FALSE,TRUE,,,,,1,1,FALSE,FALSE,,,
7401,lower_layer_super_output_areas_dec_21_ew_boundaries_fully_clipped_v8,401,objectid,OBJECTID,,FALSE,TRUE,,,,,1,1,FALSE,FALSE,,,
7501,lower_layer_super_output_areas_dec_21_ew_boundaries_fully_clipped_v8,402,lsoa_id,LSOA_ID,,FALSE,TRUE,,,,,1,1,FALSE,FALSE,,,
7601,lower_layer_super_output_areas_dec_21_ew_boundaries_fully_clipped_v8,403,lsoa21cd,LSOA21CD,,TRUE,TRUE,,,,,1,1,FALSE,FALSE,,,
7701,lower_layer_super_output_areas_dec_21_ew_boundaries_fully_clipped_v8,404,lsoa21nm,LSOA21NM,,TRUE,TRUE,,,,,1,1,FALSE,FALSE,,,
7801,lower_layer_super_output_areas_dec_21_ew_boundaries_fully_clipped_v8,405,bng_e,BNG_E,,FALSE,TRUE,,,,,1,1,FALSE,FALSE,,,
7901,lower_layer_super_output_areas_dec_21_ew_boundaries_fully_clipped_v8,406,bng_n,BNG_N,,FALSE,TRUE,,,,,1,1,FALSE,FALSE,,,
8001,lower_layer_super_output_areas_dec_21_ew_boundaries_fully_clipped_v8,407,long,LONG,,FALSE,TRUE,,,,,1,1,FALSE,FALSE,,,
8101,lower_layer_super_output_areas_dec_21_ew_boundaries_fully_clipped_v8,408,lat,LAT,,FALSE,TRUE,,,,,1,1,FALSE,FALSE,,,
8201,lower_layer_super_output_areas_dec_21_ew_boundaries_fully_clipped_v8,409,globalid,GlobalID,,FALSE,TRUE,,,,,1,1,FALSE,FALSE,,,
8301,lower_layer_super_output_areas_dec_21_ew_boundaries_fully_clipped_v8,410,SHAPE__Area,SHAPE__Area,,FALSE,TRUE,,,,,1,1,FALSE,FALSE,,,
8401,lower_layer_super_output_areas_dec_21_ew_boundaries_fully_clipped_v8,411,st_perimeter(shape),st_perimeter(shape),,FALSE,TRUE,,,,,1,1,FALSE,FALSE,,,
8501,built_up_areas_dec_22_gb,501,objectid,OBJECTID,,FALSE,FALSE,,,,,1,1,FALSE,FALSE,,,
8601,built_up_areas_dec_22_gb,502,bua_id,BUA_ID,,FALSE,FALSE,,,,,1,1,FALSE,FALSE,,,
8701,built_up_areas_dec_22_gb,503,bua22cd,BUA22CD,,TRUE,FALSE,,,,,1,1,FALSE,FALSE,,,
8801,built_up_areas_dec_22_gb,504,bua22nm,BUA22NM,,TRUE,FALSE,,,,,1,1,FALSE,FALSE,,,
8901,built_up_areas_dec_22_gb,505,bua22nmw,BUA22NMW,,TRUE,FALSE,,,,,1,1,FALSE,FALSE,,,
9001,built_up_areas_dec_22_gb,506,bua22nmg,BUA22NMG,,TRUE,FALSE,,,,,1,1,FALSE,FALSE,,,
9101,built_up_areas_dec_22_gb,507,bng_e,BNG_E,,FALSE,FALSE,,,,,1,1,FALSE,FALSE,,,
9201,built_up_areas_dec_22_gb,508,bng_n,BNG_N,,FALSE,FALSE,,,,,1,1,FALSE,FALSE,,,
9301,built_up_areas_dec_22_gb,509,long,LONG,,FALSE,FALSE,,,,,1,1,FALSE,FALSE,,,
9401,built_up_areas_dec_22_gb,510,lat,LAT,,FALSE,FALSE,,,,,1,1,FALSE,FALSE,,,
9501,built_up_areas_dec_22_gb,511,globalid,GlobalID,,FALSE,FALSE,,,,,1,1,FALSE,FALSE,,,
9601,built_up_areas_dec_22_gb,512,SHAPE__Area,SHAPE__Area,,FALSE,FALSE,,,,,1,1,FALSE,FALSE,,,
9701,built_up_areas_dec_22_gb,513,st_perimeter(shape),st_perimeter(shape),,FALSE,FALSE,,,,,1,1,FALSE,FALSE,,,
9801,uprn_05_2024,0,objectid,OBJECTID,,FALSE,FALSE,,,,,2,3,FALSE,FALSE,,,
9901,uprn_05_2024,0,uprnid,UPRN ID,,FALSE,FALSE,,,,,2,3,FALSE,FALSE,,,
10001,uprn_05_2024,0,uprn,UPRN,,FALSE,FALSE,,,,,2,3,FALSE,FALSE,,,
10101,uprn_05_2024,0,x_coordinate,X COORDINATE,,FALSE,FALSE,,,,,2,3,FALSE,FALSE,,,
10201,uprn_05_2024,0,y_coordinate,Y COORDINATE,,FALSE,FALSE,,,,,2,3,FALSE,FALSE,,,
10301,uprn_05_2024,0,latitude,LATITUDE,,FALSE,FALSE,,,,,2,3,FALSE,FALSE,,,
10401,uprn_05_2024,0,longitude,LONGITUDE,,FALSE,FALSE,,,,,2,3,FALSE,FALSE,,,
10501,climatejust_grid_england_heat,0,objectid,OBJECTID,,FALSE,TRUE,FALSE,,,,2,2,FALSE,FALSE,,,
10601,climatejust_grid_england_heat,0,fullgridid,FullGrid ID,,FALSE,TRUE,TRUE,,,,2,2,FALSE,FALSE,,,
10701,climatejust_grid_england_heat,0,msoa_numbe,MSOA Number,,FALSE,TRUE,TRUE,,,,2,2,FALSE,FALSE,,,
10801,climatejust_grid_england_heat,0,r_hzz_cv1,Average vulnerability and mean summer maximum temperature 2050s - Low estimate (10th percentile),,TRUE,TRUE,FALSE,/Heat disadvantage (2011)/Average vulnerability/High emissions scenario,,,2,2,FALSE,FALSE,,,
10901,climatejust_grid_england_heat,0,r_hzz_cv2,Average vulnerability and mean summer maximum temperature 2050s - Central estimate (50th percentile),,TRUE,TRUE,FALSE,/Heat disadvantage (2011)/Average vulnerability/High emissions scenario,,,2,2,FALSE,FALSE,,,
11001,climatejust_grid_england_heat,0,r_hzz_cv3,Average vulnerability and mean summer maximum temperature 2050s - High estimate (90th percentile),,TRUE,TRUE,FALSE,/Heat disadvantage (2011)/Average vulnerability/High emissions scenario,,,2,2,FALSE,FALSE,,,
11101,climatejust_grid_england_heat,0,r_hzz_cv4,Average vulnerability and mean summer maximum temperature 2050s - Low estimate (10th percentile),,TRUE,TRUE,FALSE,/Heat disadvantage (2011)/Average vulnerability/Low emissions scenario,,,2,2,FALSE,FALSE,,,
11201,climatejust_grid_england_heat,0,r_hzz_cv5,Average vulnerability and mean summer maximum temperature 2050s - Central estimate (50th percentile),,TRUE,TRUE,FALSE,/Heat disadvantage (2011)/Average vulnerability/Low emissions scenario,,,2,2,FALSE,FALSE,,,
11301,climatejust_grid_england_heat,0,r_hzz_cv6,Average vulnerability and mean summer maximum temperature 2050s - High estimate (90th percentile),,TRUE,TRUE,FALSE,/Heat disadvantage (2011)/Average vulnerability/Low emissions scenario,,,2,2,FALSE,FALSE,,,
11401,climatejust_grid_england_heat,0,r_hzz_cv7,Average vulnerability and mean summer maximum temperature 2050s - Low estimate (10th percentile),,TRUE,TRUE,FALSE,/Heat disadvantage (2011)/Average vulnerability/Medium emissions scenario,,,2,2,FALSE,FALSE,,,
11501,climatejust_grid_england_heat,0,r_hzz_cv8,Average vulnerability and mean summer maximum temperature 2050s - Central estimate (50th percentile) RECOMMENDED,,TRUE,TRUE,FALSE,/Heat disadvantage (2011)/Average vulnerability/Medium emissions scenario,,,2,2,FALSE,FALSE,,,
11601,climatejust_grid_england_heat,0,r_hzz_cv9,Average vulnerability and mean summer maximum temperature 2050s - High estimate (90th percentile),,TRUE,TRUE,FALSE,/Heat disadvantage (2011)/Average vulnerability/Medium emissions scenario,,,2,2,FALSE,FALSE,,,
11701,climatejust_grid_england_heat,0,r_hzz_cv10,Average vulnerability and change in mean summer maximum temperature baseline to 2050s - Low estimate (10th percentile),,TRUE,TRUE,FALSE,/Heat disadvantage (2011)/Average vulnerability/High emissions scenario,,,2,2,FALSE,FALSE,,,
11801,climatejust_grid_england_heat,0,r_hzz_cv11,Average vulnerability and change in mean summer maximum temperature baseline to 2050s - Central estimate (50th percentile),,TRUE,TRUE,FALSE,/Heat disadvantage (2011)/Average vulnerability/High emissions scenario,,,2,2,FALSE,FALSE,,,
11901,climatejust_grid_england_heat,0,r_hzz_cv12,Average vulnerability and change in mean summer maximum temperature baseline to 2050s - High estimate (90th percentile),,TRUE,TRUE,FALSE,/Heat disadvantage (2011)/Average vulnerability/High emissions scenario,,,2,2,FALSE,FALSE,,,
12001,climatejust_grid_england_heat,0,r_hzz_cv13,Average vulnerability and change in mean summer maximum temperature baseline to 2050s - Low estimate (10th percentile),,TRUE,TRUE,FALSE,/Heat disadvantage (2011)/Average vulnerability/Low emissions scenario,,,2,2,FALSE,FALSE,,,
12101,climatejust_grid_england_heat,0,r_hzz_cv14,Average vulnerability and change in mean summer maximum temperature baseline to 2050s - Central estimate (50th percentile),,TRUE,TRUE,FALSE,/Heat disadvantage (2011)/Average vulnerability/Low emissions scenario,,,2,2,FALSE,FALSE,,,
12201,climatejust_grid_england_heat,0,r_hzz_cv15,Average vulnerability and change in mean summer maximum temperature baseline to 2050s - High estimate (90th percentile),,TRUE,TRUE,FALSE,/Heat disadvantage (2011)/Average vulnerability/Low emissions scenario,,,2,2,FALSE,FALSE,,,
12301,climatejust_grid_england_heat,0,r_hzz_cv16,Average vulnerability and change in mean summer maximum temperature baseline to 2050s - Low estimate (10th percentile),,TRUE,TRUE,FALSE,/Heat disadvantage (2011)/Average vulnerability/Medium emissions scenario,,,2,2,FALSE,FALSE,,,
12401,climatejust_grid_england_heat,0,r_hzz_cv17,Average vulnerability and change in mean summer maximum temperature baseline to 2050s - Central estimate (50th percentile) RECOMMENDED,,TRUE,TRUE,FALSE,/Heat disadvantage (2011)/Average vulnerability/Medium emissions scenario,,,2,2,FALSE,FALSE,,,
12501,climatejust_grid_england_heat,0,r_hzz_cv18,Average vulnerability and change in mean summer maximum temperature baseline to 2050s - High estimate (90th percentile),,TRUE,TRUE,FALSE,/Heat disadvantage (2011)/Average vulnerability/Medium emissions scenario,,,2,2,FALSE,FALSE,,,
12601,climatejust_grid_england_heat,0,r_hzz_cv19,Average vulnerability and change in the temperature of the warmest day baseline to 2050s - Low estimate (10th percentile),,TRUE,TRUE,FALSE,/Heat disadvantage (2011)/Average vulnerability/High emissions scenario,,,2,2,FALSE,FALSE,,,
12701,climatejust_grid_england_heat,0,r_hzz_cv20,Average vulnerability and change in the temperature of the warmest day baseline to 2050s - Central estimate (50th percentile),,TRUE,TRUE,FALSE,/Heat disadvantage (2011)/Average vulnerability/High emissions scenario,,,2,2,FALSE,FALSE,,,
12801,climatejust_grid_england_heat,0,r_hzz_cv21,Average vulnerability and change in the temperature of the warmest day baseline to 2050s - High estimate (90th percentile),,TRUE,TRUE,FALSE,/Heat disadvantage (2011)/Average vulnerability/High emissions scenario,,,2,2,FALSE,FALSE,,,
12901,climatejust_grid_england_heat,0,r_hzz_cv22,Average vulnerability and change in the temperature of the warmest day baseline to 2050s - Low estimate (10th percentile),,TRUE,TRUE,FALSE,/Heat disadvantage (2011)/Average vulnerability/Low emissions scenario,,,2,2,FALSE,FALSE,,,
13001,climatejust_grid_england_heat,0,r_hzz_cv23,Average vulnerability and change in the temperature of the warmest day baseline to 2050s - Central estimate (50th percentile),,TRUE,TRUE,FALSE,/Heat disadvantage (2011)/Average vulnerability/Low emissions scenario,,,2,2,FALSE,FALSE,,,
13101,climatejust_grid_england_heat,0,r_hzz_cv24,Average vulnerability and change in the temperature of the warmest day baseline to 2050s - High estimate (90th percentile),,TRUE,TRUE,FALSE,/Heat disadvantage (2011)/Average vulnerability/Low emissions scenario,,,2,2,FALSE,FALSE,,,
13201,climatejust_grid_england_heat,0,r_hzz_cv25,Average vulnerability and change in the temperature of the warmest day baseline to 2050s - Low estimate (10th percentile),,TRUE,TRUE,FALSE,/Heat disadvantage (2011)/Average vulnerability/Medium emissions scenario,,,2,2,FALSE,FALSE,,,
13301,climatejust_grid_england_heat,0,r_hzz_cv26,Average vulnerability and change in the temperature of the warmest day baseline to 2050s - Central estimate (50th percentile) RECOMMENDED,,TRUE,TRUE,FALSE,/Heat disadvantage (2011)/Average vulnerability/Medium emissions scenario,,,2,2,FALSE,FALSE,,,
13401,climatejust_grid_england_heat,0,r_hzz_cv27,Average vulnerability and change in the temperature of the warmest day baseline to 2050s - High estimate (90th percentile),,TRUE,TRUE,FALSE,/Heat disadvantage (2011)/Average vulnerability/Medium emissions scenario,,,2,2,FALSE,FALSE,,,
13501,climatejust_grid_england_heat,0,r_hzz_cv28,Average vulnerability and change in the temperature of the warmest night baseline to 2050s - Low estimate (10th percentile),,TRUE,TRUE,FALSE,/Heat disadvantage (2011)/Average vulnerability/High emissions scenario,,,2,2,FALSE,FALSE,,,
13601,climatejust_grid_england_heat,0,r_hzz_cv29,Average vulnerability and change in the temperature of the warmest night baseline to 2050s - Central estimate (50th percentile),,TRUE,TRUE,FALSE,/Heat disadvantage (2011)/Average vulnerability/High emissions scenario,,,2,2,FALSE,FALSE,,,
13701,climatejust_grid_england_heat,0,r_hzz_cv30,Average vulnerability and change in the temperature of the warmest night baseline to 2050s - High estimate (90th percentile),,TRUE,TRUE,FALSE,/Heat disadvantage (2011)/Average vulnerability/High emissions scenario,,,2,2,FALSE,FALSE,,,
13801,climatejust_grid_england_heat,0,r_hzz_cv31,Average vulnerability and change in the temperature of the warmest night baseline to 2050s - Low estimate (10th percentile),,TRUE,TRUE,FALSE,/Heat disadvantage (2011)/Average vulnerability/Low emissions scenario,,,2,2,FALSE,FALSE,,,
13901,climatejust_grid_england_heat,0,r_hzz_cv32,Average vulnerability and change in the temperature of the warmest night baseline to 2050s - Central estimate (50th percentile),,TRUE,TRUE,FALSE,/Heat disadvantage (2011)/Average vulnerability/Low emissions scenario,,,2,2,FALSE,FALSE,,,
14001,climatejust_grid_england_heat,0,r_hzz_cv33,Average vulnerability and change in the temperature of the warmest night baseline to 2050s - High estimate (90th percentile),,TRUE,TRUE,FALSE,/Heat disadvantage (2011)/Average vulnerability/Low emissions scenario,,,2,2,FALSE,FALSE,,,
14101,climatejust_grid_england_heat,0,r_hzz_cv34,Average vulnerability and change in the temperature of the warmest night baseline to 2050s - Low estimate (10th percentile),,TRUE,TRUE,FALSE,/Heat disadvantage (2011)/Average vulnerability/Medium emissions scenario,,,2,2,FALSE,FALSE,,,
14201,climatejust_grid_england_heat,0,r_hzz_cv35,Average vulnerability and change in the temperature of the warmest night baseline to 2050s - Central estimate (50th percentile) RECOMMENDED,,TRUE,TRUE,FALSE,/Heat disadvantage (2011)/Average vulnerability/Medium emissions scenario,,,2,2,FALSE,FALSE,,,
14301,climatejust_grid_england_heat,0,r_hzz_cv36,Average vulnerability and change in the temperature of the warmest night baseline to 2050s - High estimate (90th percentile),,TRUE,TRUE,FALSE,/Heat disadvantage (2011)/Average vulnerability/Medium emissions scenario,,,2,2,FALSE,FALSE,,,
14401,climatejust_grid_england_heat,0,rwhzz_cv1,Population weighted vulnerability and mean summer maximum temperature 2050s - Low estimate (10th percentile),,TRUE,TRUE,FALSE,/Heat disadvantage (2011)/Population weighted vulnerability/High emissions scenario,,,2,2,FALSE,FALSE,,,
14501,climatejust_grid_england_heat,0,rwhzz_cv2,Population weighted vulnerability and mean summer maximum temperature 2050s - Central estimate (50th percentile),,TRUE,TRUE,FALSE,/Heat disadvantage (2011)/Population weighted vulnerability/High emissions scenario/,,,2,2,FALSE,FALSE,,,
14601,climatejust_grid_england_heat,0,rwhzz_cv3,Population weighted vulnerability and mean summer maximum temperature 2050s - High estimate (90th percentile),,TRUE,TRUE,FALSE,/Heat disadvantage (2011)/Population weighted vulnerability/High emissions scenario,,,2,2,FALSE,FALSE,,,
14701,climatejust_grid_england_heat,0,rwhzz_cv4,Population weighted vulnerability and mean summer maximum temperature 2050s - Low estimate (10th percentile),,TRUE,TRUE,FALSE,/Heat disadvantage (2011)/Population weighted vulnerability/Low emissions scenario,,,2,2,FALSE,FALSE,,,
14801,climatejust_grid_england_heat,0,rwhzz_cv5,Population weighted vulnerability and mean summer maximum temperature 2050s - Central estimate (50th percentile),,TRUE,TRUE,FALSE,/Heat disadvantage (2011)/Population weighted vulnerability/Low emissions scenario,,,2,2,FALSE,FALSE,,,
14901,climatejust_grid_england_heat,0,rwhzz_cv6,Population weighted vulnerability and mean summer maximum temperature 2050s - High estimate (90th percentile),,TRUE,TRUE,FALSE,/Heat disadvantage (2011)/Population weighted vulnerability/Low emissions scenario,,,2,2,FALSE,FALSE,,,
15001,climatejust_grid_england_heat,0,rwhzz_cv7,Population weighted vulnerability and mean summer maximum temperature 2050s - Low estimate (10th percentile),,TRUE,TRUE,FALSE,/Heat disadvantage (2011)/Population weighted vulnerability/Medium emissions scenario,,,2,2,FALSE,FALSE,,,
15101,climatejust_grid_england_heat,0,rwhzz_cv8,Population weighted vulnerability and mean summer maximum temperature 2050s - Central estimate (50th percentile) RECOMMENDED,,TRUE,TRUE,FALSE,/Heat disadvantage (2011)/Population weighted vulnerability/Medium emissions scenario,,,2,2,FALSE,FALSE,,,
15201,climatejust_grid_england_heat,0,rwhzz_cv9,Population weighted vulnerability and mean summer maximum temperature 2050s - High estimate (90th percentile),,TRUE,TRUE,FALSE,/Heat disadvantage (2011)/Population weighted vulnerability/Medium emissions scenario,,,2,2,FALSE,FALSE,,,
15301,climatejust_grid_england_heat,0,rwhzz_cv10,Population weighted vulnerability and change in mean summer maximum temperature baseline to 2050s - Low estimate (10th percentile),,TRUE,TRUE,FALSE,/Heat disadvantage (2011)/Population weighted vulnerability/High emissions scenario,,,2,2,FALSE,FALSE,,,
15401,climatejust_grid_england_heat,0,rwhzz_cv11,Population weighted vulnerability and change in mean summer maximum temperature baseline to 2050s - Central estimate (50th percentile),,TRUE,TRUE,FALSE,/Heat disadvantage (2011)/Population weighted vulnerability/High emissions scenario,,,2,2,FALSE,FALSE,,,
15501,climatejust_grid_england_heat,0,rwhzz_cv12,Population weighted vulnerability and change in mean summer maximum temperature baseline to 2050s - High estimate (90th percentile),,TRUE,TRUE,FALSE,/Heat disadvantage (2011)Population weighted vulnerability/High emissions scenario,,,2,2,FALSE,FALSE,,,
15601,climatejust_grid_england_heat,0,rwhzz_cv13,Population weighted vulnerability and change in mean summer maximum temperature baseline to 2050s - Low estimate (10th percentile),,TRUE,TRUE,FALSE,/Heat disadvantage (2011)/Population weighted vulnerability/Low emissions scenario,,,2,2,FALSE,FALSE,,,
15701,climatejust_grid_england_heat,0,rwhzz_cv14,Population weighted vulnerability and change in mean summer maximum temperature baseline to 2050s - Central estimate (50th percentile),,TRUE,TRUE,FALSE,/Heat disadvantage (2011)/Population weighted vulnerability/Low emissions scenario,,,2,2,FALSE,FALSE,,,
15801,climatejust_grid_england_heat,0,rwhzz_cv15,Population weighted vulnerability and change in mean summer maximum temperature baseline to 2050s - High estimate (90th percentile),,TRUE,TRUE,FALSE,/Heat disadvantage (2011)/Population weighted vulnerability/Low emissions scenario,,,2,2,FALSE,FALSE,,,
15901,climatejust_grid_england_heat,0,rwhzz_cv16,Population weighted vulnerability and change in mean summer maximum temperature baseline to 2050s - Low estimate (10th percentile),,TRUE,TRUE,FALSE,/Heat disadvantage (2011)/Population weighted vulnerability/Medium emissions scenario,,,2,2,FALSE,FALSE,,,
16001,climatejust_grid_england_heat,0,rwhzz_cv17,Population weighted vulnerability and change in mean summer maximum temperature baseline to 2050s - Central estimate (50th percentile) RECOMMENDED,,TRUE,TRUE,FALSE,/Heat disadvantage (2011)/Population weighted vulnerability/Medium emissions scenario,,,2,2,FALSE,FALSE,,,
16101,climatejust_grid_england_heat,0,rwhzz_cv18,Population weighted vulnerability and change in mean summer maximum temperature baseline to 2050s - High estimate (90th percentile),,TRUE,TRUE,FALSE,/Heat disadvantage (2011)/Population weighted vulnerability/Medium emissions scenario,,,2,2,FALSE,FALSE,,,
16201,climatejust_grid_england_heat,0,rwhzz_cv19,Population weighted vulnerability and change in the temperature of the warmest day baseline to 2050s - Low estimate (10th percentile),,TRUE,TRUE,FALSE,/Heat disadvantage (2011)/Population weighted vulnerability/High emissions scenario,,,2,2,FALSE,FALSE,,,
16301,climatejust_grid_england_heat,0,rwhzz_cv20,Population weighted vulnerability and change in the temperature of the warmest day baseline to 2050s - Central estimate (50th percentile),,TRUE,TRUE,FALSE,/Heat disadvantage (2011)/Population weighted vulnerability/High emissions scenario,,,2,2,FALSE,FALSE,,,
16401,climatejust_grid_england_heat,0,rwhzz_cv21,Population weighted vulnerability and change in the temperature of the warmest day baseline to 2050s -High estimate (90th percentile),,TRUE,TRUE,FALSE,/Heat disadvantage (2011)/Population weighted vulnerability/High emissions scenario,,,2,2,FALSE,FALSE,,,
16501,climatejust_grid_england_heat,0,rwhzz_cv22,Population weighted vulnerability and change in the temperature of the warmest day baseline to 2050s - Low estimate (10th percentile),,TRUE,TRUE,FALSE,/Heat disadvantage (2011)/Population weighted vulnerability/Low emissions scenario,,,2,2,FALSE,FALSE,,,
16601,climatejust_grid_england_heat,0,zrwhzz_cv2,Population weighted vulnerability and change in the temperature of the warmest day baseline to 2050s - Central estimate (50th percentile),,TRUE,TRUE,FALSE,/Heat disadvantage (2011)/Population weighted vulnerability/Low emissions scenario,,,2,2,FALSE,FALSE,,,
16701,climatejust_grid_england_heat,0,rwhzz_cv24,Population weighted vulnerability and change in the temperature of the warmest day baseline to 2050s - High estimate (90th percentile),,TRUE,TRUE,FALSE,/Heat disadvantage (2011)/Population weighted vulnerability/Low emissions scenario,,,2,2,FALSE,FALSE,,,
16801,climatejust_grid_england_heat,0,rwhzz_cv25,Population weighted vulnerability and change in the temperature of the warmest day baseline to 2050s - Low estimate (10th percentile),,TRUE,TRUE,FALSE,/Heat disadvantage (2011)/Population weighted vulnerability/Medium emissions scenario,,,2,2,FALSE,FALSE,,,
16901,climatejust_grid_england_heat,0,rwhzz_cv26,Population weighted vulnerability and change in the temperature of the warmest day baseline to 2050s - Central estimate (50th percentile) RECOMMENDED,,TRUE,TRUE,FALSE,/Heat disadvantage (2011)/Population weighted vulnerability/Medium emissions scenario,,,2,2,FALSE,FALSE,,,
17001,climatejust_grid_england_heat,0,rwhzz_cv27,Population weighted vulnerability and change in the temperature of the warmest day baseline to 2050s - High estimate (90th percentile),,TRUE,TRUE,FALSE,/Heat disadvantage (2011)/Population weighted vulnerability/Medium emissions scenario,,,2,2,FALSE,FALSE,,,
17101,climatejust_grid_england_heat,0,rwhzz_cv28,Population weighted vulnerability and change in the temperature of the warmest night baseline to 2050s - Low estimate (10th percentile),,TRUE,TRUE,FALSE,/Heat disadvantage (2011)/Population weighted vulnerability/High emissions scenario,,,2,2,FALSE,FALSE,,,
17201,climatejust_grid_england_heat,0,rwhzz_cv29,Population weighted vulnerability and change in the temperature of the warmest night baseline to 2050s - Central estimate (50th percentile),,TRUE,TRUE,FALSE,/Heat disadvantage (2011)/Population weighted vulnerability/High emissions scenario,,,2,2,FALSE,FALSE,,,
17301,climatejust_grid_england_heat,0,rwhzz_cv30,Population weighted vulnerability and change in the temperature of the warmest night baseline to 2050s - High estimate (90th percentile),,TRUE,TRUE,FALSE,/Heat disadvantage (2011)/Population weighted vulnerability/High emissions scenario,,,2,2,FALSE,FALSE,,,
17401,climatejust_grid_england_heat,0,rwhzz_cv31,Population weighted vulnerability and change in the temperature of the warmest night baseline to 2050s - Low estimate (10th percentile),,TRUE,TRUE,FALSE,/Heat disadvantage (2011)/Population weighted vulnerability/Low emissions scenario,,,2,2,FALSE,FALSE,,,
17501,climatejust_grid_england_heat,0,rwhzz_cv32,Population weighted vulnerability and change in the temperature of the warmest night baseline to 2050s - Central estimate (50th percentile),,TRUE,TRUE,FALSE,/Heat disadvantage (2011)/Population weighted vulnerability/Low emissions scenario,,,2,2,FALSE,FALSE,,,
17601,climatejust_grid_england_heat,0,rwhzz_cv33,Population weighted vulnerability and change in the temperature of the warmest night baseline to 2050s - High estimate (90th percentile),,TRUE,TRUE,FALSE,/Heat disadvantage (2011)/Population weighted vulnerability/Low emissions scenario,,,2,2,FALSE,FALSE,,,
17701,climatejust_grid_england_heat,0,rwhzz_cv34,Population weighted vulnerability and change in the temperature of the warmest night baseline to 2050s - Low estimate (10th percentile),,TRUE,TRUE,FALSE,/Heat disadvantage (2011)/Population weighted vulnerability/Medium emissions scenario,,,2,2,FALSE,FALSE,,,
17801,climatejust_grid_england_heat,0,rwhzz_cv35,Population weighted vulnerability and change in the temperature of the warmest night baseline to 2050s - Central estimate (50th percentile) RECOMMENDED,,TRUE,TRUE,FALSE,/Heat disadvantage (2011)/Population weighted vulnerability/Medium emissions scenario,,,2,2,FALSE,FALSE,,,
17901,climatejust_grid_england_heat,0,rwhzz_cv36,Population weighted vulnerability and change in the temperature of the warmest night baseline to 2050s - High estimate (90th percentile),,TRUE,TRUE,FALSE,/Heat disadvantage (2011)/Population weighted vulnerability/Medium emissions scenario,,,2,2,FALSE,FALSE,,,
18001,climatejust_grid_england_heat,0,zabsh10day,Mean summer maximum temperature 2050s (10th percentile) (z-score),,TRUE,TRUE,FALSE,/Heat exposure (2011)/High emissions scenario,,,2,2,FALSE,FALSE,,,
18101,climatejust_grid_england_heat,0,zabsh50day,Mean summer maximum temperature 2050s (50th percentile) (z-score),,TRUE,TRUE,FALSE,/Heat exposure (2011)/High emissions scenario,,,2,2,FALSE,FALSE,,,
18201,climatejust_grid_england_heat,0,zabsh90day,Mean summer maximum temperature 2050s (90th percentile) (z-score),,TRUE,TRUE,FALSE,/Heat exposure (2011)/High emissions scenario,,,2,2,FALSE,FALSE,,,
18301,climatejust_grid_england_heat,0,zabsl10day,Mean summer maximum temperature 2050s (10th percentile) (z-score),,TRUE,TRUE,FALSE,/Heat exposure (2011)/Low emissions scenario,,,2,2,FALSE,FALSE,,,
18401,climatejust_grid_england_heat,0,zabsl50day,Mean summer maximum temperature 2050s (50th percentile) (z-score),,TRUE,TRUE,FALSE,/Heat exposure (2011)/Low emissions scenario,,,2,2,FALSE,FALSE,,,
18501,climatejust_grid_england_heat,0,zabsl90day,Mean summer maximum temperature 2050s (90th percentile) (z-score),,TRUE,TRUE,FALSE,/Heat exposure (2011)/Low emissions scenario,,,2,2,FALSE,FALSE,,,
18601,climatejust_grid_england_heat,0,zabsm10day,Mean summer maximum temperature 2050s (10th percentile) (z-score),,TRUE,TRUE,FALSE,/Heat exposure (2011)/Medium emissions scenario,,,2,2,FALSE,FALSE,,,
18701,climatejust_grid_england_heat,0,zabsm50day,Mean summer maximum temperature 2050s (50th percentile) (z-score),,TRUE,TRUE,FALSE,/Heat exposure (2011)/Medium emissions scenario,,,2,2,FALSE,FALSE,,,
18801,climatejust_grid_england_heat,0,zabsm90day,Mean summer maximum temperature 2050s (90th percentile) (z-score),,TRUE,TRUE,FALSE,/Heat exposure (2011)/Medium emissions scenario,,,2,2,FALSE,FALSE,,,
18901,climatejust_grid_england_heat,0,zchh10day,Change in mean summer maximum temperature baseline to 2050s (10th percentile) (z-score),,TRUE,TRUE,FALSE,/Heat exposure (2011)/High emissions scenario,,,2,2,FALSE,FALSE,,,
19001,climatejust_grid_england_heat,0,zchh50day,Change in mean summer maximum temperature baseline to 2050s (50th percentile) (z-score),,TRUE,TRUE,FALSE,/Heat exposure (2011)/High emissions scenario,,,2,2,FALSE,FALSE,,,
19101,climatejust_grid_england_heat,0,zchh90day,Change in mean summer maximum temperature baseline to 2050s (90th percentile) (z-score),,TRUE,TRUE,FALSE,/Heat exposure (2011)/High emissions scenario,,,2,2,FALSE,FALSE,,,
19201,climatejust_grid_england_heat,0,zchl10day,Change in mean summer maximum temperature baseline to 2050s (10th percentile) (z-score),,TRUE,TRUE,FALSE,/Heat exposure (2011)/Low emissions scenario,,,2,2,FALSE,FALSE,,,
19301,climatejust_grid_england_heat,0,zchl50day,Change in mean summer maximum temperature baseline to 2050s (50th percentile) (z-score),,TRUE,TRUE,FALSE,/Heat exposure (2011)/Low emissions scenario,,,2,2,FALSE,FALSE,,,
19401,climatejust_grid_england_heat,0,zchl90day,Change in mean summer maximum temperature baseline to 2050s (90th percentile) (z-score),,TRUE,TRUE,FALSE,/Heat exposure (2011)/Low emissions scenario,,,2,2,FALSE,FALSE,,,
19501,climatejust_grid_england_heat,0,zchm10day,Change in mean summer maximum temperature baseline to 2050s (10th percentile) (z-score),,TRUE,TRUE,FALSE,/Heat exposure (2011)/Medium emissions scenario,,,2,2,FALSE,FALSE,,,
19601,climatejust_grid_england_heat,0,zchm50day,Change in mean summer maximum temperature baseline to 2050s (50th percentile) (z-score),,TRUE,TRUE,FALSE,/Heat exposure (2011)/Medium emissions scenario,,,2,2,FALSE,FALSE,,,
19701,climatejust_grid_england_heat,0,zchm90day,Change in mean summer maximum temperature baseline to 2050s (90th percentile) (z-score),,TRUE,TRUE,FALSE,/Heat exposure (2011)/Medium emissions scenario,,,2,2,FALSE,FALSE,,,
19801,climatejust_grid_england_heat,0,zchh10wd,Change in the temperature of the warmest day baseline to 2050s (10th percentile) (z-score),,TRUE,TRUE,FALSE,/Heat exposure (2011)/High emissions scenario ,,,2,2,FALSE,FALSE,,,
19901,climatejust_grid_england_heat,0,zchh50wd,Change in the temperature of the warmest day baseline to 2050s (50th percentile) (z-score),,TRUE,TRUE,FALSE,/Heat exposure (2011)/High emissions scenario ,,,2,2,FALSE,FALSE,,,
20001,climatejust_grid_england_heat,0,zchh90wd,Change in the temperature of the warmest day baseline to 2050s (90th percentile) (z-score),,TRUE,TRUE,FALSE,/Heat exposure (2011)/High emissions scenario ,,,2,2,FALSE,FALSE,,,
20101,climatejust_grid_england_heat,0,zchl10wd,Change in the temperature of the warmest day baseline to 2050s (10th percentile) (z-score),,TRUE,TRUE,FALSE,/Heat exposure (2011)/Low  emissions scenario,,,2,2,FALSE,FALSE,,,
20201,climatejust_grid_england_heat,0,zchl50wd,Change in the temperature of the warmest day baseline to 2050s (50th percentile) (z-score),,TRUE,TRUE,FALSE,/Heat exposure (2011)/Low  emissions scenario,,,2,2,FALSE,FALSE,,,
20301,climatejust_grid_england_heat,0,zchl90wd,Change in the temperature of the warmest day baseline to 2050s (90th percentile) (z-score),,TRUE,TRUE,FALSE,/Heat exposure (2011)/Low  emissions scenario,,,2,2,FALSE,FALSE,,,
20401,climatejust_grid_england_heat,0,zchm10wd,Change in the temperature of the warmest day baseline to 2050s (10th percentile) (z-score),,TRUE,TRUE,FALSE,/Heat exposure (2011)/Medium emissions scenario,,,2,2,FALSE,FALSE,,,
20501,climatejust_grid_england_heat,0,zchm50wd,Change in the temperature of the warmest day baseline to 2050s (50th percentile) (z-score),,TRUE,TRUE,FALSE,/Heat exposure (2011)/Medium emissions scenario,,,2,2,FALSE,FALSE,,,
20601,climatejust_grid_england_heat,0,zchm90wd,Change in the temperature of the warmest day baseline to 2050s (90th percentile) (z-score),,TRUE,TRUE,FALSE,/Heat exposure (2011)/Medium emissions scenario,,,2,2,FALSE,FALSE,,,
20701,climatejust_grid_england_heat,0,zchh10wn,Change in temperature of the warmest night baseline to 2050s (10th percentile) (z-score),,TRUE,TRUE,FALSE,/Heat exposure (2011)/High emissions scenario,,,2,2,FALSE,FALSE,,,
20801,climatejust_grid_england_heat,0,zchh50wn,Change in temperature of the warmest night baseline to 2050s (50th percentile) (z-score),,TRUE,TRUE,FALSE,/Heat exposure (2011)/High emissions scenario,,,2,2,FALSE,FALSE,,,
20901,climatejust_grid_england_heat,0,zchh90wn,Change in temperature of the warmest night baseline to 2050s (90th percentile) (z-score),,TRUE,TRUE,FALSE,/Heat exposure (2011)/High emissions scenario,,,2,2,FALSE,FALSE,,,
21001,climatejust_grid_england_heat,0,zchl10wn,Change in temperature of the warmest night baseline to 2050s (10th percentile) (z-score),,TRUE,TRUE,FALSE,/Heat exposure (2011)/Low emissions scenario,,,2,2,FALSE,FALSE,,,
21101,climatejust_grid_england_heat,0,zchl50wn,Change in temperature of the warmest night baseline to 2050s (50th percentile) (z-score),,TRUE,TRUE,FALSE,/Heat exposure (2011)/Low emissions scenario,,,2,2,FALSE,FALSE,,,
21201,climatejust_grid_england_heat,0,zchl90wn,Change in temperature of the warmest night baseline to 2050s (90th percentile) (z-score),,TRUE,TRUE,FALSE,/Heat exposure (2011)/Low emissions scenario,,,2,2,FALSE,FALSE,,,
21301,climatejust_grid_england_heat,0,zchm10wn,Change in temperature of the warmest night baseline to 2050s (10th percentile) (z-score),,TRUE,TRUE,FALSE,/Heat exposure (2011)/Medium emissions scenario,,,2,2,FALSE,FALSE,,,
21401,climatejust_grid_england_heat,0,zchm50wn,Change in temperature of the warmest night baseline to 2050s (50th percentile) (z-score),,TRUE,TRUE,FALSE,/Heat exposure (2011)/Medium emissions scenario,,,2,2,FALSE,FALSE,,,
21501,climatejust_grid_england_heat,0,zchm90wn,Change in temperature of the warmest night baseline to 2050s (90th percentile) (z-score),,TRUE,TRUE,FALSE,/Heat exposure (2011)/Medium emissions scenario,,,2,2,FALSE,FALSE,,,
21601,climatejust_grid_england_heat,0,perimeterepsg27700,Perimeter (EPSG 27700),,FALSE,TRUE,FALSE,,,,2,2,FALSE,FALSE,,,
21701,climatejust_grid_england_heat,0,areaepsg27700,Area (EPSG 27700),,FALSE,TRUE,FALSE,,,,2,2,FALSE,FALSE,,,
21801,climatejust_grid_england_heat,0,SHAPE__Area,SHAPE__Area,,FALSE,TRUE,FALSE,,,,2,2,FALSE,FALSE,,,
21901,climatejust_grid_england_heat,0,st_perimeter(shape),st_perimeter(shape),,FALSE,TRUE,FALSE,,,,2,2,FALSE,FALSE,,,
22001,climatejust_lsoas_en_2011_2022_v3_2022_data,0,objectid,OBJECTID,,FALSE,TRUE,FALSE,,,,2,2,FALSE,FALSE,,,
22101,climatejust_lsoas_en_2011_2022_v3_2022_data,0,globalid,GlobalID,,FALSE,TRUE,FALSE,,,,2,2,FALSE,FALSE,,,
22201,climatejust_lsoas_en_2011_2022_v3_2022_data,0,lsoa11cd,LSOA Code (2011) (V3),,FALSE,TRUE,TRUE,,,,2,2,FALSE,FALSE,,,
22301,climatejust_lsoas_en_2011_2022_v3_2022_data,0,lsoa11nm,LSOA Name (2011) (V3),,FALSE,TRUE,TRUE,,,,2,2,FALSE,FALSE,,,
22401,climatejust_lsoas_en_2011_2022_v3_2022_data,0,sensitivityssfvi,Sensitivity Index,,TRUE,TRUE,FALSE,,,,2,2,FALSE,FALSE,,,
22501,climatejust_lsoas_en_2011_2022_v3_2022_data,0,inabilitytopreparessfvi,Inability to Prepare Index,,TRUE,TRUE,FALSE,,,,2,2,FALSE,FALSE,,,
22601,climatejust_lsoas_en_2011_2022_v3_2022_data,0,inabilitytorespondssfvi,Inability to Respond Index,,TRUE,TRUE,FALSE,,,,2,2,FALSE,FALSE,,,
22701,climatejust_lsoas_en_2011_2022_v3_2022_data,0,inabilitytorecoverssfvi,Inability to Recover Index,,TRUE,TRUE,FALSE,,,,2,2,FALSE,FALSE,,,
22801,climatejust_lsoas_en_2011_2022_v3_2022_data,0,enhancedexposuressfvi,Enhanced Exposure Index,,TRUE,TRUE,FALSE,,,,2,2,FALSE,FALSE,,,
22901,climatejust_lsoas_en_2011_2022_v3_2022_data,0,ssfvi,Socio-Spatial Flood Vulnerability Index,,TRUE,TRUE,FALSE,,,,2,2,FALSE,FALSE,,,
23001,climatejust_lsoas_en_2011_2022_v3_2022_data,0,population,Population,,TRUE,TRUE,FALSE,,,,2,2,FALSE,FALSE,,,
23101,climatejust_lsoas_en_2011_2022_v3_2022_data,0,populationexposed,Population Exposed (Count),,TRUE,TRUE,FALSE,,,,2,2,FALSE,FALSE,,,
23201,climatejust_lsoas_en_2011_2022_v3_2022_data,0,exposedpopdefended,Exposed Population Defended (Count),,TRUE,TRUE,FALSE,,,,2,2,FALSE,FALSE,,,
23301,climatejust_lsoas_en_2011_2022_v3_2022_data,0,exposedpopundefended,Exposed Population Undefended (Count),,TRUE,TRUE,FALSE,,,,2,2,FALSE,FALSE,,,
23401,climatejust_lsoas_en_2011_2022_v3_2022_data,0,zpopulationexposed,Population Exposed (Z-Score),,TRUE,TRUE,FALSE,,,,2,2,FALSE,FALSE,,,
23501,climatejust_lsoas_en_2011_2022_v3_2022_data,0,zexposedpopundefended,Exposed Population Undefended (Z-Score),,TRUE,TRUE,FALSE,,,,2,2,FALSE,FALSE,,,
23601,climatejust_lsoas_en_2011_2022_v3_2022_data,0,zdisadvantageexposed,"Disadvantage (all potentially exposed, Z-Score)",,TRUE,TRUE,FALSE,,,,2,2,FALSE,FALSE,,,
23701,climatejust_lsoas_en_2011_2022_v3_2022_data,0,zdisadvantageundefended,"Disadvantage (all potentially undefended, Z-Score)",,TRUE,TRUE,FALSE,,,,2,2,FALSE,FALSE,,,
23801,climatejust_lsoas_en_2011_2022_v3_2022_data,0,agevulnerability,Vulnerability due to age,,TRUE,TRUE,FALSE,,,,2,2,FALSE,FALSE,,,
23901,climatejust_lsoas_en_2011_2022_v3_2022_data,0,healthvulnerability,Vulnerability due to health,,TRUE,TRUE,FALSE,,,,2,2,FALSE,FALSE,,,
24001,climatejust_lsoas_en_2011_2022_v3_2022_data,0,incomevulnerability,Vulnerability due to income,,TRUE,TRUE,FALSE,,,,2,2,FALSE,FALSE,,,
24101,climatejust_lsoas_en_2011_2022_v3_2022_data,0,propertytenurevulnerability,Vulnerability due to property tenure,,TRUE,TRUE,FALSE,,,,2,2,FALSE,FALSE,,,
24201,climatejust_lsoas_en_2011_2022_v3_2022_data,0,languagevulnerability,Vulnerability due to issues of information use,,TRUE,TRUE,FALSE,,,,2,2,FALSE,FALSE,,,
24301,climatejust_lsoas_en_2011_2022_v3_2022_data,0,internetvulnerability,Vulnerability due to lack of internet access,,TRUE,TRUE,FALSE,,,,2,2,FALSE,FALSE,,,
24401,climatejust_lsoas_en_2011_2022_v3_2022_data,0,knowledgefloodvulnerability,Vulnerability due to lack of local knowledge,,TRUE,TRUE,FALSE,,,,2,2,FALSE,FALSE,,,
24501,climatejust_lsoas_en_2011_2022_v3_2022_data,0,socialnetworksvulnerability,Vulnerability due to lack of social networks,,TRUE,TRUE,FALSE,,,,2,2,FALSE,FALSE,,,
24601,climatejust_lsoas_en_2011_2022_v3_2022_data,0,mobilityvulnerability,Vulnerability due to lack of physical mobility,,TRUE,TRUE,FALSE,,,,2,2,FALSE,FALSE,,,
24701,climatejust_lsoas_en_2011_2022_v3_2022_data,0,crimevulnerability,Vulnerability due to crime,,TRUE,TRUE,FALSE,,,,2,2,FALSE,FALSE,,,
24801,climatejust_lsoas_en_2011_2022_v3_2022_data,0,pharmacyaccessvulnerability,Vulnerability due to lack of pharmacy access,,TRUE,TRUE,FALSE,,,,2,2,FALSE,FALSE,,,
24901,climatejust_lsoas_en_2011_2022_v3_2022_data,0,housepricesvulnerability,Vulnerability due to house prices,,TRUE,TRUE,FALSE,,,,2,2,FALSE,FALSE,,,
25001,climatejust_lsoas_en_2011_2022_v3_2022_data,0,physenvironmentvulnerability,Vulnerability due to physical environment,,TRUE,TRUE,FALSE,,,,2,2,FALSE,FALSE,,,
25101,climatejust_lsoas_en_2011_2022_v3_2022_data,0,housingfloodvulnerability,Vulnerability due to housing characteristics,,TRUE,TRUE,FALSE,,,,2,2,FALSE,FALSE,,,
25201,climatejust_lsoas_en_2011_2022_v3_2022_data,0,zyoungchildren,Young children (Z-Score),,TRUE,TRUE,FALSE,,,,2,2,FALSE,FALSE,,,
25301,climatejust_lsoas_en_2011_2022_v3_2022_data,0,zpeopleover75,Older people (Z-Score),,TRUE,TRUE,FALSE,,,,2,2,FALSE,FALSE,,,
25401,climatejust_lsoas_en_2011_2022_v3_2022_data,0,zemergencyhospitaladmiss,Rate of emergency admission to hospital (Z-Score),,TRUE,TRUE,FALSE,,,,2,2,FALSE,FALSE,,,
25501,climatejust_lsoas_en_2011_2022_v3_2022_data,0,zdisabilityillhealth,Comparative illness and disability ratio (Z-Score),,TRUE,TRUE,FALSE,,,,2,2,FALSE,FALSE,,,
25601,climatejust_lsoas_en_2011_2022_v3_2022_data,0,zmoodanxietydisorders,Mood and Anxiety Disorder Indicator (Z-Score),,TRUE,TRUE,FALSE,,,,2,2,FALSE,FALSE,,,
25701,climatejust_lsoas_en_2011_2022_v3_2022_data,0,zmedicalcareresidents,Employment deprived people in an area (Z-Score),,TRUE,TRUE,FALSE,,,,2,2,FALSE,FALSE,,,
25801,climatejust_lsoas_en_2011_2022_v3_2022_data,0,zyearspotentiallifelost,Years of Potential Life Lost (Z-Score),,TRUE,TRUE,FALSE,,,,2,2,FALSE,FALSE,,,
25901,climatejust_lsoas_en_2011_2022_v3_2022_data,0,zhomelessness,Homelessness indicator (Z-Score),,TRUE,TRUE,FALSE,,,,2,2,FALSE,FALSE,,,
26001,climatejust_lsoas_en_2011_2022_v3_2022_data,0,zemploymentdeprivation,Employment deprived people in an area (Z-Score),,TRUE,TRUE,FALSE,,,,2,2,FALSE,FALSE,,,
26101,climatejust_lsoas_en_2011_2022_v3_2022_data,0,zincomedeprivation,Income deprived people in an area (Z-Score),,TRUE,TRUE,FALSE,,,,2,2,FALSE,FALSE,,,
26201,climatejust_lsoas_en_2011_2022_v3_2022_data,0,zolderadultincomedeprivation,Income deprived older people in an area (Z-Score),,TRUE,TRUE,FALSE,,,,2,2,FALSE,FALSE,,,
26301,climatejust_lsoas_en_2011_2022_v3_2022_data,0,zsocialrenting,Social renters (Z-Score),,TRUE,TRUE,FALSE,,,,2,2,FALSE,FALSE,,,
26401,climatejust_lsoas_en_2011_2022_v3_2022_data,0,zprivaterenting,Private renters (Z-Score),,TRUE,TRUE,FALSE,,,,2,2,FALSE,FALSE,,,
26501,climatejust_lsoas_en_2011_2022_v3_2022_data,0,zenglishproficiency,Level of proficiency in English (Z-Score),,TRUE,TRUE,FALSE,,,,2,2,FALSE,FALSE,,,
26601,climatejust_lsoas_en_2011_2022_v3_2022_data,0,zsubstandardbroadband,Sub-standard Broadband (Z-Score),,TRUE,TRUE,FALSE,,,,2,2,FALSE,FALSE,,,
26701,climatejust_lsoas_en_2011_2022_v3_2022_data,0,zavailsuperfastbroadband,Availability of superfast broadband (Z-Score),,TRUE,TRUE,FALSE,,,,2,2,FALSE,FALSE,,,
26801,climatejust_lsoas_en_2011_2022_v3_2022_data,0,zpopulationtransience,Population Transience (Z-Score),,TRUE,TRUE,FALSE,,,,2,2,FALSE,FALSE,,,
26901,climatejust_lsoas_en_2011_2022_v3_2022_data,0,zdirectfloodexperience,Number of properties within historical flood boundary (Z-Score),,TRUE,TRUE,FALSE,,,,2,2,FALSE,FALSE,,,
27001,climatejust_lsoas_en_2011_2022_v3_2022_data,0,zfloodwarnings,Flood alert and warning areas (Z-Score),,TRUE,TRUE,FALSE,,,,2,2,FALSE,FALSE,,,
27101,climatejust_lsoas_en_2011_2022_v3_2022_data,0,zsinglepensionerhouseholds,pensioner households (Z-Score),,TRUE,TRUE,FALSE,,,,2,2,FALSE,FALSE,,,
27201,climatejust_lsoas_en_2011_2022_v3_2022_data,0,zlackschoolrelatednetworks,Lack of school-related networks (Z-Score),,TRUE,TRUE,FALSE,,,,2,2,FALSE,FALSE,,,
27301,climatejust_lsoas_en_2011_2022_v3_2022_data,0,zlackprivatetransport,Lack of private transport (Z-Score),,TRUE,TRUE,FALSE,,,,2,2,FALSE,FALSE,,,
27401,climatejust_lsoas_en_2011_2022_v3_2022_data,0,zworkplaceaccessibilitywalkpt,Workplace accessibility by walking or public transport (Z-Score),,TRUE,TRUE,FALSE,,,,2,2,FALSE,FALSE,,,
27501,climatejust_lsoas_en_2011_2022_v3_2022_data,0,zworkplaceaccessibilitycar,Workplace accessibility by car (Z-Score),,TRUE,TRUE,FALSE,,,,2,2,FALSE,FALSE,,,
27601,climatejust_lsoas_en_2011_2022_v3_2022_data,0,zcrime,ZCrime,,TRUE,TRUE,FALSE,,,,2,2,FALSE,FALSE,,,
27701,climatejust_lsoas_en_2011_2022_v3_2022_data,0,zaccessibilitypharmacies,Mean distance to a pharmacy (Z-Score),,TRUE,TRUE,FALSE,,,,2,2,FALSE,FALSE,,,
27801,climatejust_lsoas_en_2011_2022_v3_2022_data,0,zhousingtrap,Median price paid for residential properties (Z-Score),,TRUE,TRUE,FALSE,,,,2,2,FALSE,FALSE,,,
27901,climatejust_lsoas_en_2011_2022_v3_2022_data,0,zurbancover,Built up area (Z-Score),,TRUE,TRUE,FALSE,,,,2,2,FALSE,FALSE,,,
28001,climatejust_lsoas_en_2011_2022_v3_2022_data,0,zlackprivategreenspaceflood,Lack of domestic gardens (Z-Score),,TRUE,TRUE,FALSE,,,,2,2,FALSE,FALSE,,,
28101,climatejust_lsoas_en_2011_2022_v3_2022_data,0,zaveragecommunitygreenspace,"Median combined size of parks and public gardens and playing fields within 1,000 m radius (Z-Score)",,TRUE,TRUE,FALSE,,,,2,2,FALSE,FALSE,,,
28201,climatejust_lsoas_en_2011_2022_v3_2022_data,0,zcaravanortemporarystructures,Caravan or other mobile or temporary structures (Z-Score),,TRUE,TRUE,FALSE,,,,2,2,FALSE,FALSE,,,
28301,climatejust_lsoas_en_2011_2022_v3_2022_data,0,youngchildren,Young children (% people under 5 years),,TRUE,TRUE,FALSE,,,,2,2,FALSE,FALSE,,,
28401,climatejust_lsoas_en_2011_2022_v3_2022_data,0,peopleover75,Older people (% people over 75 years),,TRUE,TRUE,FALSE,,,,2,2,FALSE,FALSE,,,
28501,climatejust_lsoas_en_2011_2022_v3_2022_data,0,emergencyhospitaladmiss,Rate of emergency admission to hospital,,TRUE,TRUE,FALSE,,,,2,2,FALSE,FALSE,,,
28601,climatejust_lsoas_en_2011_2022_v3_2022_data,0,disabilityandillhealth,Comparative illness and disability ratio,,TRUE,TRUE,FALSE,,,,2,2,FALSE,FALSE,,,
28701,climatejust_lsoas_en_2011_2022_v3_2022_data,0,moodanxietydisorders,Mood and Anxiety Disorder Indicator,,TRUE,TRUE,FALSE,,,,2,2,FALSE,FALSE,,,
28801,climatejust_lsoas_en_2011_2022_v3_2022_data,0,medicalcareresidents,Medical and Care Residents (Score),,TRUE,TRUE,FALSE,,,,2,2,FALSE,FALSE,,,
28901,climatejust_lsoas_en_2011_2022_v3_2022_data,0,yearsofpotentiallifelost,Years of Potential Life Lost (Score),,TRUE,TRUE,FALSE,,,,2,2,FALSE,FALSE,,,
29001,climatejust_lsoas_en_2011_2022_v3_2022_data,0,homelessness,Homelessness rate (rate per 1000 households),,TRUE,TRUE,FALSE,,,,2,2,FALSE,FALSE,,,
29101,climatejust_lsoas_en_2011_2022_v3_2022_data,0,employmentdeprivation,Employment deprived people in an area (% of working population),,TRUE,TRUE,FALSE,,,,2,2,FALSE,FALSE,,,
29201,climatejust_lsoas_en_2011_2022_v3_2022_data,0,incomedeprivation,Income deprived people in an area (% of zone population),,TRUE,TRUE,FALSE,,,,2,2,FALSE,FALSE,,,
29301,climatejust_lsoas_en_2011_2022_v3_2022_data,0,olderadultincomedeprivation,Income deprived older people in an area (% of people 60 or over),,TRUE,TRUE,FALSE,,,,2,2,FALSE,FALSE,,,
29401,climatejust_lsoas_en_2011_2022_v3_2022_data,0,socialrentershh,Social renters (% Households renting from Social or Council landlords),,TRUE,TRUE,FALSE,,,,2,2,FALSE,FALSE,,,
29501,climatejust_lsoas_en_2011_2022_v3_2022_data,0,privaterentershh,Private renters (% Households),,TRUE,TRUE,FALSE,,,,2,2,FALSE,FALSE,,,
29601,climatejust_lsoas_en_2011_2022_v3_2022_data,0,englishproficiency,Level of proficiency in English (% population),,TRUE,TRUE,FALSE,,,,2,2,FALSE,FALSE,,,
29701,climatejust_lsoas_en_2011_2022_v3_2022_data,0,substandardbroadband,Sub-standard Broadband (% premises below the Universal Service Obligation),,TRUE,TRUE,FALSE,,,,2,2,FALSE,FALSE,,,
29801,climatejust_lsoas_en_2011_2022_v3_2022_data,0,availsuperfastbroadband,Availability of superfast broadband (% Premises),,TRUE,TRUE,FALSE,,,,2,2,FALSE,FALSE,,,
29901,climatejust_lsoas_en_2011_2022_v3_2022_data,0,populationtransience,Population Transience (Residential Mobility Index),,TRUE,TRUE,FALSE,,,,2,2,FALSE,FALSE,,,
30001,climatejust_lsoas_en_2011_2022_v3_2022_data,0,directfloodexperience,Number of properties within historical flood boundary,,TRUE,TRUE,FALSE,,,,2,2,FALSE,FALSE,,,
30101,climatejust_lsoas_en_2011_2022_v3_2022_data,0,floodwarnings,Flood alert and warning areas (% area not covered),,TRUE,TRUE,FALSE,,,,2,2,FALSE,FALSE,,,
30201,climatejust_lsoas_en_2011_2022_v3_2022_data,0,singlepensionerhouseholds,pensioner households (%),,TRUE,TRUE,FALSE,,,,2,2,FALSE,FALSE,,,
30301,climatejust_lsoas_en_2011_2022_v3_2022_data,0,lackschoolrelatednetworks,Lack of school-related networks (% children not of primary school age),,TRUE,TRUE,FALSE,,,,2,2,FALSE,FALSE,,,
30401,climatejust_lsoas_en_2011_2022_v3_2022_data,0,lackprivatetransport,Lack of private transport (% households with no car or van),,TRUE,TRUE,FALSE,,,,2,2,FALSE,FALSE,,,
30501,climatejust_lsoas_en_2011_2022_v3_2022_data,0,workplaceaccessibilitywalkpt,"Workplace accessibility by walking or public transport (travel time, destination and origin indicators)",,TRUE,TRUE,FALSE,,,,2,2,FALSE,FALSE,,,
30601,climatejust_lsoas_en_2011_2022_v3_2022_data,0,workplaceaccessibilitycar,"Workplace accessibility by car (travel time, destination and origin indicators)",,TRUE,TRUE,FALSE,,,,2,2,FALSE,FALSE,,,
30701,climatejust_lsoas_en_2011_2022_v3_2022_data,0,crime,Index of Multiple Deprivation crime score,,TRUE,TRUE,FALSE,,,,2,2,FALSE,FALSE,,,
30801,climatejust_lsoas_en_2011_2022_v3_2022_data,0,accessibilitypharmacies,Mean distance to a pharmacy (km),,TRUE,TRUE,FALSE,,,,2,2,FALSE,FALSE,,,
30901,climatejust_lsoas_en_2011_2022_v3_2022_data,0,housingtrap,Median price paid for residential properties (Â£),,TRUE,TRUE,FALSE,,,,2,2,FALSE,FALSE,,,
31001,climatejust_lsoas_en_2011_2022_v3_2022_data,0,urbancover,Built up area (% not greenspace),,TRUE,TRUE,FALSE,,,,2,2,FALSE,FALSE,,,
31101,climatejust_lsoas_en_2011_2022_v3_2022_data,0,lackprivategreenspaceflood,Lack of domestic gardens (% dwellings without gardens),,TRUE,TRUE,FALSE,,,,2,2,FALSE,FALSE,,,
31201,climatejust_lsoas_en_2011_2022_v3_2022_data,0,averagecommunitygreenspace,"Median combined size of parks and public gardens and playing fields within 1,000 m radius (m2)",,TRUE,TRUE,FALSE,,,,2,2,FALSE,FALSE,,,
31301,climatejust_lsoas_en_2011_2022_v3_2022_data,0,caravanortemporarystructures,Caravan or other mobile or temporary structures (% of all households),,TRUE,TRUE,FALSE,,,,2,2,FALSE,FALSE,,,
31401,climatejust_lsoas_en_2011_2022_v3_2022_data,0,tmaxp95recentpast,Recent past 30 year mean 1990 - 2019 (â„ƒ),,TRUE,TRUE,FALSE,,,,2,2,FALSE,FALSE,,,
31501,climatejust_lsoas_en_2011_2022_v3_2022_data,0,tmaxp95future15,1.5â„ƒ warmer world (â„ƒ),,TRUE,TRUE,FALSE,,,,2,2,FALSE,FALSE,,,
31601,climatejust_lsoas_en_2011_2022_v3_2022_data,0,tmaxp95future20,2â„ƒ warmer world (â„ƒ),,TRUE,TRUE,FALSE,,,,2,2,FALSE,FALSE,,,
31701,climatejust_lsoas_en_2011_2022_v3_2022_data,0,tmaxp95future30,3â„ƒ warmer world (â„ƒ),,TRUE,TRUE,FALSE,,,,2,2,FALSE,FALSE,,,
31801,climatejust_lsoas_en_2011_2022_v3_2022_data,0,ztmaxp95recentpast,"Average temperature of top 5% hottest days, recent past 30 year mean 1990 - 2019 (Score)",,TRUE,TRUE,FALSE,,,,2,2,FALSE,FALSE,,,
31901,climatejust_lsoas_en_2011_2022_v3_2022_data,0,ztmaxp95future15,"Average temperature of top 5% hottest days, 1.5â„ƒ warmer world (Score)",,TRUE,TRUE,FALSE,,,,2,2,FALSE,FALSE,,,
32001,climatejust_lsoas_en_2011_2022_v3_2022_data,0,ztmaxp95future20,"Average temperature of top 5% hottest days, 2â„ƒ warmer world (Score)",,TRUE,TRUE,FALSE,,,,2,2,FALSE,FALSE,,,
32101,climatejust_lsoas_en_2011_2022_v3_2022_data,0,ztmaxp95future30,"Average temperature of top 5% hottest days, 3â„ƒ warmer world (score)",,TRUE,TRUE,FALSE,,,,2,2,FALSE,FALSE,,,
32201,climatejust_lsoas_en_2011_2022_v3_2022_data,0,zheatdisadvantagerecentpast,"Heat Disadvantage, recent past 30 year mean 1990 - 2019",,TRUE,TRUE,FALSE,,,,2,2,FALSE,FALSE,,,
32301,climatejust_lsoas_en_2011_2022_v3_2022_data,0,zheatdisadvantagefuture15,"Heat Disadvantage, 1.5â„ƒ warmer world",,TRUE,TRUE,FALSE,,,,2,2,FALSE,FALSE,,,
32401,climatejust_lsoas_en_2011_2022_v3_2022_data,0,zheatdisadvantagefuture20,"Heat Disadvantage, 2â„ƒ warmer world",,TRUE,TRUE,FALSE,,,,2,2,FALSE,FALSE,,,
32501,climatejust_lsoas_en_2011_2022_v3_2022_data,0,zheatdisadvantagefuture30,"Heat Disadvantage, 3â„ƒ warmer world",,TRUE,TRUE,FALSE,,,,2,2,FALSE,FALSE,,,
32601,climatejust_lsoas_en_2011_2022_v3_2022_data,0,zartmaxp95recentpast,Recent past 30 year mean 1990 - 2019 (All-relative Z-Score),,TRUE,TRUE,FALSE,,,,2,2,FALSE,FALSE,,,
32701,climatejust_lsoas_en_2011_2022_v3_2022_data,0,zartmaxp95future15,1.5â„ƒ warmer world (All-relative Z-Score),,TRUE,TRUE,FALSE,,,,2,2,FALSE,FALSE,,,
32801,climatejust_lsoas_en_2011_2022_v3_2022_data,0,zartmaxp95future20,2â„ƒ warmer world (All-relative Z-Score),,TRUE,TRUE,FALSE,,,,2,2,FALSE,FALSE,,,
32901,climatejust_lsoas_en_2011_2022_v3_2022_data,0,zartmaxp95future30,3â„ƒ warmer world (All-relative Z-Score),,TRUE,TRUE,FALSE,,,,2,2,FALSE,FALSE,,,
33001,climatejust_lsoas_en_2011_2022_v3_2022_data,0,zarheatdisadvantagerecentpast,"Relative heat Disadvantage, recent past 30 year mean 1990 - 2019",,TRUE,TRUE,FALSE,,,,2,2,FALSE,FALSE,,,
33101,climatejust_lsoas_en_2011_2022_v3_2022_data,0,zarheatdisadvantagefuture15,"Relative heat Disadvantage, 1.5â„ƒ warmer world",,TRUE,TRUE,FALSE,,,,2,2,FALSE,FALSE,,,
33201,climatejust_lsoas_en_2011_2022_v3_2022_data,0,zarheatdisadvantagefuture20,"Relative heat Disadvantage, 2â„ƒ warmer world",,TRUE,TRUE,FALSE,,,,2,2,FALSE,FALSE,,,
33301,climatejust_lsoas_en_2011_2022_v3_2022_data,0,zarheatdisadvantagefuture30,"Relative heat Disadvantage, 3â„ƒ warmer world",,TRUE,TRUE,FALSE,,,,2,2,FALSE,FALSE,,,
33401,climatejust_lsoas_en_2011_2022_v3_2022_data,0,sshvi,Socio Spatial Heat Vulnerability Index,,TRUE,TRUE,FALSE,,,,2,2,FALSE,FALSE,,,
33501,climatejust_lsoas_en_2011_2022_v3_2022_data,0,sensitivitysshvi,Sensitivity Index,,TRUE,TRUE,FALSE,,,,2,2,FALSE,FALSE,,,
33601,climatejust_lsoas_en_2011_2022_v3_2022_data,0,inabilitytopreparesshvi,Inability to Prepare Index,,TRUE,TRUE,FALSE,,,,2,2,FALSE,FALSE,,,
33701,climatejust_lsoas_en_2011_2022_v3_2022_data,0,inabilitytorespondsshvi,Inability to Respond Index,,TRUE,TRUE,FALSE,,,,2,2,FALSE,FALSE,,,
33801,climatejust_lsoas_en_2011_2022_v3_2022_data,0,inabilitytorecoversshvi,Inability to Recover Index,,TRUE,TRUE,FALSE,,,,2,2,FALSE,FALSE,,,
33901,climatejust_lsoas_en_2011_2022_v3_2022_data,0,enhancedexposuresshvi,Enhanced Exposure Index,,TRUE,TRUE,FALSE,,,,2,2,FALSE,FALSE,,,
34001,climatejust_lsoas_en_2011_2022_v3_2022_data,0,knowledgeheatvulnerability,Vulnerability due to lack of local knowledge,,TRUE,TRUE,FALSE,,,,2,2,FALSE,FALSE,,,
34101,climatejust_lsoas_en_2011_2022_v3_2022_data,0,infrastructuralvulnerability,Vulnerability due to infrastructural condition,,TRUE,TRUE,FALSE,,,,2,2,FALSE,FALSE,,,
34201,climatejust_lsoas_en_2011_2022_v3_2022_data,0,gpaccessvulnerability,Vulnerability due to lack of access to general practitioner (GP),,TRUE,TRUE,FALSE,,,,2,2,FALSE,FALSE,,,
34301,climatejust_lsoas_en_2011_2022_v3_2022_data,0,hospitalaccessvulnerability,Vulnerability due to lack of access to local hospital,,TRUE,TRUE,FALSE,,,,2,2,FALSE,FALSE,,,
34401,climatejust_lsoas_en_2011_2022_v3_2022_data,0,housingheatvulnerability,Vulnerability due to housing characteristics,,TRUE,TRUE,FALSE,,,,2,2,FALSE,FALSE,,,
34501,climatejust_lsoas_en_2011_2022_v3_2022_data,0,zretailunitsdensity,Density of retail units (Number of enterprises divided by the area of MSOA) (Z-Score),,TRUE,TRUE,FALSE,,,,2,2,FALSE,FALSE,,,
34601,climatejust_lsoas_en_2011_2022_v3_2022_data,0,zchangeinenterprises,Change in the number of enterprises (%) (Z-Score),,TRUE,TRUE,FALSE,,,,2,2,FALSE,FALSE,,,
34701,climatejust_lsoas_en_2011_2022_v3_2022_data,0,zlackprivategreenspaceheat,Lack of domestic gardens (% dwellings without gardens) (Z-Score),,TRUE,TRUE,FALSE,,,,2,2,FALSE,FALSE,,,
34801,climatejust_lsoas_en_2011_2022_v3_2022_data,0,zlacklocalgreenspace,Lack of local greenspace access (Z-Score),,TRUE,TRUE,FALSE,,,,2,2,FALSE,FALSE,,,
34901,climatejust_lsoas_en_2011_2022_v3_2022_data,0,ztraveltimetogpwalkpt,Travel time to nearest GP by walk/public transport (minutes) (Z-Score),,TRUE,TRUE,FALSE,,,,2,2,FALSE,FALSE,,,
35001,climatejust_lsoas_en_2011_2022_v3_2022_data,0,zpeoplelackgpaccess,People lacking easy GP access (%) (Z-Score),,TRUE,TRUE,FALSE,,,,2,2,FALSE,FALSE,,,
35101,climatejust_lsoas_en_2011_2022_v3_2022_data,0,zgps15minwalkpt,Number of GPs within 15 minutes by walk/public transport (Z-Score),,TRUE,TRUE,FALSE,,,,2,2,FALSE,FALSE,,,
35201,climatejust_lsoas_en_2011_2022_v3_2022_data,0,zgps15mincar,Number of GPs within 15 minutes by car (Z-Score),,TRUE,TRUE,FALSE,,,,2,2,FALSE,FALSE,,,
35301,climatejust_lsoas_en_2011_2022_v3_2022_data,0,ztraveltimetohospitalwalkpt,Travel time to nearest hospital by walk/public transport (minutes) (Z-Score),,TRUE,TRUE,FALSE,,,,2,2,FALSE,FALSE,,,
35401,climatejust_lsoas_en_2011_2022_v3_2022_data,0,ztraveltimetohospitalcar,Travel time to nearest hospital by car (minutes) (Z-Score),,TRUE,TRUE,FALSE,,,,2,2,FALSE,FALSE,,,
35501,climatejust_lsoas_en_2011_2022_v3_2022_data,0,zpeoplelackhospitalaccess,People lacking easy hospital access (%) (Z-Score),,TRUE,TRUE,FALSE,,,,2,2,FALSE,FALSE,,,
35601,climatejust_lsoas_en_2011_2022_v3_2022_data,0,zhospitals30minwalkpt,Number of hospitals within 30 minutes by walk/public transport (Z-Score),,TRUE,TRUE,FALSE,,,,2,2,FALSE,FALSE,,,
35701,climatejust_lsoas_en_2011_2022_v3_2022_data,0,zhospitals30mincar,Number of hospitals within 30 minutes by car (Z-Score),,TRUE,TRUE,FALSE,,,,2,2,FALSE,FALSE,,,
35801,climatejust_lsoas_en_2011_2022_v3_2022_data,0,zovercrowding,People in overcrowded households (%) (Z-Score),,TRUE,TRUE,FALSE,,,,2,2,FALSE,FALSE,,,
35901,climatejust_lsoas_en_2011_2022_v3_2022_data,0,zhighrisehomes,Number of flats without gardens (Proxy for high-rise flats) (Z-Score),,TRUE,TRUE,FALSE,,,,2,2,FALSE,FALSE,,,
36001,climatejust_lsoas_en_2011_2022_v3_2022_data,0,retailunitsdensity,Density of retail units (Number of enterprises divided by the area of MSOA),,TRUE,TRUE,FALSE,,,,2,2,FALSE,FALSE,,,
36101,climatejust_lsoas_en_2011_2022_v3_2022_data,0,changeinenterprises,Change in the number of enterprises (%),,TRUE,TRUE,FALSE,,,,2,2,FALSE,FALSE,,,
36201,climatejust_lsoas_en_2011_2022_v3_2022_data,0,lackprivategreenspaceheat,Lack of domestic gardens (% dwellings without gardens),,TRUE,TRUE,FALSE,,,,2,2,FALSE,FALSE,,,
36301,climatejust_lsoas_en_2011_2022_v3_2022_data,0,lacklocalgreenspace,Lack of local greenspace access (%),,TRUE,TRUE,FALSE,,,,2,2,FALSE,FALSE,,,
36401,climatejust_lsoas_en_2011_2022_v3_2022_data,0,traveltimetogpwalkpt,Travel time to nearest GP by walk/public transport (minutes),,TRUE,TRUE,FALSE,,,,2,2,FALSE,FALSE,,,
36501,climatejust_lsoas_en_2011_2022_v3_2022_data,0,peoplelackgpaccess,People lacking easy GP access (%),,TRUE,TRUE,FALSE,,,,2,2,FALSE,FALSE,,,
36601,climatejust_lsoas_en_2011_2022_v3_2022_data,0,gps15minwalkpt,Number of GPs within 15 minutes by walk/public transport,,TRUE,TRUE,FALSE,,,,2,2,FALSE,FALSE,,,
36701,climatejust_lsoas_en_2011_2022_v3_2022_data,0,gps15mincar,Number of GPs within 15 minutes by car,,TRUE,TRUE,FALSE,,,,2,2,FALSE,FALSE,,,
36801,climatejust_lsoas_en_2011_2022_v3_2022_data,0,traveltimetohospitalwalkpt,Travel time to nearest hospital by walk/public transport (minutes),,TRUE,TRUE,FALSE,,,,2,2,FALSE,FALSE,,,
36901,climatejust_lsoas_en_2011_2022_v3_2022_data,0,traveltimetohospitalcar,Travel time to nearest hospital by car (minutes),,TRUE,TRUE,FALSE,,,,2,2,FALSE,FALSE,,,
37001,climatejust_lsoas_en_2011_2022_v3_2022_data,0,peoplelackhospitalaccess,People lacking easy hospital access (%),,TRUE,TRUE,FALSE,,,,2,2,FALSE,FALSE,,,
37101,climatejust_lsoas_en_2011_2022_v3_2022_data,0,hospitals30minwalkpt,Number of hospitals within 30 minutes by walk/public transport,,TRUE,TRUE,FALSE,,,,2,2,FALSE,FALSE,,,
37201,climatejust_lsoas_en_2011_2022_v3_2022_data,0,hospitals30mincar,Number of hospitals within 30 minutes by car,,TRUE,TRUE,FALSE,,,,2,2,FALSE,FALSE,,,
37301,climatejust_lsoas_en_2011_2022_v3_2022_data,0,overcrowding,Household overcrowding indicator,,TRUE,TRUE,FALSE,,,,2,2,FALSE,FALSE,,,
37401,climatejust_lsoas_en_2011_2022_v3_2022_data,0,highrisehomes,High rise homes (% households with lowest floor 5th floor or above),,TRUE,TRUE,FALSE,,,,2,2,FALSE,FALSE,,,
37501,climatejust_lsoas_en_2011_2022_v3_2022_data,0,perimeterepsg27700,Perimeter (EPSG 27700),,FALSE,TRUE,FALSE,,,,2,2,FALSE,FALSE,,,
37601,climatejust_lsoas_en_2011_2022_v3_2022_data,0,areaepsg27700,Area (EPSG 27700),,FALSE,TRUE,FALSE,,,,2,2,FALSE,FALSE,,,
37701,climatejust_lsoas_en_2011_2022_v3_2022_data,0,SHAPE__Area,SHAPE__Area,,FALSE,TRUE,FALSE,,,,2,2,FALSE,FALSE,,,
37801,climatejust_lsoas_en_2011_2022_v3_2022_data,0,st_perimeter(shape),st_perimeter(shape),,FALSE,TRUE,FALSE,,,,2,2,FALSE,FALSE,,,
37901,climatejust_msoas_england_2011_shvi,0,objectid,OBJECTID,,FALSE,TRUE,FALSE,,,,2,2,FALSE,FALSE,,,
38001,climatejust_msoas_england_2011_shvi,0,msoa11cd,MSOA Code (2011),,FALSE,TRUE,TRUE,,,,2,2,FALSE,FALSE,,,
38101,climatejust_msoas_england_2011_shvi,0,msoa11nm,MSOA Name (2011),,FALSE,TRUE,TRUE,,,,2,2,FALSE,FALSE,,,
38201,climatejust_msoas_england_2011_shvi,0,bornoutsideukireland,Born outside UK/Ireland (%),,TRUE,TRUE,FALSE,,,,2,2,FALSE,FALSE,,,
38301,climatejust_msoas_england_2011_shvi,0,builtuparea_notbluespace,Built up area (% area not blue space),,TRUE,TRUE,FALSE,,,,2,2,FALSE,FALSE,,,
38401,climatejust_msoas_england_2011_shvi,0,builtuparea_notgreenspace,Built up area (% not greenspace),,TRUE,TRUE,FALSE,,,,2,2,FALSE,FALSE,,,
38501,climatejust_msoas_england_2011_shvi,0,changeinenterprises,% change in the number of enterprises,,TRUE,TRUE,FALSE,,,,2,2,FALSE,FALSE,,,
38601,climatejust_msoas_england_2011_shvi,0,distancetocoast,Distance to coast (km),,TRUE,TRUE,FALSE,,,,2,2,FALSE,FALSE,,,
38701,climatejust_msoas_england_2011_shvi,0,elevation,Elevation (m),,TRUE,TRUE,FALSE,,,,2,2,FALSE,FALSE,,,
38801,climatejust_msoas_england_2011_shvi,0,enhancedexposuretoheatindex,Enhanced exposure to heat index,,TRUE,TRUE,FALSE,,,,2,2,FALSE,FALSE,,,
38901,climatejust_msoas_england_2011_shvi,0,highrisehomes,High rise homes (% households with lowest floor 5th floor or above),,TRUE,TRUE,FALSE,,,,2,2,FALSE,FALSE,,,
39001,climatejust_msoas_england_2011_shvi,0,hospitalsbycar_lt30,Number of hospitals within 30 minutes by car,,TRUE,TRUE,FALSE,,,,2,2,FALSE,FALSE,,,
39101,climatejust_msoas_england_2011_shvi,0,hospitalsbywalktransport_lt30,Number of hospitals within 30 minutes by walk/public transport,,TRUE,TRUE,FALSE,,,,2,2,FALSE,FALSE,,,
39201,climatejust_msoas_england_2011_shvi,0,inabilitytoprepareindex,Inability to Prepare index,,TRUE,TRUE,FALSE,,,,2,2,FALSE,FALSE,,,
39301,climatejust_msoas_england_2011_shvi,0,inabilitytorecoverindex,Inability to Recover index,,TRUE,TRUE,FALSE,,,,2,2,FALSE,FALSE,,,
39401,climatejust_msoas_england_2011_shvi,0,inabilitytorespondindex,Inability to Respond index,,TRUE,TRUE,FALSE,,,,2,2,FALSE,FALSE,,,
39501,climatejust_msoas_england_2011_shvi,0,lackofcarers,Lack of carers (% people not providing unpaid care),,TRUE,TRUE,FALSE,,,,2,2,FALSE,FALSE,,,
39601,climatejust_msoas_england_2011_shvi,0,lackofdomesticgardens,Lack of domestic gardens (area of building/domestic gardens),,TRUE,TRUE,FALSE,,,,2,2,FALSE,FALSE,,,
39701,climatejust_msoas_england_2011_shvi,0,lowroaddensity,Low road density (% area not road),,TRUE,TRUE,FALSE,,,,2,2,FALSE,FALSE,,,
39801,climatejust_msoas_england_2011_shvi,0,populationtogpbycar_lt15,Number of GPs within 15 minutes by car,,TRUE,TRUE,FALSE,,,,2,2,FALSE,FALSE,,,
39901,climatejust_msoas_england_2011_shvi,0,populationtogpbywalkortrans_lt1,Number of GPs within 15 minutes by walk/public transport,,TRUE,TRUE,FALSE,,,,2,2,FALSE,FALSE,,,
40001,climatejust_msoas_england_2011_shvi,0,populationtogpbywalkortrans_mt1,% of at risk population (no car) outside of 15 minutes by walk/public transport to nearest GP,,TRUE,TRUE,FALSE,,,,2,2,FALSE,FALSE,,,
40101,climatejust_msoas_england_2011_shvi,0,populationtohospitalbycar_mt30,% of at risk population outside of 30 minutes by walk/PT to nearest hospital,,TRUE,TRUE,FALSE,,,,2,2,FALSE,FALSE,,,
40201,climatejust_msoas_england_2011_shvi,0,populationworkingawayfromhome,Working away from home (% not working at ,,TRUE,TRUE,FALSE,,,,2,2,FALSE,FALSE,,,
40301,climatejust_msoas_england_2011_shvi,0,retailunitsdensity,Density of retail units,,TRUE,TRUE,FALSE,,,,2,2,FALSE,FALSE,,,
40401,climatejust_msoas_england_2011_shvi,0,sensitivityindex,Sensitivity index,,TRUE,TRUE,FALSE,,,,2,2,FALSE,FALSE,,,
40501,climatejust_msoas_england_2011_shvi,0,singlepensioner_hh,Single pensioner households (%),,TRUE,TRUE,FALSE,,,,2,2,FALSE,FALSE,,,
40601,climatejust_msoas_england_2011_shvi,0,socialheatvulnerabilityindex,Social Heat Vulnerability Index,,TRUE,TRUE,FALSE,,,,2,2,FALSE,FALSE,,,
40701,climatejust_msoas_england_2011_shvi,0,traveltimetogpbywalkortrans,Travel time to nearest GP by walk/public transport,,TRUE,TRUE,FALSE,,,,2,2,FALSE,FALSE,,,
40801,climatejust_msoas_england_2011_shvi,0,traveltimetohospitalbycar,Travel time to nearest hospital by car,,TRUE,TRUE,FALSE,,,,2,2,FALSE,FALSE,,,
40901,climatejust_msoas_england_2011_shvi,0,traveltimetohospitalbywort,Travel time to nearest hospital by walk/public transport,,TRUE,TRUE,FALSE,,,,2,2,FALSE,FALSE,,,
41001,climatejust_msoas_england_2011_shvi,0,weeklyincome_hh,Weekly household income estimate (Â£),,TRUE,TRUE,FALSE,,,,2,2,FALSE,FALSE,,,
41101,climatejust_msoas_england_2011_shvi,0,perimeterepsg27700,Perimeter (EPSG 27700),,FALSE,TRUE,FALSE,,,,2,2,FALSE,FALSE,,,
41201,climatejust_msoas_england_2011_shvi,0,areaepsg27700,Area (EPSG 27700),,FALSE,TRUE,FALSE,,,,2,2,FALSE,FALSE,,,
41301,climatejust_msoas_england_2011_shvi,0,SHAPE__Area,SHAPE__Area,,FALSE,TRUE,FALSE,,,,2,2,FALSE,FALSE,,,
41401,climatejust_msoas_england_2011_shvi,0,st_perimeter(shape),st_perimeter(shape),,FALSE,TRUE,FALSE,,,,2,2,FALSE,FALSE,,,
41501,climatejust_grid_uk_ukcp18,0,objectid,OBJECTID,,FALSE,TRUE,FALSE,,,,2,2,FALSE,FALSE,,,
41601,climatejust_grid_uk_ukcp18,0,gridcode,Grid Code,,FALSE,TRUE,TRUE,,,,2,2,FALSE,FALSE,,,
41701,climatejust_grid_uk_ukcp18,0,tas_rcp26_2019_10p,Summer average temperature low emissions 2010-2030 10th percentile,,TRUE,TRUE,FALSE,/Summer Average Temperature/Low Emissions,,,2,2,FALSE,FALSE,,,
41801,climatejust_grid_uk_ukcp18,0,tas_rcp26_2019_50p,Summer average temperature low emissions 2010-2030 median,,TRUE,TRUE,FALSE,/Summer Average Temperature/Low Emissions,,,2,2,FALSE,FALSE,,,
41901,climatejust_grid_uk_ukcp18,0,tas_rcp26_2019_90p,Summer average temperature low emissions 2010-2030 90th percentile,,TRUE,TRUE,FALSE,/Summer Average Temperature/Low Emissions,,,2,2,FALSE,FALSE,,,
42001,climatejust_grid_uk_ukcp18,0,tas_rcp26_2049_10p,Summer average temperature low emissions 2040-2060 10th percentile,,TRUE,TRUE,FALSE,/Summer Average Temperature/Low Emissions,,,2,2,FALSE,FALSE,,,
42101,climatejust_grid_uk_ukcp18,0,tas_rcp26_2049_50p,Summer average temperature low emissions 2040-2060 median,,TRUE,TRUE,FALSE,/Summer Average Temperature/Low Emissions,,,2,2,FALSE,FALSE,,,
42201,climatejust_grid_uk_ukcp18,0,tas_rcp26_2049_90p,Summer average temperature low emissions 2040-2060 90th percentile,,TRUE,TRUE,FALSE,/Summer Average Temperature/Low Emissions,,,2,2,FALSE,FALSE,,,
42301,climatejust_grid_uk_ukcp18,0,tas_rcp26_2079_10p,Summer average temperature low emissions 2070-2090 10th percentile,,TRUE,TRUE,FALSE,/Summer Average Temperature/Low Emissions,,,2,2,FALSE,FALSE,,,
42401,climatejust_grid_uk_ukcp18,0,tas_rcp26_2079_50p,Summer average temperature low emissions 2070-2090 median,,TRUE,TRUE,FALSE,/Summer Average Temperature/Low Emissions,,,2,2,FALSE,FALSE,,,
42501,climatejust_grid_uk_ukcp18,0,tas_rcp26_2079_90p,Summer average temperature low emissions 2070-2090 90th percentile,,TRUE,TRUE,FALSE,/Summer Average Temperature/Low Emissions,,,2,2,FALSE,FALSE,,,
42601,climatejust_grid_uk_ukcp18,0,tas_rcp45_2019_10p,Summer average temperature moderate emissions 2010-2030 10th percentile,,TRUE,TRUE,FALSE,/Summer Average Temperature/Moderate Emissions,,,2,2,FALSE,FALSE,,,
42701,climatejust_grid_uk_ukcp18,0,tas_rcp45_2019_50p,Summer average temperature moderate emissions 2010-2030 median,,TRUE,TRUE,FALSE,/Summer Average Temperature/Moderate Emissions,,,2,2,FALSE,FALSE,,,
42801,climatejust_grid_uk_ukcp18,0,tas_rcp45_2019_90p,Summer average temperature moderate emissions 2010-2030 90th percentile,,TRUE,TRUE,FALSE,/Summer Average Temperature/Moderate Emissions,,,2,2,FALSE,FALSE,,,
42901,climatejust_grid_uk_ukcp18,0,tas_rcp45_2049_10p,Summer average temperature moderate emissions 2040-2060 10th percentile,,TRUE,TRUE,FALSE,/Summer Average Temperature/Moderate Emissions,,,2,2,FALSE,FALSE,,,
43001,climatejust_grid_uk_ukcp18,0,tas_rcp45_2049_50p,Summer average temperature moderate emissions 2040-2060 median,,TRUE,TRUE,FALSE,/Summer Average Temperature/Moderate Emissions,,,2,2,FALSE,FALSE,,,
43101,climatejust_grid_uk_ukcp18,0,tas_rcp45_2049_90p,Summer average temperature moderate emissions 2040-2060 90th percentile,,TRUE,TRUE,FALSE,/Summer Average Temperature/Moderate Emissions,,,2,2,FALSE,FALSE,,,
43201,climatejust_grid_uk_ukcp18,0,tas_rcp45_2079_10p,Summer average temperature moderate emissions 2070-2090 10th percentile,,TRUE,TRUE,FALSE,/Summer Average Temperature/Moderate Emissions,,,2,2,FALSE,FALSE,,,
43301,climatejust_grid_uk_ukcp18,0,tas_rcp45_2079_50p,Summer average temperature moderate emissions 2070-2090 median,,TRUE,TRUE,FALSE,/Summer Average Temperature/Moderate Emissions,,,2,2,FALSE,FALSE,,,
43401,climatejust_grid_uk_ukcp18,0,tas_rcp45_2079_90p,Summer average temperature moderate emissions 2070-2090 90th percentile,,TRUE,TRUE,FALSE,/Summer Average Temperature/Moderate Emissions,,,2,2,FALSE,FALSE,,,
43501,climatejust_grid_uk_ukcp18,0,tas_rcp60_2019_10p,Summer average temperature high emissions 2010-2030 10th percentile,,TRUE,TRUE,FALSE,/Summer Average Temperature/High Emissions,,,2,2,FALSE,FALSE,,,
43601,climatejust_grid_uk_ukcp18,0,tas_rcp60_2019_50p,Summer average temperature high emissions 2010-2030 median,,TRUE,TRUE,FALSE,/Summer Average Temperature/High Emissions,,,2,2,FALSE,FALSE,,,
43701,climatejust_grid_uk_ukcp18,0,tas_rcp60_2019_90p,Summer average temperature high emissions 2010-2030 90th percentile,,TRUE,TRUE,FALSE,/Summer Average Temperature/High Emissions,,,2,2,FALSE,FALSE,,,
43801,climatejust_grid_uk_ukcp18,0,tas_rcp60_2049_10p,Summer average temperature high emissions 2040-2060 10th percentile,,TRUE,TRUE,FALSE,/Summer Average Temperature/High Emissions,,,2,2,FALSE,FALSE,,,
43901,climatejust_grid_uk_ukcp18,0,tas_rcp60_2049_50p,Summer average temperature high emissions 2040-2060 median,,TRUE,TRUE,FALSE,/Summer Average Temperature/High Emissions,,,2,2,FALSE,FALSE,,,
44001,climatejust_grid_uk_ukcp18,0,tas_rcp60_2049_90p,Summer average temperature high emissions 2040-2060 90th percentile,,TRUE,TRUE,FALSE,/Summer Average Temperature/High Emissions,,,2,2,FALSE,FALSE,,,
44101,climatejust_grid_uk_ukcp18,0,tas_rcp60_2079_10p,Summer average temperature high emissions 2070-2090 10th percentile,,TRUE,TRUE,FALSE,/Summer Average Temperature/High Emissions,,,2,2,FALSE,FALSE,,,
44201,climatejust_grid_uk_ukcp18,0,tas_rcp60_2079_50p,Summer average temperature high emissions 2070-2090 median,,TRUE,TRUE,FALSE,/Summer Average Temperature/High Emissions,,,2,2,FALSE,FALSE,,,
44301,climatejust_grid_uk_ukcp18,0,tas_rcp60_2079_90p,Summer average temperature high emissions 2070-2090 90th percentile,,TRUE,TRUE,FALSE,/Summer Average Temperature/High Emissions,,,2,2,FALSE,FALSE,,,
44401,climatejust_grid_uk_ukcp18,0,tas_rcp85_2019_10p,Summer average temperature very high emissions 2010-2030 10th percentile,,TRUE,TRUE,FALSE,/Summer Average Temperature/Very High Emissions,,,2,2,FALSE,FALSE,,,
44501,climatejust_grid_uk_ukcp18,0,tas_rcp85_2019_50p,Summer average temperature very high emissions 2010-2030 median,,TRUE,TRUE,FALSE,/Summer Average Temperature/Very High Emissions,,,2,2,FALSE,FALSE,,,
44601,climatejust_grid_uk_ukcp18,0,tas_rcp85_2019_90p,Summer average temperature very high emissions 2010-2030 90th percentile,,TRUE,TRUE,FALSE,/Summer Average Temperature/Very High Emissions,,,2,2,FALSE,FALSE,,,
44701,climatejust_grid_uk_ukcp18,0,tas_rcp85_2049_10p,Summer average temperature very high emissions 2040-2060 10th percentile,,TRUE,TRUE,FALSE,/Summer Average Temperature/Very High Emissions,,,2,2,FALSE,FALSE,,,
44801,climatejust_grid_uk_ukcp18,0,tas_rcp85_2049_50p,Summer average temperature very high emissions 2040-2060 median,,TRUE,TRUE,FALSE,/Summer Average Temperature/Very High Emissions,,,2,2,FALSE,FALSE,,,
44901,climatejust_grid_uk_ukcp18,0,tas_rcp85_2049_90p,Summer average temperature very high emissions 2040-2060 90th percentile,,TRUE,TRUE,FALSE,/Summer Average Temperature/Very High Emissions,,,2,2,FALSE,FALSE,,,
45001,climatejust_grid_uk_ukcp18,0,tas_rcp85_2079_10p,Summer average temperature very high emissions 2070-2090 10th percentile,,TRUE,TRUE,FALSE,/Summer Average Temperature/Very High Emissions,,,2,2,FALSE,FALSE,,,
45101,climatejust_grid_uk_ukcp18,0,tas_rcp85_2079_50p,Summer average temperature very high emissions 2070-2090 median,,TRUE,TRUE,FALSE,/Summer Average Temperature/Very High Emissions,,,2,2,FALSE,FALSE,,,
45201,climatejust_grid_uk_ukcp18,0,tas_rcp85_2079_90p,Summer average temperature very high emissions 2070-2090 90th percentile,,TRUE,TRUE,FALSE,/Summer Average Temperature/Very High Emissions,,,2,2,FALSE,FALSE,,,
45301,climatejust_grid_uk_ukcp18,0,tasmax_rcp26_2019_10p,Summer average maximum temperature low emissions 2010-2030 10th percentile,,TRUE,TRUE,FALSE,/Summer Average Maximum Temperature/Low Emissions,,,2,2,FALSE,FALSE,,,
45401,climatejust_grid_uk_ukcp18,0,tasmax_rcp26_2019_50p,Summer average maximum temperature low emissions 2010-2030 median,,TRUE,TRUE,FALSE,/Summer Average Maximum Temperature/Low Emissions,,,2,2,FALSE,FALSE,,,
45501,climatejust_grid_uk_ukcp18,0,tasmax_rcp26_2019_90p,Summer average maximum temperature low emissions 2010-2030 90th percentile,,TRUE,TRUE,FALSE,/Summer Average Maximum Temperature/Low Emissions,,,2,2,FALSE,FALSE,,,
45601,climatejust_grid_uk_ukcp18,0,tasmax_rcp26_2049_10p,Summer average maximum temperature low emissions 2040-2060 10th percentile,,TRUE,TRUE,FALSE,/Summer Average Maximum Temperature/Low Emissions,,,2,2,FALSE,FALSE,,,
45701,climatejust_grid_uk_ukcp18,0,tasmax_rcp26_2049_50p,Summer average maximum temperature low emissions 2040-2060 median,,TRUE,TRUE,FALSE,/Summer Average Maximum Temperature/Low Emissions,,,2,2,FALSE,FALSE,,,
45801,climatejust_grid_uk_ukcp18,0,tasmax_rcp26_2049_90p,Summer average maximum temperature low emissions 2040-2060 90th percentile,,TRUE,TRUE,FALSE,/Summer Average Maximum Temperature/Low Emissions,,,2,2,FALSE,FALSE,,,
45901,climatejust_grid_uk_ukcp18,0,tasmax_rcp26_2079_10p,Summer average maximum temperature low emissions 2070-2090 10th percentile,,TRUE,TRUE,FALSE,/Summer Average Maximum Temperature/Low Emissions,,,2,2,FALSE,FALSE,,,
46001,climatejust_grid_uk_ukcp18,0,tasmax_rcp26_2079_50p,Summer average maximum temperature low emissions 2070-2090 median,,TRUE,TRUE,FALSE,/Summer Average Maximum Temperature/Low Emissions,,,2,2,FALSE,FALSE,,,
46101,climatejust_grid_uk_ukcp18,0,tasmax_rcp26_2079_90p,Summer average maximum temperature low emissions 2070-2090 90th percentile,,TRUE,TRUE,FALSE,/Summer Average Maximum Temperature/Low Emissions,,,2,2,FALSE,FALSE,,,
46201,climatejust_grid_uk_ukcp18,0,tasmax_rcp45_2019_10p,Summer average maximum temperature moderate emissions 2010-2030 10th percentile,,TRUE,TRUE,FALSE,/Summer Average Maximum Temperature/Moderate Emissions,,,2,2,FALSE,FALSE,,,
46301,climatejust_grid_uk_ukcp18,0,tasmax_rcp45_2019_50p,Summer average maximum temperature moderate emissions 2010-2030 median,,TRUE,TRUE,FALSE,/Summer Average Maximum Temperature/Moderate Emissions,,,2,2,FALSE,FALSE,,,
46401,climatejust_grid_uk_ukcp18,0,tasmax_rcp45_2019_90p,Summer average maximum temperature moderate emissions 2010-2030 90th percentile,,TRUE,TRUE,FALSE,/Summer Average Maximum Temperature/Moderate Emissions,,,2,2,FALSE,FALSE,,,
46501,climatejust_grid_uk_ukcp18,0,tasmax_rcp45_2049_10p,Summer average maximum temperature moderate emissions 2040-2060 10th percentile,,TRUE,TRUE,FALSE,/Summer Average Maximum Temperature/Moderate Emissions,,,2,2,FALSE,FALSE,,,
46601,climatejust_grid_uk_ukcp18,0,tasmax_rcp45_2049_50p,Summer average maximum temperature moderate emissions 2040-2060 median,,TRUE,TRUE,FALSE,/Summer Average Maximum Temperature/Moderate Emissions,,,2,2,FALSE,FALSE,,,
46701,climatejust_grid_uk_ukcp18,0,tasmax_rcp45_2049_90p,Summer average maximum temperature moderate emissions 2040-2060 90th percentile,,TRUE,TRUE,FALSE,/Summer Average Maximum Temperature/Moderate Emissions,,,2,2,FALSE,FALSE,,,
46801,climatejust_grid_uk_ukcp18,0,tasmax_rcp45_2079_10p,Summer average maximum temperature moderate emissions 2070-2090 10th percentile,,TRUE,TRUE,FALSE,/Summer Average Maximum Temperature/Moderate Emissions,,,2,2,FALSE,FALSE,,,
46901,climatejust_grid_uk_ukcp18,0,tasmax_rcp45_2079_50p,Summer average maximum temperature moderate emissions 2070-2090 median,,TRUE,TRUE,FALSE,/Summer Average Maximum Temperature/Moderate Emissions,,,2,2,FALSE,FALSE,,,
47001,climatejust_grid_uk_ukcp18,0,tasmax_rcp45_2079_90p,Summer average maximum temperature moderate emissions 2070-2090 90th percentile,,TRUE,TRUE,FALSE,/Summer Average Maximum Temperature/Moderate Emissions,,,2,2,FALSE,FALSE,,,
47101,climatejust_grid_uk_ukcp18,0,tasmax_rcp60_2019_10p,Summer average maximum temperature high emissions 2010-2030 10th percentile,,TRUE,TRUE,FALSE,/Summer Average Maximum Temperature/High Emissions,,,2,2,FALSE,FALSE,,,
47201,climatejust_grid_uk_ukcp18,0,tasmax_rcp60_2019_50p,Summer average maximum temperature high emissions 2010-2030 median,,TRUE,TRUE,FALSE,/Summer Average Maximum Temperature/High Emissions,,,2,2,FALSE,FALSE,,,
47301,climatejust_grid_uk_ukcp18,0,tasmax_rcp60_2019_90p,Summer average maximum temperature high emissions 2010-2030 90th percentile,,TRUE,TRUE,FALSE,/Summer Average Maximum Temperature/High Emissions,,,2,2,FALSE,FALSE,,,
47401,climatejust_grid_uk_ukcp18,0,tasmax_rcp60_2049_10p,Summer average maximum temperature high emissions 2040-2060 10th percentile,,TRUE,TRUE,FALSE,/Summer Average Maximum Temperature/High Emissions,,,2,2,FALSE,FALSE,,,
47501,climatejust_grid_uk_ukcp18,0,tasmax_rcp60_2049_50p,Summer average maximum temperature high emissions 2040-2060 median,,TRUE,TRUE,FALSE,/Summer Average Maximum Temperature/High Emissions,,,2,2,FALSE,FALSE,,,
47601,climatejust_grid_uk_ukcp18,0,tasmax_rcp60_2049_90p,Summer average maximum temperature high emissions 2040-2060 90th percentile,,TRUE,TRUE,FALSE,/Summer Average Maximum Temperature/High Emissions,,,2,2,FALSE,FALSE,,,
47701,climatejust_grid_uk_ukcp18,0,tasmax_rcp60_2079_10p,Summer average maximum temperature high emissions 2070-2090 10th percentile,,TRUE,TRUE,FALSE,/Summer Average Maximum Temperature/High Emissions,,,2,2,FALSE,FALSE,,,
47801,climatejust_grid_uk_ukcp18,0,tasmax_rcp60_2079_50p,Summer average maximum temperature high emissions 2070-2090 median,,TRUE,TRUE,FALSE,/Summer Average Maximum Temperature/High Emissions,,,2,2,FALSE,FALSE,,,
47901,climatejust_grid_uk_ukcp18,0,tasmax_rcp60_2079_90p,Summer average maximum temperature high emissions 2070-2090 90th percentile,,TRUE,TRUE,FALSE,/Summer Average Maximum Temperature/High Emissions,,,2,2,FALSE,FALSE,,,
48001,climatejust_grid_uk_ukcp18,0,tasmax_rcp85_2019_10p,Summer average maximum temperature very high emissions 2010-2030 10th percentile,,TRUE,TRUE,FALSE,/Summer Average Maximum Temperature/Very High Emissions,,,2,2,FALSE,FALSE,,,
48101,climatejust_grid_uk_ukcp18,0,tasmax_rcp85_2019_50p,Summer average maximum temperature very high emissions 2010-2030 median,,TRUE,TRUE,FALSE,/Summer Average Maximum Temperature/Very High Emissions,,,2,2,FALSE,FALSE,,,
48201,climatejust_grid_uk_ukcp18,0,tasmax_rcp85_2019_90p,Summer average maximum temperature very high emissions 2010-2030 90th percentile,,TRUE,TRUE,FALSE,/Summer Average Maximum Temperature/Very High Emissions,,,2,2,FALSE,FALSE,,,
48301,climatejust_grid_uk_ukcp18,0,tasmax_rcp85_2049_10p,Summer average maximum temperature very high emissions 2040-2060 10th percentile,,TRUE,TRUE,FALSE,/Summer Average Maximum Temperature/Very High Emissions,,,2,2,FALSE,FALSE,,,
48401,climatejust_grid_uk_ukcp18,0,tasmax_rcp85_2049_50p,Summer average maximum temperature very high emissions 2040-2060 median,,TRUE,TRUE,FALSE,/Summer Average Maximum Temperature/Very High Emissions,,,2,2,FALSE,FALSE,,,
48501,climatejust_grid_uk_ukcp18,0,tasmax_rcp85_2049_90p,Summer average maximum temperature very high emissions 2040-2060 90th percentile,,TRUE,TRUE,FALSE,/Summer Average Maximum Temperature/Very High Emissions,,,2,2,FALSE,FALSE,,,
48601,climatejust_grid_uk_ukcp18,0,tasmax_rcp85_2079_10p,Summer average maximum temperature very high emissions 2070-2090 10th percentile,,TRUE,TRUE,FALSE,/Summer Average Maximum Temperature/Very High Emissions,,,2,2,FALSE,FALSE,,,
48701,climatejust_grid_uk_ukcp18,0,tasmax_rcp85_2079_50p,Summer average maximum temperature very high emissions 2070-2090 median,,TRUE,TRUE,FALSE,/Summer Average Maximum Temperature/Very High Emissions,,,2,2,FALSE,FALSE,,,
48801,climatejust_grid_uk_ukcp18,0,tasmax_rcp85_2079_90p,Summer average maximum temperature very high emissions 2070-2090 90th percentile,,TRUE,TRUE,FALSE,/Summer Average Maximum Temperature/Very High Emissions,,,2,2,FALSE,FALSE,,,
48901,climatejust_grid_uk_ukcp18,0,z_all_rel_tas_rcp26_2019_10p,Summer average Relative Z-score temperature low emissions 2010-2030 10th percentile,,TRUE,TRUE,FALSE,/Summer Average Relative Z-score Temperature/Low Emissions,,,2,2,FALSE,FALSE,,,
49001,climatejust_grid_uk_ukcp18,0,z_all_rel_tas_rcp26_2019_50p,Summer average Relative Z-score temperature low emissions 2010-2030 median,,TRUE,TRUE,FALSE,/Summer Average Relative Z-score Temperature/Low Emissions,,,2,2,FALSE,FALSE,,,
49101,climatejust_grid_uk_ukcp18,0,z_all_rel_tas_rcp26_2019_90p,Summer average Relative Z-score temperature low emissions 2010-2030 90th percentile,,TRUE,TRUE,FALSE,/Summer Average Relative Z-score Temperature/Low Emissions,,,2,2,FALSE,FALSE,,,
49201,climatejust_grid_uk_ukcp18,0,z_all_rel_tas_rcp26_2049_10p,Summer average Relative Z-score temperature low emissions 2040-2060 10th percentile,,TRUE,TRUE,FALSE,/Summer Average Relative Z-score Temperature/Low Emissions,,,2,2,FALSE,FALSE,,,
49301,climatejust_grid_uk_ukcp18,0,z_all_rel_tas_rcp26_2049_50p,Summer average Relative Z-score temperature low emissions 2040-2060 median,,TRUE,TRUE,FALSE,/Summer Average Relative Z-score Temperature/Low Emissions,,,2,2,FALSE,FALSE,,,
49401,climatejust_grid_uk_ukcp18,0,z_all_rel_tas_rcp26_2049_90p,Summer average Relative Z-score temperature low emissions 2040-2060 90th percentile,,TRUE,TRUE,FALSE,/Summer Average Relative Z-score Temperature/Low Emissions,,,2,2,FALSE,FALSE,,,
49501,climatejust_grid_uk_ukcp18,0,z_all_rel_tas_rcp26_2079_10p,Summer average Relative Z-score temperature low emissions 2070-2090 10th percentile,,TRUE,TRUE,FALSE,/Summer Average Relative Z-score Temperature/Low Emissions,,,2,2,FALSE,FALSE,,,
49601,climatejust_grid_uk_ukcp18,0,z_all_rel_tas_rcp26_2079_50p,Summer average Relative Z-score temperature low emissions 2070-2090 median,,TRUE,TRUE,FALSE,/Summer Average Relative Z-score Temperature/Low Emissions,,,2,2,FALSE,FALSE,,,
49701,climatejust_grid_uk_ukcp18,0,z_all_rel_tas_rcp26_2079_90p,Summer average Relative Z-score temperature low emissions 2070-2090 90th percentile,,TRUE,TRUE,FALSE,/Summer Average Relative Z-score Temperature/Low Emissions,,,2,2,FALSE,FALSE,,,
49801,climatejust_grid_uk_ukcp18,0,z_all_rel_tas_rcp45_2019_10p,Summer average Relative Z-score temperature moderate emissions 2010-2030 10th percentile,,TRUE,TRUE,FALSE,/Summer Average Relative Z-score Temperature/Moderate Emissions,,,2,2,FALSE,FALSE,,,
49901,climatejust_grid_uk_ukcp18,0,z_all_rel_tas_rcp45_2019_50p,Summer average Relative Z-score temperature moderate emissions 2010-2030 median,,TRUE,TRUE,FALSE,/Summer Average Relative Z-score Temperature/Moderate Emissions,,,2,2,FALSE,FALSE,,,
50001,climatejust_grid_uk_ukcp18,0,z_all_rel_tas_rcp45_2019_90p,Summer average Relative Z-score temperature moderate emissions 2010-2030 90th percentile,,TRUE,TRUE,FALSE,/Summer Average Relative Z-score Temperature/Moderate Emissions,,,2,2,FALSE,FALSE,,,
50101,climatejust_grid_uk_ukcp18,0,z_all_rel_tas_rcp45_2049_10p,Summer average Relative Z-score temperature moderate emissions 2040-2060 10th percentile,,TRUE,TRUE,FALSE,/Summer Average Relative Z-score Temperature/Moderate Emissions,,,2,2,FALSE,FALSE,,,
50201,climatejust_grid_uk_ukcp18,0,z_all_rel_tas_rcp45_2049_50p,Summer average Relative Z-score temperature moderate emissions 2040-2060 median,,TRUE,TRUE,FALSE,/Summer Average Relative Z-score Temperature/Moderate Emissions,,,2,2,FALSE,FALSE,,,
50301,climatejust_grid_uk_ukcp18,0,z_all_rel_tas_rcp45_2049_90p,Summer average Relative Z-score temperature moderate emissions 2040-2060 90th percentile,,TRUE,TRUE,FALSE,/Summer Average Relative Z-score Temperature/Moderate Emissions,,,2,2,FALSE,FALSE,,,
50401,climatejust_grid_uk_ukcp18,0,z_all_rel_tas_rcp45_2079_10p,Summer average Relative Z-score temperature moderate emissions 2070-2090 10th percentile,,TRUE,TRUE,FALSE,/Summer Average Relative Z-score Temperature/Moderate Emissions,,,2,2,FALSE,FALSE,,,
50501,climatejust_grid_uk_ukcp18,0,z_all_rel_tas_rcp45_2079_50p,Summer average Relative Z-score temperature moderate emissions 2070-2090 median,,TRUE,TRUE,FALSE,/Summer Average Relative Z-score Temperature/Moderate Emissions,,,2,2,FALSE,FALSE,,,
50601,climatejust_grid_uk_ukcp18,0,z_all_rel_tas_rcp45_2079_90p,Summer average Relative Z-score temperature moderate emissions 2070-2090 90th percentile,,TRUE,TRUE,FALSE,/Summer Average Relative Z-score Temperature/Moderate Emissions,,,2,2,FALSE,FALSE,,,
50701,climatejust_grid_uk_ukcp18,0,z_all_rel_tas_rcp60_2019_10p,Summer average Relative Z-score temperature high emissions 2010-2030 10th percentile,,TRUE,TRUE,FALSE,/Summer Average Relative Z-score Temperature/High Emissions,,,2,2,FALSE,FALSE,,,
50801,climatejust_grid_uk_ukcp18,0,z_all_rel_tas_rcp60_2019_50p,Summer average Relative Z-score temperature high emissions 2010-2030 median,,TRUE,TRUE,FALSE,/Summer Average Relative Z-score Temperature/High Emissions,,,2,2,FALSE,FALSE,,,
50901,climatejust_grid_uk_ukcp18,0,z_all_rel_tas_rcp60_2019_90p,Summer average Relative Z-score temperature high emissions 2010-2030 90th percentile,,TRUE,TRUE,FALSE,/Summer Average Relative Z-score Temperature/High Emissions,,,2,2,FALSE,FALSE,,,
51001,climatejust_grid_uk_ukcp18,0,z_all_rel_tas_rcp60_2049_10p,Summer average Relative Z-score temperature high emissions 2040-2060 10th percentile,,TRUE,TRUE,FALSE,/Summer Average Relative Z-score Temperature/High Emissions,,,2,2,FALSE,FALSE,,,
51101,climatejust_grid_uk_ukcp18,0,z_all_rel_tas_rcp60_2049_50p,Summer average Relative Z-score temperature high emissions 2040-2060 median,,TRUE,TRUE,FALSE,/Summer Average Relative Z-score Temperature/High Emissions,,,2,2,FALSE,FALSE,,,
51201,climatejust_grid_uk_ukcp18,0,z_all_rel_tas_rcp60_2049_90p,Summer average Relative Z-score temperature high emissions 2040-2060 90th percentile,,TRUE,TRUE,FALSE,/Summer Average Relative Z-score Temperature/High Emissions,,,2,2,FALSE,FALSE,,,
51301,climatejust_grid_uk_ukcp18,0,z_all_rel_tas_rcp60_2079_10p,Summer average Relative Z-score temperature high emissions 2070-2090 10th percentile,,TRUE,TRUE,FALSE,/Summer Average Relative Z-score Temperature/High Emissions,,,2,2,FALSE,FALSE,,,
51401,climatejust_grid_uk_ukcp18,0,z_all_rel_tas_rcp60_2079_50p,Summer average Relative Z-score temperature high emissions 2070-2090 median,,TRUE,TRUE,FALSE,/Summer Average Relative Z-score Temperature/High Emissions,,,2,2,FALSE,FALSE,,,
51501,climatejust_grid_uk_ukcp18,0,z_all_rel_tas_rcp60_2079_90p,Summer average Relative Z-score temperature high emissions 2070-2090 90th percentile,,TRUE,TRUE,FALSE,/Summer Average Relative Z-score Temperature/High Emissions,,,2,2,FALSE,FALSE,,,
51601,climatejust_grid_uk_ukcp18,0,z_all_rel_tas_rcp85_2019_10p,Summer average Relative Z-score temperature very high emissions 2010-2030 10th percentile,,TRUE,TRUE,FALSE,/Summer Average Relative Z-score Temperature/Very High Emissions,,,2,2,FALSE,FALSE,,,
51701,climatejust_grid_uk_ukcp18,0,z_all_rel_tas_rcp85_2019_50p,Summer average Relative Z-score temperature very high emissions 2010-2030 median,,TRUE,TRUE,FALSE,/Summer Average Relative Z-score Temperature/Very High Emissions,,,2,2,FALSE,FALSE,,,
51801,climatejust_grid_uk_ukcp18,0,z_all_rel_tas_rcp85_2019_90p,Summer average Relative Z-score temperature very high emissions 2010-2030 90th percentile,,TRUE,TRUE,FALSE,/Summer Average Relative Z-score Temperature/Very High Emissions,,,2,2,FALSE,FALSE,,,
51901,climatejust_grid_uk_ukcp18,0,z_all_rel_tas_rcp85_2049_10p,Summer average Relative Z-score temperature very high emissions 2040-2060 10th percentile,,TRUE,TRUE,FALSE,/Summer Average Relative Z-score Temperature/Very High Emissions,,,2,2,FALSE,FALSE,,,
52001,climatejust_grid_uk_ukcp18,0,z_all_rel_tas_rcp85_2049_50p,Summer average Relative Z-score temperature very high emissions 2040-2060 median,,TRUE,TRUE,FALSE,/Summer Average Relative Z-score Temperature/Very High Emissions,,,2,2,FALSE,FALSE,,,
52101,climatejust_grid_uk_ukcp18,0,z_all_rel_tas_rcp85_2049_90p,Summer average Relative Z-score temperature very high emissions 2040-2060 90th percentile,,TRUE,TRUE,FALSE,/Summer Average Relative Z-score Temperature/Very High Emissions,,,2,2,FALSE,FALSE,,,
52201,climatejust_grid_uk_ukcp18,0,z_all_rel_tas_rcp85_2079_10p,Summer average Relative Z-score temperature very high emissions 2070-2090 10th percentile,,TRUE,TRUE,FALSE,/Summer Average Relative Z-score Temperature/Very High Emissions,,,2,2,FALSE,FALSE,,,
52301,climatejust_grid_uk_ukcp18,0,z_all_rel_tas_rcp85_2079_50p,Summer average Relative Z-score temperature very high emissions 2070-2090 median,,TRUE,TRUE,FALSE,/Summer Average Relative Z-score Temperature/Very High Emissions,,,2,2,FALSE,FALSE,,,
52401,climatejust_grid_uk_ukcp18,0,z_all_rel_tas_rcp85_2079_90p,Summer average Relative Z-score temperature very high emissions 2070-2090 90th percentile,,TRUE,TRUE,FALSE,/Summer Average Relative Z-score Temperature/Very High Emissions,,,2,2,FALSE,FALSE,,,
52501,climatejust_grid_uk_ukcp18,0,z_all_rel_tasmax_rcp26_2019_10p,Summer average Relative Z-score maximum temperature low emissions 2010-2030 10th percentile,,TRUE,TRUE,FALSE,/Summer Average Relative Z-score Maximum Temperature/Low Emissions,,,2,2,FALSE,FALSE,,,
52601,climatejust_grid_uk_ukcp18,0,z_all_rel_tasmax_rcp26_2019_50p,Summer average Relative Z-score maximum temperature low emissions 2010-2030 median,,TRUE,TRUE,FALSE,/Summer Average Relative Z-score Maximum Temperature/Low Emissions,,,2,2,FALSE,FALSE,,,
52701,climatejust_grid_uk_ukcp18,0,z_all_rel_tasmax_rcp26_2019_90p,Summer average Relative Z-score maximum temperature low emissions 2010-2030 90th percentile,,TRUE,TRUE,FALSE,/Summer Average Relative Z-score Maximum Temperature/Low Emissions,,,2,2,FALSE,FALSE,,,
52801,climatejust_grid_uk_ukcp18,0,z_all_rel_tasmax_rcp26_2049_10p,Summer average Relative Z-score maximum temperature low emissions 2040-2060 10th percentile,,TRUE,TRUE,FALSE,/Summer Average Relative Z-score Maximum Temperature/Low Emissions,,,2,2,FALSE,FALSE,,,
52901,climatejust_grid_uk_ukcp18,0,z_all_rel_tasmax_rcp26_2049_50p,Summer average Relative Z-score maximum temperature low emissions 2040-2060 median,,TRUE,TRUE,FALSE,/Summer Average Relative Z-score Maximum Temperature/Low Emissions,,,2,2,FALSE,FALSE,,,
53001,climatejust_grid_uk_ukcp18,0,z_all_rel_tasmax_rcp26_2049_90p,Summer average Relative Z-score maximum temperature low emissions 2040-2060 90th percentile,,TRUE,TRUE,FALSE,/Summer Average Relative Z-score Maximum Temperature/Low Emissions,,,2,2,FALSE,FALSE,,,
53101,climatejust_grid_uk_ukcp18,0,z_all_rel_tasmax_rcp26_2079_10p,Summer average Relative Z-score maximum temperature low emissions 2070-2090 10th percentile,,TRUE,TRUE,FALSE,/Summer Average Relative Z-score Maximum Temperature/Low Emissions,,,2,2,FALSE,FALSE,,,
53201,climatejust_grid_uk_ukcp18,0,z_all_rel_tasmax_rcp26_2079_50p,Summer average Relative Z-score maximum temperature low emissions 2070-2090 median,,TRUE,TRUE,FALSE,/Summer Average Relative Z-score Maximum Temperature/Low Emissions,,,2,2,FALSE,FALSE,,,
53301,climatejust_grid_uk_ukcp18,0,z_all_rel_tasmax_rcp26_2079_90p,Summer average Relative Z-score maximum temperature low emissions 2070-2090 90th percentile,,TRUE,TRUE,FALSE,/Summer Average Relative Z-score Maximum Temperature/Low Emissions,,,2,2,FALSE,FALSE,,,
53401,climatejust_grid_uk_ukcp18,0,z_all_rel_tasmax_rcp45_2019_10p,Summer average Relative Z-score maximum temperature moderate emissions 2010-2030 10th percentile,,TRUE,TRUE,FALSE,/Summer Average Relative Z-score Maximum Temperature/Moderate Emissions,,,2,2,FALSE,FALSE,,,
53501,climatejust_grid_uk_ukcp18,0,z_all_rel_tasmax_rcp45_2019_50p,Summer average Relative Z-score maximum temperature moderate emissions 2010-2030 median,,TRUE,TRUE,FALSE,/Summer Average Relative Z-score Maximum Temperature/Moderate Emissions,,,2,2,FALSE,FALSE,,,
53601,climatejust_grid_uk_ukcp18,0,z_all_rel_tasmax_rcp45_2019_90p,Summer average Relative Z-score maximum temperature moderate emissions 2010-2030 90th percentile,,TRUE,TRUE,FALSE,/Summer Average Relative Z-score Maximum Temperature/Moderate Emissions,,,2,2,FALSE,FALSE,,,
53701,climatejust_grid_uk_ukcp18,0,z_all_rel_tasmax_rcp45_2049_10p,Summer average Relative Z-score maximum temperature moderate emissions 2040-2060 10th percentile,,TRUE,TRUE,FALSE,/Summer Average Relative Z-score Maximum Temperature/Moderate Emissions,,,2,2,FALSE,FALSE,,,
53801,climatejust_grid_uk_ukcp18,0,z_all_rel_tasmax_rcp45_2049_50p,Summer average Relative Z-score maximum temperature moderate emissions 2040-2060 median,,TRUE,TRUE,FALSE,/Summer Average Relative Z-score Maximum Temperature/Moderate Emissions,,,2,2,FALSE,FALSE,,,
53901,climatejust_grid_uk_ukcp18,0,z_all_rel_tasmax_rcp45_2049_90p,Summer average Relative Z-score maximum temperature moderate emissions 2040-2060 90th percentile,,TRUE,TRUE,FALSE,/Summer Average Relative Z-score Maximum Temperature/Moderate Emissions,,,2,2,FALSE,FALSE,,,
54001,climatejust_grid_uk_ukcp18,0,z_all_rel_tasmax_rcp45_2079_10p,Summer average Relative Z-score maximum temperature moderate emissions 2070-2090 10th percentile,,TRUE,TRUE,FALSE,/Summer Average Relative Z-score Maximum Temperature/Moderate Emissions,,,2,2,FALSE,FALSE,,,
54101,climatejust_grid_uk_ukcp18,0,z_all_rel_tasmax_rcp45_2079_50p,Summer average Relative Z-score maximum temperature moderate emissions 2070-2090 median,,TRUE,TRUE,FALSE,/Summer Average Relative Z-score Maximum Temperature/Moderate Emissions,,,2,2,FALSE,FALSE,,,
54201,climatejust_grid_uk_ukcp18,0,z_all_rel_tasmax_rcp45_2079_90p,Summer average Relative Z-score maximum temperature moderate emissions 2070-2090 90th percentile,,TRUE,TRUE,FALSE,/Summer Average Relative Z-score Maximum Temperature/Moderate Emissions,,,2,2,FALSE,FALSE,,,
54301,climatejust_grid_uk_ukcp18,0,z_all_rel_tasmax_rcp60_2019_10p,Summer average Relative Z-score maximum temperature high emissions 2010-2030 10th percentile,,TRUE,TRUE,FALSE,/Summer Average Relative Z-score Maximum Temperature/High Emissions,,,2,2,FALSE,FALSE,,,
54401,climatejust_grid_uk_ukcp18,0,z_all_rel_tasmax_rcp60_2019_50p,Summer average Relative Z-score maximum temperature high emissions 2010-2030 median,,TRUE,TRUE,FALSE,/Summer Average Relative Z-score Maximum Temperature/High Emissions,,,2,2,FALSE,FALSE,,,
54501,climatejust_grid_uk_ukcp18,0,z_all_rel_tasmax_rcp60_2019_90p,Summer average Relative Z-score maximum temperature high emissions 2010-2030 90th percentile,,TRUE,TRUE,FALSE,/Summer Average Relative Z-score Maximum Temperature/High Emissions,,,2,2,FALSE,FALSE,,,
54601,climatejust_grid_uk_ukcp18,0,z_all_rel_tasmax_rcp60_2049_10p,Summer average Relative Z-score maximum temperature high emissions 2040-2060 10th percentile,,TRUE,TRUE,FALSE,/Summer Average Relative Z-score Maximum Temperature/High Emissions,,,2,2,FALSE,FALSE,,,
54701,climatejust_grid_uk_ukcp18,0,z_all_rel_tasmax_rcp60_2049_50p,Summer average Relative Z-score maximum temperature high emissions 2040-2060 median,,TRUE,TRUE,FALSE,/Summer Average Relative Z-score Maximum Temperature/High Emissions,,,2,2,FALSE,FALSE,,,
54801,climatejust_grid_uk_ukcp18,0,z_all_rel_tasmax_rcp60_2049_90p,Summer average Relative Z-score maximum temperature high emissions 2040-2060 90th percentile,,TRUE,TRUE,FALSE,/Summer Average Relative Z-score Maximum Temperature/High Emissions,,,2,2,FALSE,FALSE,,,
54901,climatejust_grid_uk_ukcp18,0,z_all_rel_tasmax_rcp60_2079_10p,Summer average Relative Z-score maximum temperature high emissions 2070-2090 10th percentile,,TRUE,TRUE,FALSE,/Summer Average Relative Z-score Maximum Temperature/High Emissions,,,2,2,FALSE,FALSE,,,
55001,climatejust_grid_uk_ukcp18,0,z_all_rel_tasmax_rcp60_2079_50p,Summer average Relative Z-score maximum temperature high emissions 2070-2090 median,,TRUE,TRUE,FALSE,/Summer Average Relative Z-score Maximum Temperature/High Emissions,,,2,2,FALSE,FALSE,,,
55101,climatejust_grid_uk_ukcp18,0,z_all_rel_tasmax_rcp60_2079_90p,Summer average Relative Z-score maximum temperature high emissions 2070-2090 90th percentile,,TRUE,TRUE,FALSE,/Summer Average Relative Z-score Maximum Temperature/High Emissions,,,2,2,FALSE,FALSE,,,
55201,climatejust_grid_uk_ukcp18,0,z_all_rel_tasmax_rcp85_2019_10p,Summer average Relative Z-score maximum temperature very high emissions 2010-2030 10th percentile,,TRUE,TRUE,FALSE,/Summer Average Relative Z-score Maximum Temperature/Very High Emissions,,,2,2,FALSE,FALSE,,,
55301,climatejust_grid_uk_ukcp18,0,z_all_rel_tasmax_rcp85_2019_50p,Summer average Relative Z-score maximum temperature very high emissions 2010-2030 median,,TRUE,TRUE,FALSE,/Summer Average Relative Z-score Maximum Temperature/Very High Emissions,,,2,2,FALSE,FALSE,,,
55401,climatejust_grid_uk_ukcp18,0,z_all_rel_tasmax_rcp85_2019_90p,Summer average Relative Z-score maximum temperature very high emissions 2010-2030 90th percentile,,TRUE,TRUE,FALSE,/Summer Average Relative Z-score Maximum Temperature/Very High Emissions,,,2,2,FALSE,FALSE,,,
55501,climatejust_grid_uk_ukcp18,0,z_all_rel_tasmax_rcp85_2049_10p,Summer average Relative Z-score maximum temperature very high emissions 2040-2060 10th percentile,,TRUE,TRUE,FALSE,/Summer Average Relative Z-score Maximum Temperature/Very High Emissions,,,2,2,FALSE,FALSE,,,
55601,climatejust_grid_uk_ukcp18,0,z_all_rel_tasmax_rcp85_2049_50p,Summer average Relative Z-score maximum temperature very high emissions 2040-2060 median,,TRUE,TRUE,FALSE,/Summer Average Relative Z-score Maximum Temperature/Very High Emissions,,,2,2,FALSE,FALSE,,,
55701,climatejust_grid_uk_ukcp18,0,z_all_rel_tasmax_rcp85_2049_90p,Summer average Relative Z-score maximum temperature very high emissions 2040-2060 90th percentile,,TRUE,TRUE,FALSE,/Summer Average Relative Z-score Maximum Temperature/Very High Emissions,,,2,2,FALSE,FALSE,,,
55801,climatejust_grid_uk_ukcp18,0,z_all_rel_tasmax_rcp85_2079_10p,Summer average Relative Z-score maximum temperature very high emissions 2070-2090 10th percentile,,TRUE,TRUE,FALSE,/Summer Average Relative Z-score Maximum Temperature/Very High Emissions,,,2,2,FALSE,FALSE,,,
55901,climatejust_grid_uk_ukcp18,0,z_all_rel_tasmax_rcp85_2079_50p,Summer average Relative Z-score maximum temperature very high emissions 2070-2090 median,,TRUE,TRUE,FALSE,/Summer Average Relative Z-score Maximum Temperature/Very High Emissions,,,2,2,FALSE,FALSE,,,
56001,climatejust_grid_uk_ukcp18,0,z_all_rel_tasmax_rcp85_2079_90p,Summer average Relative Z-score maximum temperature very high emissions 2070-2090 90th percentile,,TRUE,TRUE,FALSE,/Summer Average Relative Z-score Maximum Temperature/Very High Emissions,,,2,2,FALSE,FALSE,,,
56101,climatejust_grid_uk_ukcp18,0,tasmax_rcp26_rp20_2020_10p,Summer extreme maximum temperature low emissions 20 year return period 2020 10th percentile,,TRUE,TRUE,FALSE,/Summer Extreme Maximum Temperature/Low Emissions,,,2,2,FALSE,FALSE,,,
56201,climatejust_grid_uk_ukcp18,0,tasmax_rcp26_rp20_2020_50p,Summer extreme maximum temperature low emissions 20 year return period 2020 median,,TRUE,TRUE,FALSE,/Summer Extreme Maximum Temperature/Low Emissions,,,2,2,FALSE,FALSE,,,
56301,climatejust_grid_uk_ukcp18,0,tasmax_rcp26_rp20_2020_90p,Summer extreme maximum temperature low emissions 20 year return period 2020 90th percentile,,TRUE,TRUE,FALSE,/Summer Extreme Maximum Temperature/Low Emissions,,,2,2,FALSE,FALSE,,,
56401,climatejust_grid_uk_ukcp18,0,tasmax_rcp26_rp20_2050_10p,Summer extreme maximum temperature low emissions 20 year return period 2050 10th percentile,,TRUE,TRUE,FALSE,/Summer Extreme Maximum Temperature/Low Emissions,,,2,2,FALSE,FALSE,,,
56501,climatejust_grid_uk_ukcp18,0,tasmax_rcp26_rp20_2050_50p,Summer extreme maximum temperature low emissions 20 year return period 2050 median,,TRUE,TRUE,FALSE,/Summer Extreme Maximum Temperature/Low Emissions,,,2,2,FALSE,FALSE,,,
56601,climatejust_grid_uk_ukcp18,0,tasmax_rcp26_rp20_2050_90p,Summer extreme maximum temperature low emissions 20 year return period 2050 90th percentile,,TRUE,TRUE,FALSE,/Summer Extreme Maximum Temperature/Low Emissions,,,2,2,FALSE,FALSE,,,
56701,climatejust_grid_uk_ukcp18,0,tasmax_rcp26_rp20_2080_10p,Summer extreme maximum temperature low emissions 20 year return period 2080 10th percentile,,TRUE,TRUE,FALSE,/Summer Extreme Maximum Temperature/Low Emissions,,,2,2,FALSE,FALSE,,,
56801,climatejust_grid_uk_ukcp18,0,tasmax_rcp26_rp20_2080_50p,Summer extreme maximum temperature low emissions 20 year return period 2080 median,,TRUE,TRUE,FALSE,/Summer Extreme Maximum Temperature/Low Emissions,,,2,2,FALSE,FALSE,,,
56901,climatejust_grid_uk_ukcp18,0,tasmax_rcp26_rp20_2080_90p,Summer extreme maximum temperature low emissions 20 year return period 2080 90th percentile,,TRUE,TRUE,FALSE,/Summer Extreme Maximum Temperature/Low Emissions,,,2,2,FALSE,FALSE,,,
57001,climatejust_grid_uk_ukcp18,0,tasmax_rcp26_rp50_2020_10p,Summer extreme maximum temperature low emissions 50 year return period 2020 10th percentile,,TRUE,TRUE,FALSE,/Summer Extreme Maximum Temperature/Low Emissions,,,2,2,FALSE,FALSE,,,
57101,climatejust_grid_uk_ukcp18,0,tasmax_rcp26_rp50_2020_50p,Summer extreme maximum temperature low emissions 50 year return period 2020 median,,TRUE,TRUE,FALSE,/Summer Extreme Maximum Temperature/Low Emissions,,,2,2,FALSE,FALSE,,,
57201,climatejust_grid_uk_ukcp18,0,tasmax_rcp26_rp50_2020_90p,Summer extreme maximum temperature low emissions 50 year return period 2020 90th percentile,,TRUE,TRUE,FALSE,/Summer Extreme Maximum Temperature/Low Emissions,,,2,2,FALSE,FALSE,,,
57301,climatejust_grid_uk_ukcp18,0,tasmax_rcp26_rp50_2050_10p,Summer extreme maximum temperature low emissions 50 year return period 2050 10th percentile,,TRUE,TRUE,FALSE,/Summer Extreme Maximum Temperature/Low Emissions,,,2,2,FALSE,FALSE,,,
57401,climatejust_grid_uk_ukcp18,0,tasmax_rcp26_rp50_2050_50p,Summer extreme maximum temperature low emissions 50 year return period 2050 median,,TRUE,TRUE,FALSE,/Summer Extreme Maximum Temperature/Low Emissions,,,2,2,FALSE,FALSE,,,
57501,climatejust_grid_uk_ukcp18,0,tasmax_rcp26_rp50_2050_90p,Summer extreme maximum temperature low emissions 50 year return period 2050 90th percentile,,TRUE,TRUE,FALSE,/Summer Extreme Maximum Temperature/Low Emissions,,,2,2,FALSE,FALSE,,,
57601,climatejust_grid_uk_ukcp18,0,tasmax_rcp26_rp50_2080_10p,Summer extreme maximum temperature low emissions 50 year return period 2080 10th percentile,,TRUE,TRUE,FALSE,/Summer Extreme Maximum Temperature/Low Emissions,,,2,2,FALSE,FALSE,,,
57701,climatejust_grid_uk_ukcp18,0,tasmax_rcp26_rp50_2080_50p,Summer extreme maximum temperature low emissions 50 year return period 2080 median,,TRUE,TRUE,FALSE,/Summer Extreme Maximum Temperature/Low Emissions,,,2,2,FALSE,FALSE,,,
57801,climatejust_grid_uk_ukcp18,0,tasmax_rcp26_rp50_2080_90p,Summer extreme maximum temperature low emissions 50 year return period 2080 90th percentile,,TRUE,TRUE,FALSE,/Summer Extreme Maximum Temperature/Low Emissions,,,2,2,FALSE,FALSE,,,
57901,climatejust_grid_uk_ukcp18,0,tasmax_rcp26_rp100_2020_10p,Summer extreme maximum temperature low emissions 100 year return period 2020 10th percentile,,TRUE,TRUE,FALSE,/Summer Extreme Maximum Temperature/Low Emissions,,,2,2,FALSE,FALSE,,,
58001,climatejust_grid_uk_ukcp18,0,tasmax_rcp26_rp100_2020_50p,Summer extreme maximum temperature low emissions 100 year return period 2020 median,,TRUE,TRUE,FALSE,/Summer Extreme Maximum Temperature/Low Emissions,,,2,2,FALSE,FALSE,,,
58101,climatejust_grid_uk_ukcp18,0,tasmax_rcp26_rp100_2020_90p,Summer extreme maximum temperature low emissions 100 year return period 2020 90th percentile,,TRUE,TRUE,FALSE,/Summer Extreme Maximum Temperature/Low Emissions,,,2,2,FALSE,FALSE,,,
58201,climatejust_grid_uk_ukcp18,0,tasmax_rcp26_rp100_2050_10p,Summer extreme maximum temperature low emissions 100 year return period 2050 10th percentile,,TRUE,TRUE,FALSE,/Summer Extreme Maximum Temperature/Low Emissions,,,2,2,FALSE,FALSE,,,
58301,climatejust_grid_uk_ukcp18,0,tasmax_rcp26_rp100_2050_50p,Summer extreme maximum temperature low emissions 100 year return period 2050 median,,TRUE,TRUE,FALSE,/Summer Extreme Maximum Temperature/Low Emissions,,,2,2,FALSE,FALSE,,,
58401,climatejust_grid_uk_ukcp18,0,tasmax_rcp26_rp100_2050_90p,Summer extreme maximum temperature low emissions 100 year return period 2050 90th percentile,,TRUE,TRUE,FALSE,/Summer Extreme Maximum Temperature/Low Emissions,,,2,2,FALSE,FALSE,,,
58501,climatejust_grid_uk_ukcp18,0,tasmax_rcp26_rp100_2080_10p,Summer extreme maximum temperature low emissions 100 year return period 2080 10th percentile,,TRUE,TRUE,FALSE,/Summer Extreme Maximum Temperature/Low Emissions,,,2,2,FALSE,FALSE,,,
58601,climatejust_grid_uk_ukcp18,0,tasmax_rcp26_rp100_2080_50p,Summer extreme maximum temperature low emissions 100 year return period 2080 median,,TRUE,TRUE,FALSE,/Summer Extreme Maximum Temperature/Low Emissions,,,2,2,FALSE,FALSE,,,
58701,climatejust_grid_uk_ukcp18,0,tasmax_rcp26_rp100_2080_90p,Summer extreme maximum temperature low emissions 100 year return period 2080 90th percentile,,TRUE,TRUE,FALSE,/Summer Extreme Maximum Temperature/Low Emissions,,,2,2,FALSE,FALSE,,,
58801,climatejust_grid_uk_ukcp18,0,tasmax_rcp45_rp20_2020_10p,Summer extreme maximum temperature moderate emissions 20 year return period 2020 10th percentile,,TRUE,TRUE,FALSE,/Summer Extreme Maximum Temperature/Moderate Emissions,,,2,2,FALSE,FALSE,,,
58901,climatejust_grid_uk_ukcp18,0,tasmax_rcp45_rp20_2020_50p,Summer extreme maximum temperature moderate emissions 20 year return period 2020 median,,TRUE,TRUE,FALSE,/Summer Extreme Maximum Temperature/Moderate Emissions,,,2,2,FALSE,FALSE,,,
59001,climatejust_grid_uk_ukcp18,0,tasmax_rcp45_rp20_2020_90p,Summer extreme maximum temperature moderate emissions 20 year return period 2020 90th percentile,,TRUE,TRUE,FALSE,/Summer Extreme Maximum Temperature/Moderate Emissions,,,2,2,FALSE,FALSE,,,
59101,climatejust_grid_uk_ukcp18,0,tasmax_rcp45_rp20_2050_10p,Summer extreme maximum temperature moderate emissions 20 year return period 2050 10th percentile,,TRUE,TRUE,FALSE,/Summer Extreme Maximum Temperature/Moderate Emissions,,,2,2,FALSE,FALSE,,,
59201,climatejust_grid_uk_ukcp18,0,tasmax_rcp45_rp20_2050_50p,Summer extreme maximum temperature moderate emissions 20 year return period 2050 median,,TRUE,TRUE,FALSE,/Summer Extreme Maximum Temperature/Moderate Emissions,,,2,2,FALSE,FALSE,,,
59301,climatejust_grid_uk_ukcp18,0,tasmax_rcp45_rp20_2050_90p,Summer extreme maximum temperature moderate emissions 20 year return period 2050 90th percentile,,TRUE,TRUE,FALSE,/Summer Extreme Maximum Temperature/Moderate Emissions,,,2,2,FALSE,FALSE,,,
59401,climatejust_grid_uk_ukcp18,0,tasmax_rcp45_rp20_2080_10p,Summer extreme maximum temperature moderate emissions 20 year return period 2080 10th percentile,,TRUE,TRUE,FALSE,/Summer Extreme Maximum Temperature/Moderate Emissions,,,2,2,FALSE,FALSE,,,
59501,climatejust_grid_uk_ukcp18,0,tasmax_rcp45_rp20_2080_50p,Summer extreme maximum temperature moderate emissions 20 year return period 2080 median,,TRUE,TRUE,FALSE,/Summer Extreme Maximum Temperature/Moderate Emissions,,,2,2,FALSE,FALSE,,,
59601,climatejust_grid_uk_ukcp18,0,tasmax_rcp45_rp20_2080_90p,Summer extreme maximum temperature moderate emissions 20 year return period 2080 90th percentile,,TRUE,TRUE,FALSE,/Summer Extreme Maximum Temperature/Moderate Emissions,,,2,2,FALSE,FALSE,,,
59701,climatejust_grid_uk_ukcp18,0,tasmax_rcp45_rp50_2020_10p,Summer extreme maximum temperature moderate emissions 50 year return period 2020 10th percentile,,TRUE,TRUE,FALSE,/Summer Extreme Maximum Temperature/Moderate Emissions,,,2,2,FALSE,FALSE,,,
59801,climatejust_grid_uk_ukcp18,0,tasmax_rcp45_rp50_2020_50p,Summer extreme maximum temperature moderate emissions 50 year return period 2020 median,,TRUE,TRUE,FALSE,/Summer Extreme Maximum Temperature/Moderate Emissions,,,2,2,FALSE,FALSE,,,
59901,climatejust_grid_uk_ukcp18,0,tasmax_rcp45_rp50_2020_90p,Summer extreme maximum temperature moderate emissions 50 year return period 2020 90th percentile,,TRUE,TRUE,FALSE,/Summer Extreme Maximum Temperature/Moderate Emissions,,,2,2,FALSE,FALSE,,,
60001,climatejust_grid_uk_ukcp18,0,tasmax_rcp45_rp50_2050_10p,Summer extreme maximum temperature moderate emissions 50 year return period 2050 10th percentile,,TRUE,TRUE,FALSE,/Summer Extreme Maximum Temperature/Moderate Emissions,,,2,2,FALSE,FALSE,,,
60101,climatejust_grid_uk_ukcp18,0,tasmax_rcp45_rp50_2050_50p,Summer extreme maximum temperature moderate emissions 50 year return period 2050 median,,TRUE,TRUE,FALSE,/Summer Extreme Maximum Temperature/Moderate Emissions,,,2,2,FALSE,FALSE,,,
60201,climatejust_grid_uk_ukcp18,0,tasmax_rcp45_rp50_2050_90p,Summer extreme maximum temperature moderate emissions 50 year return period 2050 90th percentile,,TRUE,TRUE,FALSE,/Summer Extreme Maximum Temperature/Moderate Emissions,,,2,2,FALSE,FALSE,,,
60301,climatejust_grid_uk_ukcp18,0,tasmax_rcp45_rp50_2080_10p,Summer extreme maximum temperature moderate emissions 50 year return period 2080 10th percentile,,TRUE,TRUE,FALSE,/Summer Extreme Maximum Temperature/Moderate Emissions,,,2,2,FALSE,FALSE,,,
60401,climatejust_grid_uk_ukcp18,0,tasmax_rcp45_rp50_2080_50p,Summer extreme maximum temperature moderate emissions 50 year return period 2080 median,,TRUE,TRUE,FALSE,/Summer Extreme Maximum Temperature/Moderate Emissions,,,2,2,FALSE,FALSE,,,
60501,climatejust_grid_uk_ukcp18,0,tasmax_rcp45_rp50_2080_90p,Summer extreme maximum temperature moderate emissions 50 year return period 2080 90th percentile,,TRUE,TRUE,FALSE,/Summer Extreme Maximum Temperature/Moderate Emissions,,,2,2,FALSE,FALSE,,,
60601,climatejust_grid_uk_ukcp18,0,tasmax_rcp45_rp100_2020_10p,Summer extreme maximum temperature moderate emissions 100 year return period 2020 10th percentile,,TRUE,TRUE,FALSE,/Summer Extreme Maximum Temperature/Moderate Emissions,,,2,2,FALSE,FALSE,,,
60701,climatejust_grid_uk_ukcp18,0,tasmax_rcp45_rp100_2020_50p,Summer extreme maximum temperature moderate emissions 100 year return period 2020 median,,TRUE,TRUE,FALSE,/Summer Extreme Maximum Temperature/Moderate Emissions,,,2,2,FALSE,FALSE,,,
60801,climatejust_grid_uk_ukcp18,0,tasmax_rcp45_rp100_2020_90p,Summer extreme maximum temperature moderate emissions 100 year return period 2020 90th percentile,,TRUE,TRUE,FALSE,/Summer Extreme Maximum Temperature/Moderate Emissions,,,2,2,FALSE,FALSE,,,
60901,climatejust_grid_uk_ukcp18,0,tasmax_rcp45_rp100_2050_10p,Summer extreme maximum temperature moderate emissions 100 year return period 2050 10th percentile,,TRUE,TRUE,FALSE,/Summer Extreme Maximum Temperature/Moderate Emissions,,,2,2,FALSE,FALSE,,,
61001,climatejust_grid_uk_ukcp18,0,tasmax_rcp45_rp100_2050_50p,Summer extreme maximum temperature moderate emissions 100 year return period 2050 median,,TRUE,TRUE,FALSE,/Summer Extreme Maximum Temperature/Moderate Emissions,,,2,2,FALSE,FALSE,,,
61101,climatejust_grid_uk_ukcp18,0,tasmax_rcp45_rp100_2050_90p,Summer extreme maximum temperature moderate emissions 100 year return period 2050 90th percentile,,TRUE,TRUE,FALSE,/Summer Extreme Maximum Temperature/Moderate Emissions,,,2,2,FALSE,FALSE,,,
61201,climatejust_grid_uk_ukcp18,0,tasmax_rcp45_rp100_2080_10p,Summer extreme maximum temperature moderate emissions 100 year return period 2080 10th percentile,,TRUE,TRUE,FALSE,/Summer Extreme Maximum Temperature/Moderate Emissions,,,2,2,FALSE,FALSE,,,
61301,climatejust_grid_uk_ukcp18,0,tasmax_rcp45_rp100_2080_50p,Summer extreme maximum temperature moderate emissions 100 year return period 2080 median,,TRUE,TRUE,FALSE,/Summer Extreme Maximum Temperature/Moderate Emissions,,,2,2,FALSE,FALSE,,,
61401,climatejust_grid_uk_ukcp18,0,tasmax_rcp45_rp100_2080_90p,Summer extreme maximum temperature moderate emissions 100 year return period 2080 90th percentile,,TRUE,TRUE,FALSE,/Summer Extreme Maximum Temperature/Moderate Emissions,,,2,2,FALSE,FALSE,,,
61501,climatejust_grid_uk_ukcp18,0,tasmax_rcp60_rp20_2020_10p,Summer extreme maximum temperature high emissions 20 year return period 2020 10th percentile,,TRUE,TRUE,FALSE,/Summer Extreme Maximum Temperature/High Emissions,,,2,2,FALSE,FALSE,,,
61601,climatejust_grid_uk_ukcp18,0,tasmax_rcp60_rp20_2020_50p,Summer extreme maximum temperature high emissions 20 year return period 2020 median,,TRUE,TRUE,FALSE,/Summer Extreme Maximum Temperature/High Emissions,,,2,2,FALSE,FALSE,,,
61701,climatejust_grid_uk_ukcp18,0,tasmax_rcp60_rp20_2020_90p,Summer extreme maximum temperature high emissions 20 year return period 2020 90th percentile,,TRUE,TRUE,FALSE,/Summer Extreme Maximum Temperature/High Emissions,,,2,2,FALSE,FALSE,,,
61801,climatejust_grid_uk_ukcp18,0,tasmax_rcp60_rp20_2050_10p,Summer extreme maximum temperature high emissions 20 year return period 2050 10th percentile,,TRUE,TRUE,FALSE,/Summer Extreme Maximum Temperature/High Emissions,,,2,2,FALSE,FALSE,,,
61901,climatejust_grid_uk_ukcp18,0,tasmax_rcp60_rp20_2050_50p,Summer extreme maximum temperature high emissions 20 year return period 2050 median,,TRUE,TRUE,FALSE,/Summer Extreme Maximum Temperature/High Emissions,,,2,2,FALSE,FALSE,,,
62001,climatejust_grid_uk_ukcp18,0,tasmax_rcp60_rp20_2050_90p,Summer extreme maximum temperature high emissions 20 year return period 2050 90th percentile,,TRUE,TRUE,FALSE,/Summer Extreme Maximum Temperature/High Emissions,,,2,2,FALSE,FALSE,,,
62101,climatejust_grid_uk_ukcp18,0,tasmax_rcp60_rp20_2080_10p,Summer extreme maximum temperature high emissions 20 year return period 2080 10th percentile,,TRUE,TRUE,FALSE,/Summer Extreme Maximum Temperature/High Emissions,,,2,2,FALSE,FALSE,,,
62201,climatejust_grid_uk_ukcp18,0,tasmax_rcp60_rp20_2080_50p,Summer extreme maximum temperature high emissions 20 year return period 2080 median,,TRUE,TRUE,FALSE,/Summer Extreme Maximum Temperature/High Emissions,,,2,2,FALSE,FALSE,,,
62301,climatejust_grid_uk_ukcp18,0,tasmax_rcp60_rp20_2080_90p,Summer extreme maximum temperature high emissions 20 year return period 2080 90th percentile,,TRUE,TRUE,FALSE,/Summer Extreme Maximum Temperature/High Emissions,,,2,2,FALSE,FALSE,,,
62401,climatejust_grid_uk_ukcp18,0,tasmax_rcp60_rp50_2020_10p,Summer extreme maximum temperature high emissions 50 year return period 2020 10th percentile,,TRUE,TRUE,FALSE,/Summer Extreme Maximum Temperature/High Emissions,,,2,2,FALSE,FALSE,,,
62501,climatejust_grid_uk_ukcp18,0,tasmax_rcp60_rp50_2020_50p,Summer extreme maximum temperature high emissions 50 year return period 2020 median,,TRUE,TRUE,FALSE,/Summer Extreme Maximum Temperature/High Emissions,,,2,2,FALSE,FALSE,,,
62601,climatejust_grid_uk_ukcp18,0,tasmax_rcp60_rp50_2020_90p,Summer extreme maximum temperature high emissions 50 year return period 2020 90th percentile,,TRUE,TRUE,FALSE,/Summer Extreme Maximum Temperature/High Emissions,,,2,2,FALSE,FALSE,,,
62701,climatejust_grid_uk_ukcp18,0,tasmax_rcp60_rp50_2050_10p,Summer extreme maximum temperature high emissions 50 year return period 2050 10th percentile,,TRUE,TRUE,FALSE,/Summer Extreme Maximum Temperature/High Emissions,,,2,2,FALSE,FALSE,,,
62801,climatejust_grid_uk_ukcp18,0,tasmax_rcp60_rp50_2050_50p,Summer extreme maximum temperature high emissions 50 year return period 2050 median,,TRUE,TRUE,FALSE,/Summer Extreme Maximum Temperature/High Emissions,,,2,2,FALSE,FALSE,,,
62901,climatejust_grid_uk_ukcp18,0,tasmax_rcp60_rp50_2050_90p,Summer extreme maximum temperature high emissions 50 year return period 2050 90th percentile,,TRUE,TRUE,FALSE,/Summer Extreme Maximum Temperature/High Emissions,,,2,2,FALSE,FALSE,,,
63001,climatejust_grid_uk_ukcp18,0,tasmax_rcp60_rp50_2080_10p,Summer extreme maximum temperature high emissions 50 year return period 2080 10th percentile,,TRUE,TRUE,FALSE,/Summer Extreme Maximum Temperature/High Emissions,,,2,2,FALSE,FALSE,,,
63101,climatejust_grid_uk_ukcp18,0,tasmax_rcp60_rp50_2080_50p,Summer extreme maximum temperature high emissions 50 year return period 2080 median,,TRUE,TRUE,FALSE,/Summer Extreme Maximum Temperature/High Emissions,,,2,2,FALSE,FALSE,,,
63201,climatejust_grid_uk_ukcp18,0,tasmax_rcp60_rp50_2080_90p,Summer extreme maximum temperature high emissions 50 year return period 2080 90th percentile,,TRUE,TRUE,FALSE,/Summer Extreme Maximum Temperature/High Emissions,,,2,2,FALSE,FALSE,,,
63301,climatejust_grid_uk_ukcp18,0,tasmax_rcp60_rp100_2020_10p,Summer extreme maximum temperature high emissions 100 year return period 2020 10th percentile,,TRUE,TRUE,FALSE,/Summer Extreme Maximum Temperature/High Emissions,,,2,2,FALSE,FALSE,,,
63401,climatejust_grid_uk_ukcp18,0,tasmax_rcp60_rp100_2020_50p,Summer extreme maximum temperature high emissions 100 year return period 2020 median,,TRUE,TRUE,FALSE,/Summer Extreme Maximum Temperature/High Emissions,,,2,2,FALSE,FALSE,,,
63501,climatejust_grid_uk_ukcp18,0,tasmax_rcp60_rp100_2020_90p,Summer extreme maximum temperature high emissions 100 year return period 2020 90th percentile,,TRUE,TRUE,FALSE,/Summer Extreme Maximum Temperature/High Emissions,,,2,2,FALSE,FALSE,,,
63601,climatejust_grid_uk_ukcp18,0,tasmax_rcp60_rp100_2050_10p,Summer extreme maximum temperature high emissions 100 year return period 2050 10th percentile,,TRUE,TRUE,FALSE,/Summer Extreme Maximum Temperature/High Emissions,,,2,2,FALSE,FALSE,,,
63701,climatejust_grid_uk_ukcp18,0,tasmax_rcp60_rp100_2050_50p,Summer extreme maximum temperature high emissions 100 year return period 2050 median,,TRUE,TRUE,FALSE,/Summer Extreme Maximum Temperature/High Emissions,,,2,2,FALSE,FALSE,,,
63801,climatejust_grid_uk_ukcp18,0,tasmax_rcp60_rp100_2050_90p,Summer extreme maximum temperature high emissions 100 year return period 2050 90th percentile,,TRUE,TRUE,FALSE,/Summer Extreme Maximum Temperature/High Emissions,,,2,2,FALSE,FALSE,,,
63901,climatejust_grid_uk_ukcp18,0,tasmax_rcp60_rp100_2080_10p,Summer extreme maximum temperature high emissions 100 year return period 2080 10th percentile,,TRUE,TRUE,FALSE,/Summer Extreme Maximum Temperature/High Emissions,,,2,2,FALSE,FALSE,,,
64001,climatejust_grid_uk_ukcp18,0,tasmax_rcp60_rp100_2080_50p,Summer extreme maximum temperature high emissions 100 year return period 2080 median,,TRUE,TRUE,FALSE,/Summer Extreme Maximum Temperature/High Emissions,,,2,2,FALSE,FALSE,,,
64101,climatejust_grid_uk_ukcp18,0,tasmax_rcp60_rp100_2080_90p,Summer extreme maximum temperature high emissions 100 year return period 2080 90th percentile,,TRUE,TRUE,FALSE,/Summer Extreme Maximum Temperature/High Emissions,,,2,2,FALSE,FALSE,,,
64201,climatejust_grid_uk_ukcp18,0,tasmax_rcp85_rp20_2020_10p,Summer extreme maximum temperature very high emissions 20 year return period 2020 10th percentile,,TRUE,TRUE,FALSE,/Summer Extreme Maximum Temperature/Very High Emissions,,,2,2,FALSE,FALSE,,,
64301,climatejust_grid_uk_ukcp18,0,tasmax_rcp85_rp20_2020_50p,Summer extreme maximum temperature very high emissions 20 year return period 2020 median,,TRUE,TRUE,FALSE,/Summer Extreme Maximum Temperature/Very High Emissions,,,2,2,FALSE,FALSE,,,
64401,climatejust_grid_uk_ukcp18,0,tasmax_rcp85_rp20_2020_90p,Summer extreme maximum temperature very high emissions 20 year return period 2020 90th percentile,,TRUE,TRUE,FALSE,/Summer Extreme Maximum Temperature/Very High Emissions,,,2,2,FALSE,FALSE,,,
64501,climatejust_grid_uk_ukcp18,0,tasmax_rcp85_rp20_2050_10p,Summer extreme maximum temperature very high emissions 20 year return period 2050 10th percentile,,TRUE,TRUE,FALSE,/Summer Extreme Maximum Temperature/Very High Emissions,,,2,2,FALSE,FALSE,,,
64601,climatejust_grid_uk_ukcp18,0,tasmax_rcp85_rp20_2050_50p,Summer extreme maximum temperature very high emissions 20 year return period 2050 median,,TRUE,TRUE,FALSE,/Summer Extreme Maximum Temperature/Very High Emissions,,,2,2,FALSE,FALSE,,,
64701,climatejust_grid_uk_ukcp18,0,tasmax_rcp85_rp20_2050_90p,Summer extreme maximum temperature very high emissions 20 year return period 2050 90th percentile,,TRUE,TRUE,FALSE,/Summer Extreme Maximum Temperature/Very High Emissions,,,2,2,FALSE,FALSE,,,
64801,climatejust_grid_uk_ukcp18,0,tasmax_rcp85_rp20_2080_10p,Summer extreme maximum temperature very high emissions 20 year return period 2080 10th percentile,,TRUE,TRUE,FALSE,/Summer Extreme Maximum Temperature/Very High Emissions,,,2,2,FALSE,FALSE,,,
64901,climatejust_grid_uk_ukcp18,0,tasmax_rcp85_rp20_2080_50p,Summer extreme maximum temperature very high emissions 20 year return period 2080 median,,TRUE,TRUE,FALSE,/Summer Extreme Maximum Temperature/Very High Emissions,,,2,2,FALSE,FALSE,,,
65001,climatejust_grid_uk_ukcp18,0,tasmax_rcp85_rp20_2080_90p,Summer extreme maximum temperature very high emissions 20 year return period 2080 90th percentile,,TRUE,TRUE,FALSE,/Summer Extreme Maximum Temperature/Very High Emissions,,,2,2,FALSE,FALSE,,,
65101,climatejust_grid_uk_ukcp18,0,tasmax_rcp85_rp50_2020_10p,Summer extreme maximum temperature very high emissions 50 year return period 2020 10th percentile,,TRUE,TRUE,FALSE,/Summer Extreme Maximum Temperature/Very High Emissions,,,2,2,FALSE,FALSE,,,
65201,climatejust_grid_uk_ukcp18,0,tasmax_rcp85_rp50_2020_50p,Summer extreme maximum temperature very high emissions 50 year return period 2020 median,,TRUE,TRUE,FALSE,/Summer Extreme Maximum Temperature/Very High Emissions,,,2,2,FALSE,FALSE,,,
65301,climatejust_grid_uk_ukcp18,0,tasmax_rcp85_rp50_2020_90p,Summer extreme maximum temperature very high emissions 50 year return period 2020 90th percentile,,TRUE,TRUE,FALSE,/Summer Extreme Maximum Temperature/Very High Emissions,,,2,2,FALSE,FALSE,,,
65401,climatejust_grid_uk_ukcp18,0,tasmax_rcp85_rp50_2050_10p,Summer extreme maximum temperature very high emissions 50 year return period 2050 10th percentile,,TRUE,TRUE,FALSE,/Summer Extreme Maximum Temperature/Very High Emissions,,,2,2,FALSE,FALSE,,,
65501,climatejust_grid_uk_ukcp18,0,tasmax_rcp85_rp50_2050_50p,Summer extreme maximum temperature very high emissions 50 year return period 2050 median,,TRUE,TRUE,FALSE,/Summer Extreme Maximum Temperature/Very High Emissions,,,2,2,FALSE,FALSE,,,
65601,climatejust_grid_uk_ukcp18,0,tasmax_rcp85_rp50_2050_90p,Summer extreme maximum temperature very high emissions 50 year return period 2050 90th percentile,,TRUE,TRUE,FALSE,/Summer Extreme Maximum Temperature/Very High Emissions,,,2,2,FALSE,FALSE,,,
65701,climatejust_grid_uk_ukcp18,0,tasmax_rcp85_rp50_2080_10p,Summer extreme maximum temperature very high emissions 50 year return period 2080 10th percentile,,TRUE,TRUE,FALSE,/Summer Extreme Maximum Temperature/Very High Emissions,,,2,2,FALSE,FALSE,,,
65801,climatejust_grid_uk_ukcp18,0,tasmax_rcp85_rp50_2080_50p,Summer extreme maximum temperature very high emissions 50 year return period 2080 median,,TRUE,TRUE,FALSE,/Summer Extreme Maximum Temperature/Very High Emissions,,,2,2,FALSE,FALSE,,,
65901,climatejust_grid_uk_ukcp18,0,tasmax_rcp85_rp50_2080_90p,Summer extreme maximum temperature very high emissions 50 year return period 2080 90th percentile,,TRUE,TRUE,FALSE,/Summer Extreme Maximum Temperature/Very High Emissions,,,2,2,FALSE,FALSE,,,
66001,climatejust_grid_uk_ukcp18,0,tasmax_rcp85_rp100_2020_10p,Summer extreme maximum temperature very high emissions 100 year return period 2020 10th percentile,,TRUE,TRUE,FALSE,/Summer Extreme Maximum Temperature/Very High Emissions,,,2,2,FALSE,FALSE,,,
66101,climatejust_grid_uk_ukcp18,0,tasmax_rcp85_rp100_2020_50p,Summer extreme maximum temperature very high emissions 100 year return period 2020 median,,TRUE,TRUE,FALSE,/Summer Extreme Maximum Temperature/Very High Emissions,,,2,2,FALSE,FALSE,,,
66201,climatejust_grid_uk_ukcp18,0,tasmax_rcp85_rp100_2020_90p,Summer extreme maximum temperature very high emissions 100 year return period 2020 90th percentile,,TRUE,TRUE,FALSE,/Summer Extreme Maximum Temperature/Very High Emissions,,,2,2,FALSE,FALSE,,,
66301,climatejust_grid_uk_ukcp18,0,tasmax_rcp85_rp100_2050_10p,Summer extreme maximum temperature very high emissions 100 year return period 2050 10th percentile,,TRUE,TRUE,FALSE,/Summer Extreme Maximum Temperature/Very High Emissions,,,2,2,FALSE,FALSE,,,
66401,climatejust_grid_uk_ukcp18,0,tasmax_rcp85_rp100_2050_50p,Summer extreme maximum temperature very high emissions 100 year return period 2050 median,,TRUE,TRUE,FALSE,/Summer Extreme Maximum Temperature/Very High Emissions,,,2,2,FALSE,FALSE,,,
66501,climatejust_grid_uk_ukcp18,0,tasmax_rcp85_rp100_2050_90p,Summer extreme maximum temperature very high emissions 100 year return period 2050 90th percentile,,TRUE,TRUE,FALSE,/Summer Extreme Maximum Temperature/Very High Emissions,,,2,2,FALSE,FALSE,,,
66601,climatejust_grid_uk_ukcp18,0,tasmax_rcp85_rp100_2080_10p,Summer extreme maximum temperature very high emissions 100 year return period 2080 10th percentile,,TRUE,TRUE,FALSE,/Summer Extreme Maximum Temperature/Very High Emissions,,,2,2,FALSE,FALSE,,,
66701,climatejust_grid_uk_ukcp18,0,tasmax_rcp85_rp100_2080_50p,Summer extreme maximum temperature very high emissions 100 year return period 2080 median,,TRUE,TRUE,FALSE,/Summer Extreme Maximum Temperature/Very High Emissions,,,2,2,FALSE,FALSE,,,
66801,climatejust_grid_uk_ukcp18,0,tasmax_rcp85_rp100_2080_90p,Summer extreme maximum temperature very high emissions 100 year return period 2080 90th percentile,,TRUE,TRUE,FALSE,/Summer Extreme Maximum Temperature/Very High Emissions,,,2,2,FALSE,FALSE,,,
66901,climatejust_grid_uk_ukcp18,0,z_ar_tasmax_rcp26_rp20_2020_10p,Summer extreme Relative Z-score maximum temperature low emissions 20 year return period 2020 10th percentile,,TRUE,TRUE,FALSE,/Summer Extreme Relative Z-score Maximum Temperature/Low Emissions,,,2,2,FALSE,FALSE,,,
67001,climatejust_grid_uk_ukcp18,0,z_ar_tasmax_rcp26_rp20_2020_50p,Summer extreme Relative Z-score maximum temperature low emissions 20 year return period 2020 median,,TRUE,TRUE,FALSE,/Summer Extreme Relative Z-score Maximum Temperature/Low Emissions,,,2,2,FALSE,FALSE,,,
67101,climatejust_grid_uk_ukcp18,0,z_ar_tasmax_rcp26_rp20_2020_90p,Summer extreme Relative Z-score maximum temperature low emissions 20 year return period 2020 90th percentile,,TRUE,TRUE,FALSE,/Summer Extreme Relative Z-score Maximum Temperature/Low Emissions,,,2,2,FALSE,FALSE,,,
67201,climatejust_grid_uk_ukcp18,0,z_ar_tasmax_rcp26_rp20_2050_10p,Summer extreme Relative Z-score maximum temperature low emissions 20 year return period 2050 10th percentile,,TRUE,TRUE,FALSE,/Summer Extreme Relative Z-score Maximum Temperature/Low Emissions,,,2,2,FALSE,FALSE,,,
67301,climatejust_grid_uk_ukcp18,0,z_ar_tasmax_rcp26_rp20_2050_50p,Summer extreme Relative Z-score maximum temperature low emissions 20 year return period 2050 median,,TRUE,TRUE,FALSE,/Summer Extreme Relative Z-score Maximum Temperature/Low Emissions,,,2,2,FALSE,FALSE,,,
67401,climatejust_grid_uk_ukcp18,0,z_ar_tasmax_rcp26_rp20_2050_90p,Summer extreme Relative Z-score maximum temperature low emissions 20 year return period 2050 90th percentile,,TRUE,TRUE,FALSE,/Summer Extreme Relative Z-score Maximum Temperature/Low Emissions,,,2,2,FALSE,FALSE,,,
67501,climatejust_grid_uk_ukcp18,0,z_ar_tasmax_rcp26_rp20_2080_10p,Summer extreme Relative Z-score maximum temperature low emissions 20 year return period 2080 10th percentile,,TRUE,TRUE,FALSE,/Summer Extreme Relative Z-score Maximum Temperature/Low Emissions,,,2,2,FALSE,FALSE,,,
67601,climatejust_grid_uk_ukcp18,0,z_ar_tasmax_rcp26_rp20_2080_50p,Summer extreme Relative Z-score maximum temperature low emissions 20 year return period 2080 median,,TRUE,TRUE,FALSE,/Summer Extreme Relative Z-score Maximum Temperature/Low Emissions,,,2,2,FALSE,FALSE,,,
67701,climatejust_grid_uk_ukcp18,0,z_ar_tasmax_rcp26_rp20_2080_90p,Summer extreme Relative Z-score maximum temperature low emissions 20 year return period 2080 90th percentile,,TRUE,TRUE,FALSE,/Summer Extreme Relative Z-score Maximum Temperature/Low Emissions,,,2,2,FALSE,FALSE,,,
67801,climatejust_grid_uk_ukcp18,0,z_ar_tasmax_rcp26_rp50_2020_10p,Summer extreme Relative Z-score maximum temperature low emissions 50 year return period 2020 10th percentile,,TRUE,TRUE,FALSE,/Summer Extreme Relative Z-score Maximum Temperature/Low Emissions,,,2,2,FALSE,FALSE,,,
67901,climatejust_grid_uk_ukcp18,0,z_ar_tasmax_rcp26_rp50_2020_50p,Summer extreme Relative Z-score maximum temperature low emissions 50 year return period 2020 median,,TRUE,TRUE,FALSE,/Summer Extreme Relative Z-score Maximum Temperature/Low Emissions,,,2,2,FALSE,FALSE,,,
68001,climatejust_grid_uk_ukcp18,0,z_ar_tasmax_rcp26_rp50_2020_90p,Summer extreme Relative Z-score maximum temperature low emissions 50 year return period 2020 90th percentile,,TRUE,TRUE,FALSE,/Summer Extreme Relative Z-score Maximum Temperature/Low Emissions,,,2,2,FALSE,FALSE,,,
68101,climatejust_grid_uk_ukcp18,0,z_ar_tasmax_rcp26_rp50_2050_10p,Summer extreme Relative Z-score maximum temperature low emissions 50 year return period 2050 10th percentile,,TRUE,TRUE,FALSE,/Summer Extreme Relative Z-score Maximum Temperature/Low Emissions,,,2,2,FALSE,FALSE,,,
68201,climatejust_grid_uk_ukcp18,0,z_ar_tasmax_rcp26_rp50_2050_50p,Summer extreme Relative Z-score maximum temperature low emissions 50 year return period 2050 median,,TRUE,TRUE,FALSE,/Summer Extreme Relative Z-score Maximum Temperature/Low Emissions,,,2,2,FALSE,FALSE,,,
68301,climatejust_grid_uk_ukcp18,0,z_ar_tasmax_rcp26_rp50_2050_90p,Summer extreme Relative Z-score maximum temperature low emissions 50 year return period 2050 90th percentile,,TRUE,TRUE,FALSE,/Summer Extreme Relative Z-score Maximum Temperature/Low Emissions,,,2,2,FALSE,FALSE,,,
68401,climatejust_grid_uk_ukcp18,0,z_ar_tasmax_rcp26_rp50_2080_10p,Summer extreme Relative Z-score maximum temperature low emissions 50 year return period 2080 10th percentile,,TRUE,TRUE,FALSE,/Summer Extreme Relative Z-score Maximum Temperature/Low Emissions,,,2,2,FALSE,FALSE,,,
68501,climatejust_grid_uk_ukcp18,0,z_ar_tasmax_rcp26_rp50_2080_50p,Summer extreme Relative Z-score maximum temperature low emissions 50 year return period 2080 median,,TRUE,TRUE,FALSE,/Summer Extreme Relative Z-score Maximum Temperature/Low Emissions,,,2,2,FALSE,FALSE,,,
68601,climatejust_grid_uk_ukcp18,0,z_ar_tasmax_rcp26_rp50_2080_90p,Summer extreme Relative Z-score maximum temperature low emissions 50 year return period 2080 90th percentile,,TRUE,TRUE,FALSE,/Summer Extreme Relative Z-score Maximum Temperature/Low Emissions,,,2,2,FALSE,FALSE,,,
68701,climatejust_grid_uk_ukcp18,0,z_ar_tasmax_rcp26_rp100_2020_10,Summer extreme Relative Z-score maximum temperature low emissions 100 year return period 2020 10th percentile,,TRUE,TRUE,FALSE,/Summer Extreme Relative Z-score Maximum Temperature/Low Emissions,,,2,2,FALSE,FALSE,,,
68801,climatejust_grid_uk_ukcp18,0,z_ar_tasmax_rcp26_rp100_2020_50,Summer extreme Relative Z-score maximum temperature low emissions 100 year return period 2020 median,,TRUE,TRUE,FALSE,/Summer Extreme Relative Z-score Maximum Temperature/Low Emissions,,,2,2,FALSE,FALSE,,,
68901,climatejust_grid_uk_ukcp18,0,z_ar_tasmax_rcp26_rp100_2020_90,Summer extreme Relative Z-score maximum temperature low emissions 100 year return period 2020 90th percentile,,TRUE,TRUE,FALSE,/Summer Extreme Relative Z-score Maximum Temperature/Low Emissions,,,2,2,FALSE,FALSE,,,
69001,climatejust_grid_uk_ukcp18,0,z_ar_tasmax_rcp26_rp100_2050_10,Summer extreme Relative Z-score maximum temperature low emissions 100 year return period 2050 10th percentile,,TRUE,TRUE,FALSE,/Summer Extreme Relative Z-score Maximum Temperature/Low Emissions,,,2,2,FALSE,FALSE,,,
69101,climatejust_grid_uk_ukcp18,0,z_ar_tasmax_rcp26_rp100_2050_50,Summer extreme Relative Z-score maximum temperature low emissions 100 year return period 2050 median,,TRUE,TRUE,FALSE,/Summer Extreme Relative Z-score Maximum Temperature/Low Emissions,,,2,2,FALSE,FALSE,,,
69201,climatejust_grid_uk_ukcp18,0,z_ar_tasmax_rcp26_rp100_2050_90,Summer extreme Relative Z-score maximum temperature low emissions 100 year return period 2050 90th percentile,,TRUE,TRUE,FALSE,/Summer Extreme Relative Z-score Maximum Temperature/Low Emissions,,,2,2,FALSE,FALSE,,,
69301,climatejust_grid_uk_ukcp18,0,z_ar_tasmax_rcp26_rp100_2080_10,Summer extreme Relative Z-score maximum temperature low emissions 100 year return period 2080 10th percentile,,TRUE,TRUE,FALSE,/Summer Extreme Relative Z-score Maximum Temperature/Low Emissions,,,2,2,FALSE,FALSE,,,
69401,climatejust_grid_uk_ukcp18,0,z_ar_tasmax_rcp26_rp100_2080_50,Summer extreme Relative Z-score maximum temperature low emissions 100 year return period 2080 median,,TRUE,TRUE,FALSE,/Summer Extreme Relative Z-score Maximum Temperature/Low Emissions,,,2,2,FALSE,FALSE,,,
69501,climatejust_grid_uk_ukcp18,0,z_ar_tasmax_rcp26_rp100_2080_90,Summer extreme Relative Z-score maximum temperature low emissions 100 year return period 2080 90th percentile,,TRUE,TRUE,FALSE,/Summer Extreme Relative Z-score Maximum Temperature/Low Emissions,,,2,2,FALSE,FALSE,,,
69601,climatejust_grid_uk_ukcp18,0,z_ar_tasmax_rcp45_rp20_2020_10p,Summer extreme Relative Z-score maximum temperature moderate emissions 20 year return period 2020 10th percentile,,TRUE,TRUE,FALSE,/Summer Extreme Relative Z-score Maximum Temperature/Moderate Emissions,,,2,2,FALSE,FALSE,,,
69701,climatejust_grid_uk_ukcp18,0,z_ar_tasmax_rcp45_rp20_2020_50p,Summer extreme Relative Z-score maximum temperature moderate emissions 20 year return period 2020 median,,TRUE,TRUE,FALSE,/Summer Extreme Relative Z-score Maximum Temperature/Moderate Emissions,,,2,2,FALSE,FALSE,,,
69801,climatejust_grid_uk_ukcp18,0,z_ar_tasmax_rcp45_rp20_2020_90p,Summer extreme Relative Z-score maximum temperature moderate emissions 20 year return period 2020 90th percentile,,TRUE,TRUE,FALSE,/Summer Extreme Relative Z-score Maximum Temperature/Moderate Emissions,,,2,2,FALSE,FALSE,,,
69901,climatejust_grid_uk_ukcp18,0,z_ar_tasmax_rcp45_rp20_2050_10p,Summer extreme Relative Z-score maximum temperature moderate emissions 20 year return period 2050 10th percentile,,TRUE,TRUE,FALSE,/Summer Extreme Relative Z-score Maximum Temperature/Moderate Emissions,,,2,2,FALSE,FALSE,,,
70001,climatejust_grid_uk_ukcp18,0,z_ar_tasmax_rcp45_rp20_2050_50p,Summer extreme Relative Z-score maximum temperature moderate emissions 20 year return period 2050 median,,TRUE,TRUE,FALSE,/Summer Extreme Relative Z-score Maximum Temperature/Moderate Emissions,,,2,2,FALSE,FALSE,,,
70101,climatejust_grid_uk_ukcp18,0,z_ar_tasmax_rcp45_rp20_2050_90p,Summer extreme Relative Z-score maximum temperature moderate emissions 20 year return period 2050 90th percentile,,TRUE,TRUE,FALSE,/Summer Extreme Relative Z-score Maximum Temperature/Moderate Emissions,,,2,2,FALSE,FALSE,,,
70201,climatejust_grid_uk_ukcp18,0,z_ar_tasmax_rcp45_rp20_2080_10p,Summer extreme Relative Z-score maximum temperature moderate emissions 20 year return period 2080 10th percentile,,TRUE,TRUE,FALSE,/Summer Extreme Relative Z-score Maximum Temperature/Moderate Emissions,,,2,2,FALSE,FALSE,,,
70301,climatejust_grid_uk_ukcp18,0,z_ar_tasmax_rcp45_rp20_2080_50p,Summer extreme Relative Z-score maximum temperature moderate emissions 20 year return period 2080 median,,TRUE,TRUE,FALSE,/Summer Extreme Relative Z-score Maximum Temperature/Moderate Emissions,,,2,2,FALSE,FALSE,,,
70401,climatejust_grid_uk_ukcp18,0,z_ar_tasmax_rcp45_rp20_2080_90p,Summer extreme Relative Z-score maximum temperature moderate emissions 20 year return period 2080 90th percentile,,TRUE,TRUE,FALSE,/Summer Extreme Relative Z-score Maximum Temperature/Moderate Emissions,,,2,2,FALSE,FALSE,,,
70501,climatejust_grid_uk_ukcp18,0,z_ar_tasmax_rcp45_rp50_2020_10p,Summer extreme Relative Z-score maximum temperature moderate emissions 50 year return period 2020 10th percentile,,TRUE,TRUE,FALSE,/Summer Extreme Relative Z-score Maximum Temperature/Moderate Emissions,,,2,2,FALSE,FALSE,,,
70601,climatejust_grid_uk_ukcp18,0,z_ar_tasmax_rcp45_rp50_2020_50p,Summer extreme Relative Z-score maximum temperature moderate emissions 50 year return period 2020 median,,TRUE,TRUE,FALSE,/Summer Extreme Relative Z-score Maximum Temperature/Moderate Emissions,,,2,2,FALSE,FALSE,,,
70701,climatejust_grid_uk_ukcp18,0,z_ar_tasmax_rcp45_rp50_2020_90p,Summer extreme Relative Z-score maximum temperature moderate emissions 50 year return period 2020 90th percentile,,TRUE,TRUE,FALSE,/Summer Extreme Relative Z-score Maximum Temperature/Moderate Emissions,,,2,2,FALSE,FALSE,,,
70801,climatejust_grid_uk_ukcp18,0,z_ar_tasmax_rcp45_rp50_2050_10p,Summer extreme Relative Z-score maximum temperature moderate emissions 50 year return period 2050 10th percentile,,TRUE,TRUE,FALSE,/Summer Extreme Relative Z-score Maximum Temperature/Moderate Emissions,,,2,2,FALSE,FALSE,,,
70901,climatejust_grid_uk_ukcp18,0,z_ar_tasmax_rcp45_rp50_2050_50p,Summer extreme Relative Z-score maximum temperature moderate emissions 50 year return period 2050 median,,TRUE,TRUE,FALSE,/Summer Extreme Relative Z-score Maximum Temperature/Moderate Emissions,,,2,2,FALSE,FALSE,,,
71001,climatejust_grid_uk_ukcp18,0,z_ar_tasmax_rcp45_rp50_2050_90p,Summer extreme Relative Z-score maximum temperature moderate emissions 50 year return period 2050 90th percentile,,TRUE,TRUE,FALSE,/Summer Extreme Relative Z-score Maximum Temperature/Moderate Emissions,,,2,2,FALSE,FALSE,,,
71101,climatejust_grid_uk_ukcp18,0,z_ar_tasmax_rcp45_rp50_2080_10p,Summer extreme Relative Z-score maximum temperature moderate emissions 50 year return period 2080 10th percentile,,TRUE,TRUE,FALSE,/Summer Extreme Relative Z-score Maximum Temperature/Moderate Emissions,,,2,2,FALSE,FALSE,,,
71201,climatejust_grid_uk_ukcp18,0,z_ar_tasmax_rcp45_rp50_2080_50p,Summer extreme Relative Z-score maximum temperature moderate emissions 50 year return period 2080 median,,TRUE,TRUE,FALSE,/Summer Extreme Relative Z-score Maximum Temperature/Moderate Emissions,,,2,2,FALSE,FALSE,,,
71301,climatejust_grid_uk_ukcp18,0,z_ar_tasmax_rcp45_rp50_2080_90p,Summer extreme Relative Z-score maximum temperature moderate emissions 50 year return period 2080 90th percentile,,TRUE,TRUE,FALSE,/Summer Extreme Relative Z-score Maximum Temperature/Moderate Emissions,,,2,2,FALSE,FALSE,,,
71401,climatejust_grid_uk_ukcp18,0,z_ar_tasmax_rcp45_rp100_2020_10,Summer extreme Relative Z-score maximum temperature moderate emissions 100 year return period 2020 10th percentile,,TRUE,TRUE,FALSE,/Summer Extreme Relative Z-score Maximum Temperature/Moderate Emissions,,,2,2,FALSE,FALSE,,,
71501,climatejust_grid_uk_ukcp18,0,z_ar_tasmax_rcp45_rp100_2020_50,Summer extreme Relative Z-score maximum temperature moderate emissions 100 year return period 2020 median,,TRUE,TRUE,FALSE,/Summer Extreme Relative Z-score Maximum Temperature/Moderate Emissions,,,2,2,FALSE,FALSE,,,
71601,climatejust_grid_uk_ukcp18,0,z_ar_tasmax_rcp45_rp100_2020_90,Summer extreme Relative Z-score maximum temperature moderate emissions 100 year return period 2020 90th percentile,,TRUE,TRUE,FALSE,/Summer Extreme Relative Z-score Maximum Temperature/Moderate Emissions,,,2,2,FALSE,FALSE,,,
71701,climatejust_grid_uk_ukcp18,0,z_ar_tasmax_rcp45_rp100_2050_10,Summer extreme Relative Z-score maximum temperature moderate emissions 100 year return period 2050 10th percentile,,TRUE,TRUE,FALSE,/Summer Extreme Relative Z-score Maximum Temperature/Moderate Emissions,,,2,2,FALSE,FALSE,,,
71801,climatejust_grid_uk_ukcp18,0,z_ar_tasmax_rcp45_rp100_2050_50,Summer extreme Relative Z-score maximum temperature moderate emissions 100 year return period 2050 median,,TRUE,TRUE,FALSE,/Summer Extreme Relative Z-score Maximum Temperature/Moderate Emissions,,,2,2,FALSE,FALSE,,,
71901,climatejust_grid_uk_ukcp18,0,z_ar_tasmax_rcp45_rp100_2050_90,Summer extreme Relative Z-score maximum temperature moderate emissions 100 year return period 2050 90th percentile,,TRUE,TRUE,FALSE,/Summer Extreme Relative Z-score Maximum Temperature/Moderate Emissions,,,2,2,FALSE,FALSE,,,
72001,climatejust_grid_uk_ukcp18,0,z_ar_tasmax_rcp45_rp100_2080_10,Summer extreme Relative Z-score maximum temperature moderate emissions 100 year return period 2080 10th percentile,,TRUE,TRUE,FALSE,/Summer Extreme Relative Z-score Maximum Temperature/Moderate Emissions,,,2,2,FALSE,FALSE,,,
72101,climatejust_grid_uk_ukcp18,0,z_ar_tasmax_rcp45_rp100_2080_50,Summer extreme Relative Z-score maximum temperature moderate emissions 100 year return period 2080 median,,TRUE,TRUE,FALSE,/Summer Extreme Relative Z-score Maximum Temperature/Moderate Emissions,,,2,2,FALSE,FALSE,,,
72201,climatejust_grid_uk_ukcp18,0,z_ar_tasmax_rcp45_rp100_2080_90,Summer extreme Relative Z-score maximum temperature moderate emissions 100 year return period 2080 90th percentile,,TRUE,TRUE,FALSE,/Summer Extreme Relative Z-score Maximum Temperature/Moderate Emissions,,,2,2,FALSE,FALSE,,,
72301,climatejust_grid_uk_ukcp18,0,z_ar_tasmax_rcp60_rp20_2020_10p,Summer extreme Relative Z-score maximum temperature high emissions 20 year return period 2020 10th percentile,,TRUE,TRUE,FALSE,/Summer Extreme Relative Z-score Maximum Temperature/High Emissions,,,2,2,FALSE,FALSE,,,
72401,climatejust_grid_uk_ukcp18,0,z_ar_tasmax_rcp60_rp20_2020_50p,Summer extreme Relative Z-score maximum temperature high emissions 20 year return period 2020 median,,TRUE,TRUE,FALSE,/Summer Extreme Relative Z-score Maximum Temperature/High Emissions,,,2,2,FALSE,FALSE,,,
72501,climatejust_grid_uk_ukcp18,0,z_ar_tasmax_rcp60_rp20_2020_90p,Summer extreme Relative Z-score maximum temperature high emissions 20 year return period 2020 90th percentile,,TRUE,TRUE,FALSE,/Summer Extreme Relative Z-score Maximum Temperature/High Emissions,,,2,2,FALSE,FALSE,,,
72601,climatejust_grid_uk_ukcp18,0,z_ar_tasmax_rcp60_rp20_2050_10p,Summer extreme Relative Z-score maximum temperature high emissions 20 year return period 2050 10th percentile,,TRUE,TRUE,FALSE,/Summer Extreme Relative Z-score Maximum Temperature/High Emissions,,,2,2,FALSE,FALSE,,,
72701,climatejust_grid_uk_ukcp18,0,z_ar_tasmax_rcp60_rp20_2050_50p,Summer extreme Relative Z-score maximum temperature high emissions 20 year return period 2050 median,,TRUE,TRUE,FALSE,/Summer Extreme Relative Z-score Maximum Temperature/High Emissions,,,2,2,FALSE,FALSE,,,
72801,climatejust_grid_uk_ukcp18,0,z_ar_tasmax_rcp60_rp20_2050_90p,Summer extreme Relative Z-score maximum temperature high emissions 20 year return period 2050 90th percentile,,TRUE,TRUE,FALSE,/Summer Extreme Relative Z-score Maximum Temperature/High Emissions,,,2,2,FALSE,FALSE,,,
72901,climatejust_grid_uk_ukcp18,0,z_ar_tasmax_rcp60_rp20_2080_10p,Summer extreme Relative Z-score maximum temperature high emissions 20 year return period 2080 10th percentile,,TRUE,TRUE,FALSE,/Summer Extreme Relative Z-score Maximum Temperature/High Emissions,,,2,2,FALSE,FALSE,,,
73001,climatejust_grid_uk_ukcp18,0,z_ar_tasmax_rcp60_rp20_2080_50p,Summer extreme Relative Z-score maximum temperature high emissions 20 year return period 2080 median,,TRUE,TRUE,FALSE,/Summer Extreme Relative Z-score Maximum Temperature/High Emissions,,,2,2,FALSE,FALSE,,,
73101,climatejust_grid_uk_ukcp18,0,z_ar_tasmax_rcp60_rp20_2080_90p,Summer extreme Relative Z-score maximum temperature high emissions 20 year return period 2080 90th percentile,,TRUE,TRUE,FALSE,/Summer Extreme Relative Z-score Maximum Temperature/High Emissions,,,2,2,FALSE,FALSE,,,
73201,climatejust_grid_uk_ukcp18,0,z_ar_tasmax_rcp60_rp50_2020_10p,Summer extreme Relative Z-score maximum temperature high emissions 50 year return period 2020 10th percentile,,TRUE,TRUE,FALSE,/Summer Extreme Relative Z-score Maximum Temperature/High Emissions,,,2,2,FALSE,FALSE,,,
73301,climatejust_grid_uk_ukcp18,0,z_ar_tasmax_rcp60_rp50_2020_50p,Summer extreme Relative Z-score maximum temperature high emissions 50 year return period 2020 median,,TRUE,TRUE,FALSE,/Summer Extreme Relative Z-score Maximum Temperature/High Emissions,,,2,2,FALSE,FALSE,,,
73401,climatejust_grid_uk_ukcp18,0,z_ar_tasmax_rcp60_rp50_2020_90p,Summer extreme Relative Z-score maximum temperature high emissions 50 year return period 2020 90th percentile,,TRUE,TRUE,FALSE,/Summer Extreme Relative Z-score Maximum Temperature/High Emissions,,,2,2,FALSE,FALSE,,,
73501,climatejust_grid_uk_ukcp18,0,z_ar_tasmax_rcp60_rp50_2050_10p,Summer extreme Relative Z-score maximum temperature high emissions 50 year return period 2050 10th percentile,,TRUE,TRUE,FALSE,/Summer Extreme Relative Z-score Maximum Temperature/High Emissions,,,2,2,FALSE,FALSE,,,
73601,climatejust_grid_uk_ukcp18,0,z_ar_tasmax_rcp60_rp50_2050_50p,Summer extreme Relative Z-score maximum temperature high emissions 50 year return period 2050 median,,TRUE,TRUE,FALSE,/Summer Extreme Relative Z-score Maximum Temperature/High Emissions,,,2,2,FALSE,FALSE,,,
73701,climatejust_grid_uk_ukcp18,0,z_ar_tasmax_rcp60_rp50_2050_90p,Summer extreme Relative Z-score maximum temperature high emissions 50 year return period 2050 90th percentile,,TRUE,TRUE,FALSE,/Summer Extreme Relative Z-score Maximum Temperature/High Emissions,,,2,2,FALSE,FALSE,,,
73801,climatejust_grid_uk_ukcp18,0,z_ar_tasmax_rcp60_rp50_2080_10p,Summer extreme Relative Z-score maximum temperature high emissions 50 year return period 2080 10th percentile,,TRUE,TRUE,FALSE,/Summer Extreme Relative Z-score Maximum Temperature/High Emissions,,,2,2,FALSE,FALSE,,,
73901,climatejust_grid_uk_ukcp18,0,z_ar_tasmax_rcp60_rp50_2080_50p,Summer extreme Relative Z-score maximum temperature high emissions 50 year return period 2080 median,,TRUE,TRUE,FALSE,/Summer Extreme Relative Z-score Maximum Temperature/High Emissions,,,2,2,FALSE,FALSE,,,
74001,climatejust_grid_uk_ukcp18,0,z_ar_tasmax_rcp60_rp50_2080_90p,Summer extreme Relative Z-score maximum temperature high emissions 50 year return period 2080 90th percentile,,TRUE,TRUE,FALSE,/Summer Extreme Relative Z-score Maximum Temperature/High Emissions,,,2,2,FALSE,FALSE,,,
74101,climatejust_grid_uk_ukcp18,0,z_ar_tasmax_rcp60_rp100_2020_10,Summer extreme Relative Z-score maximum temperature high emissions 100 year return period 2020 10th percentile,,TRUE,TRUE,FALSE,/Summer Extreme Relative Z-score Maximum Temperature/High Emissions,,,2,2,FALSE,FALSE,,,
74201,climatejust_grid_uk_ukcp18,0,z_ar_tasmax_rcp60_rp100_2020_50,Summer extreme Relative Z-score maximum temperature high emissions 100 year return period 2020 median,,TRUE,TRUE,FALSE,/Summer Extreme Relative Z-score Maximum Temperature/High Emissions,,,2,2,FALSE,FALSE,,,
74301,climatejust_grid_uk_ukcp18,0,z_ar_tasmax_rcp60_rp100_2020_90,Summer extreme Relative Z-score maximum temperature high emissions 100 year return period 2020 90th percentile,,TRUE,TRUE,FALSE,/Summer Extreme Relative Z-score Maximum Temperature/High Emissions,,,2,2,FALSE,FALSE,,,
74401,climatejust_grid_uk_ukcp18,0,z_ar_tasmax_rcp60_rp100_2050_10,Summer extreme Relative Z-score maximum temperature high emissions 100 year return period 2050 10th percentile,,TRUE,TRUE,FALSE,/Summer Extreme Relative Z-score Maximum Temperature/High Emissions,,,2,2,FALSE,FALSE,,,
74501,climatejust_grid_uk_ukcp18,0,z_ar_tasmax_rcp60_rp100_2050_50,Summer extreme Relative Z-score maximum temperature high emissions 100 year return period 2050 median,,TRUE,TRUE,FALSE,/Summer Extreme Relative Z-score Maximum Temperature/High Emissions,,,2,2,FALSE,FALSE,,,
74601,climatejust_grid_uk_ukcp18,0,z_ar_tasmax_rcp60_rp100_2050_90,Summer extreme Relative Z-score maximum temperature high emissions 100 year return period 2050 90th percentile,,TRUE,TRUE,FALSE,/Summer Extreme Relative Z-score Maximum Temperature/High Emissions,,,2,2,FALSE,FALSE,,,
74701,climatejust_grid_uk_ukcp18,0,z_ar_tasmax_rcp60_rp100_2080_10,Summer extreme Relative Z-score maximum temperature high emissions 100 year return period 2080 10th percentile,,TRUE,TRUE,FALSE,/Summer Extreme Relative Z-score Maximum Temperature/High Emissions,,,2,2,FALSE,FALSE,,,
74801,climatejust_grid_uk_ukcp18,0,z_ar_tasmax_rcp60_rp100_2080_50,Summer extreme Relative Z-score maximum temperature high emissions 100 year return period 2080 median,,TRUE,TRUE,FALSE,/Summer Extreme Relative Z-score Maximum Temperature/High Emissions,,,2,2,FALSE,FALSE,,,
74901,climatejust_grid_uk_ukcp18,0,z_ar_tasmax_rcp60_rp100_2080_90,Summer extreme Relative Z-score maximum temperature high emissions 100 year return period 2080 90th percentile,,TRUE,TRUE,FALSE,/Summer Extreme Relative Z-score Maximum Temperature/High Emissions,,,2,2,FALSE,FALSE,,,
75001,climatejust_grid_uk_ukcp18,0,z_ar_tasmax_rcp85_rp20_2020_10p,Summer extreme Relative Z-score maximum temperature very high emissions 20 year return period 2020 10th percentile,,TRUE,TRUE,FALSE,/Summer Extreme Relative Z-score Maximum Temperature/Very High Emissions,,,2,2,FALSE,FALSE,,,
75101,climatejust_grid_uk_ukcp18,0,z_ar_tasmax_rcp85_rp20_2020_50p,Summer extreme Relative Z-score maximum temperature very high emissions 20 year return period 2020 median,,TRUE,TRUE,FALSE,/Summer Extreme Relative Z-score Maximum Temperature/Very High Emissions,,,2,2,FALSE,FALSE,,,
75201,climatejust_grid_uk_ukcp18,0,z_ar_tasmax_rcp85_rp20_2020_90p,Summer extreme Relative Z-score maximum temperature very high emissions 20 year return period 2020 90th percentile,,TRUE,TRUE,FALSE,/Summer Extreme Relative Z-score Maximum Temperature/Very High Emissions,,,2,2,FALSE,FALSE,,,
75301,climatejust_grid_uk_ukcp18,0,z_ar_tasmax_rcp85_rp20_2050_10p,Summer extreme Relative Z-score maximum temperature very high emissions 20 year return period 2050 10th percentile,,TRUE,TRUE,FALSE,/Summer Extreme Relative Z-score Maximum Temperature/Very High Emissions,,,2,2,FALSE,FALSE,,,
75401,climatejust_grid_uk_ukcp18,0,z_ar_tasmax_rcp85_rp20_2050_50p,Summer extreme Relative Z-score maximum temperature very high emissions 20 year return period 2050 median,,TRUE,TRUE,FALSE,/Summer Extreme Relative Z-score Maximum Temperature/Very High Emissions,,,2,2,FALSE,FALSE,,,
75501,climatejust_grid_uk_ukcp18,0,z_ar_tasmax_rcp85_rp20_2050_90p,Summer extreme Relative Z-score maximum temperature very high emissions 20 year return period 2050 90th percentile,,TRUE,TRUE,FALSE,/Summer Extreme Relative Z-score Maximum Temperature/Very High Emissions,,,2,2,FALSE,FALSE,,,
75601,climatejust_grid_uk_ukcp18,0,z_ar_tasmax_rcp85_rp20_2080_10p,Summer extreme Relative Z-score maximum temperature very high emissions 20 year return period 2080 10th percentile,,TRUE,TRUE,FALSE,/Summer Extreme Relative Z-score Maximum Temperature/Very High Emissions,,,2,2,FALSE,FALSE,,,
75701,climatejust_grid_uk_ukcp18,0,z_ar_tasmax_rcp85_rp20_2080_50p,Summer extreme Relative Z-score maximum temperature very high emissions 20 year return period 2080 median,,TRUE,TRUE,FALSE,/Summer Extreme Relative Z-score Maximum Temperature/Very High Emissions,,,2,2,FALSE,FALSE,,,
75801,climatejust_grid_uk_ukcp18,0,z_ar_tasmax_rcp85_rp20_2080_90p,Summer extreme Relative Z-score maximum temperature very high emissions 20 year return period 2080 90th percentile,,TRUE,TRUE,FALSE,/Summer Extreme Relative Z-score Maximum Temperature/Very High Emissions,,,2,2,FALSE,FALSE,,,
75901,climatejust_grid_uk_ukcp18,0,z_ar_tasmax_rcp85_rp50_2020_10p,Summer extreme Relative Z-score maximum temperature very high emissions 50 year return period 2020 10th percentile,,TRUE,TRUE,FALSE,/Summer Extreme Relative Z-score Maximum Temperature/Very High Emissions,,,2,2,FALSE,FALSE,,,
76001,climatejust_grid_uk_ukcp18,0,z_ar_tasmax_rcp85_rp50_2020_50p,Summer extreme Relative Z-score maximum temperature very high emissions 50 year return period 2020 median,,TRUE,TRUE,FALSE,/Summer Extreme Relative Z-score Maximum Temperature/Very High Emissions,,,2,2,FALSE,FALSE,,,
76101,climatejust_grid_uk_ukcp18,0,z_ar_tasmax_rcp85_rp50_2020_90p,Summer extreme Relative Z-score maximum temperature very high emissions 50 year return period 2020 90th percentile,,TRUE,TRUE,FALSE,/Summer Extreme Relative Z-score Maximum Temperature/Very High Emissions,,,2,2,FALSE,FALSE,,,
76201,climatejust_grid_uk_ukcp18,0,z_ar_tasmax_rcp85_rp50_2050_10p,Summer extreme Relative Z-score maximum temperature very high emissions 50 year return period 2050 10th percentile,,TRUE,TRUE,FALSE,/Summer Extreme Relative Z-score Maximum Temperature/Very High Emissions,,,2,2,FALSE,FALSE,,,
76301,climatejust_grid_uk_ukcp18,0,z_ar_tasmax_rcp85_rp50_2050_50p,Summer extreme Relative Z-score maximum temperature very high emissions 50 year return period 2050 median,,TRUE,TRUE,FALSE,/Summer Extreme Relative Z-score Maximum Temperature/Very High Emissions,,,2,2,FALSE,FALSE,,,
76401,climatejust_grid_uk_ukcp18,0,z_ar_tasmax_rcp85_rp50_2050_90p,Summer extreme Relative Z-score maximum temperature very high emissions 50 year return period 2050 90th percentile,,TRUE,TRUE,FALSE,/Summer Extreme Relative Z-score Maximum Temperature/Very High Emissions,,,2,2,FALSE,FALSE,,,
76501,climatejust_grid_uk_ukcp18,0,z_ar_tasmax_rcp85_rp50_2080_10p,Summer extreme Relative Z-score maximum temperature very high emissions 50 year return period 2080 10th percentile,,TRUE,TRUE,FALSE,/Summer Extreme Relative Z-score Maximum Temperature/Very High Emissions,,,2,2,FALSE,FALSE,,,
76601,climatejust_grid_uk_ukcp18,0,z_ar_tasmax_rcp85_rp50_2080_50p,Summer extreme Relative Z-score maximum temperature very high emissions 50 year return period 2080 median,,TRUE,TRUE,FALSE,/Summer Extreme Relative Z-score Maximum Temperature/Very High Emissions,,,2,2,FALSE,FALSE,,,
76701,climatejust_grid_uk_ukcp18,0,z_ar_tasmax_rcp85_rp50_2080_90p,Summer extreme Relative Z-score maximum temperature very high emissions 50 year return period 2080 90th percentile,,TRUE,TRUE,FALSE,/Summer Extreme Relative Z-score Maximum Temperature/Very High Emissions,,,2,2,FALSE,FALSE,,,
76801,climatejust_grid_uk_ukcp18,0,z_ar_tasmax_rcp85_rp100_2020_10,Summer extreme Relative Z-score maximum temperature very high emissions 100 year return period 2020 10th percentile,,TRUE,TRUE,FALSE,/Summer Extreme Relative Z-score Maximum Temperature/Very High Emissions,,,2,2,FALSE,FALSE,,,
76901,climatejust_grid_uk_ukcp18,0,z_ar_tasmax_rcp85_rp100_2020_50,Summer extreme Relative Z-score maximum temperature very high emissions 100 year return period 2020 median,,TRUE,TRUE,FALSE,/Summer Extreme Relative Z-score Maximum Temperature/Very High Emissions,,,2,2,FALSE,FALSE,,,
77001,climatejust_grid_uk_ukcp18,0,z_ar_tasmax_rcp85_rp100_2020_90,Summer extreme Relative Z-score maximum temperature very high emissions 100 year return period 2020 90th percentile,,TRUE,TRUE,FALSE,/Summer Extreme Relative Z-score Maximum Temperature/Very High Emissions,,,2,2,FALSE,FALSE,,,
77101,climatejust_grid_uk_ukcp18,0,z_ar_tasmax_rcp85_rp100_2050_10,Summer extreme Relative Z-score maximum temperature very high emissions 100 year return period 2050 10th percentile,,TRUE,TRUE,FALSE,/Summer Extreme Relative Z-score Maximum Temperature/Very High Emissions,,,2,2,FALSE,FALSE,,,
77201,climatejust_grid_uk_ukcp18,0,z_ar_tasmax_rcp85_rp100_2050_50,Summer extreme Relative Z-score maximum temperature very high emissions 100 year return period 2050 median,,TRUE,TRUE,FALSE,/Summer Extreme Relative Z-score Maximum Temperature/Very High Emissions,,,2,2,FALSE,FALSE,,,
77301,climatejust_grid_uk_ukcp18,0,z_ar_tasmax_rcp85_rp100_2050_90,Summer extreme Relative Z-score maximum temperature very high emissions 100 year return period 2050 90th percentile,,TRUE,TRUE,FALSE,/Summer Extreme Relative Z-score Maximum Temperature/Very High Emissions,,,2,2,FALSE,FALSE,,,
77401,climatejust_grid_uk_ukcp18,0,z_ar_tasmax_rcp85_rp100_2080_10,Summer extreme Relative Z-score maximum temperature very high emissions 100 year return period 2080 10th percentile,,TRUE,TRUE,FALSE,/Summer Extreme Relative Z-score Maximum Temperature/Very High Emissions,,,2,2,FALSE,FALSE,,,
77501,climatejust_grid_uk_ukcp18,0,z_ar_tasmax_rcp85_rp100_2080_50,Summer extreme Relative Z-score maximum temperature very high emissions 100 year return period 2080 median,,TRUE,TRUE,FALSE,/Summer Extreme Relative Z-score Maximum Temperature/Very High Emissions,,,2,2,FALSE,FALSE,,,
77601,climatejust_grid_uk_ukcp18,0,z_ar_tasmax_rcp85_rp100_2080_90,Summer extreme Relative Z-score maximum temperature very high emissions 100 year return period 2080 90th percentile,,TRUE,TRUE,FALSE,/Summer Extreme Relative Z-score Maximum Temperature/Very High Emissions,,,2,2,FALSE,FALSE,,,
77701,climatejust_grid_uk_ukcp18,0,perimeterepsg27700,Perimeter (EPSG 27700),,FALSE,TRUE,FALSE,,,,2,2,FALSE,FALSE,,,
77801,climatejust_grid_uk_ukcp18,0,areaepsg27700,Area (EPSG 27700),,FALSE,TRUE,FALSE,,,,2,2,FALSE,FALSE,,,
77901,climatejust_grid_uk_ukcp18,0,SHAPE__Area,SHAPE__Area,,FALSE,TRUE,FALSE,,,,2,2,FALSE,FALSE,,,
78001,climatejust_grid_uk_ukcp18,0,st_perimeter(shape),st_perimeter(shape),,FALSE,TRUE,FALSE,,,,2,2,FALSE,FALSE,,,
78101,climatejust_lsoas_uk_2011_flood_data,0,objectid,OBJECTID,,FALSE,TRUE,FALSE,,,,2,2,FALSE,FALSE,,,
78201,climatejust_lsoas_uk_2011_flood_data,0,lsoa11cd,LSOA Code (2011),,FALSE,TRUE,TRUE,,,,2,2,FALSE,FALSE,,,
78301,climatejust_lsoas_uk_2011_flood_data,0,lsoa11nm,LSOA Name (2011),,FALSE,TRUE,TRUE,,,,2,2,FALSE,FALSE,,,
78401,climatejust_lsoas_uk_2011_flood_data,0,allpensioner_hh,All pensioner households (%),,TRUE,TRUE,FALSE,,,,2,2,FALSE,FALSE,,,
78501,climatejust_lsoas_uk_2011_flood_data,0,arrivalsinuk,Recent arrivals to UK (% people with <1 yr residency coming from outside UK),,TRUE,TRUE,FALSE,,,,2,2,FALSE,FALSE,,,
78601,climatejust_lsoas_uk_2011_flood_data,0,caravan_hh,% caravan or other mobile or temporary structures in all households,,TRUE,TRUE,FALSE,,,,2,2,FALSE,FALSE,,,
78701,climatejust_lsoas_uk_2011_flood_data,0,carehomesexposedtoflooding,% no. of care homes exposed to flooding,,TRUE,TRUE,FALSE,,,,2,2,FALSE,FALSE,,,
78801,climatejust_lsoas_uk_2011_flood_data,0,children_4_11,% children of primary school age (4-11) in the population,,TRUE,TRUE,FALSE,,,,2,2,FALSE,FALSE,,,
78901,climatejust_lsoas_uk_2011_flood_data,0,dependentchildren_unemployed_hh,Households with dependent children and no adults in employment (%),,TRUE,TRUE,FALSE,,,,2,2,FALSE,FALSE,,,
79001,climatejust_lsoas_uk_2011_flood_data,0,emergencyservicesexposedtoflood,% of emergency services exposed to flooding,,TRUE,TRUE,FALSE,,,,2,2,FALSE,FALSE,,,
79101,climatejust_lsoas_uk_2011_flood_data,0,englishproficiency,Level of proficiency in English (%),,TRUE,TRUE,FALSE,,,,2,2,FALSE,FALSE,,,
79201,climatejust_lsoas_uk_2011_flood_data,0,gpsexposedtoflooding,% no. of GP surgeries exposed to flooding,,TRUE,TRUE,FALSE,,,,2,2,FALSE,FALSE,,,
79301,climatejust_lsoas_uk_2011_flood_data,0,imd_crime,Index of Multiple Deprivation - Crime Score,,TRUE,TRUE,FALSE,,,,2,2,FALSE,FALSE,,,
79401,climatejust_lsoas_uk_2011_flood_data,0,incomedeprivationindex,Income deprivation index,,TRUE,TRUE,FALSE,,,,2,2,FALSE,FALSE,,,
79501,climatejust_lsoas_uk_2011_flood_data,0,lackofprivatetransport,Lack of private transport (% households with no car or van),,TRUE,TRUE,FALSE,,,,2,2,FALSE,FALSE,,,
79601,climatejust_lsoas_uk_2011_flood_data,0,loneparentdependentchildren_hh,% lone-parent households with dependent children,,TRUE,TRUE,FALSE,,,,2,2,FALSE,FALSE,,,
79701,climatejust_lsoas_uk_2011_flood_data,0,longtermillness_hh,% households with at least one person with long term limiting illness,,TRUE,TRUE,FALSE,,,,2,2,FALSE,FALSE,,,
79801,climatejust_lsoas_uk_2011_flood_data,0,longtermunemployed,Long-term unemployed (% who are LTU or who have never worked),,TRUE,TRUE,FALSE,,,,2,2,FALSE,FALSE,,,
79901,climatejust_lsoas_uk_2011_flood_data,0,lowincomeoccupations,Low income occupations (% in routine or semi- routine occupations),,TRUE,TRUE,FALSE,,,,2,2,FALSE,FALSE,,,
80001,climatejust_lsoas_uk_2011_flood_data,0,newmigrants,New migrants from outside local area (%),,TRUE,TRUE,FALSE,,,,2,2,FALSE,FALSE,,,
80101,climatejust_lsoas_uk_2011_flood_data,0,nfvi,Neighbourhood Flood Vulnerability Index,,TRUE,TRUE,FALSE,,,,2,2,FALSE,FALSE,,,
80201,climatejust_lsoas_uk_2011_flood_data,0,nfvi_inabilitytoprepare,Inability to prepare,,TRUE,TRUE,FALSE,,,,2,2,FALSE,FALSE,,,
80301,climatejust_lsoas_uk_2011_flood_data,0,nfvi_inabilitytorecover,Inability to recover,,TRUE,TRUE,FALSE,,,,2,2,FALSE,FALSE,,,
80401,climatejust_lsoas_uk_2011_flood_data,0,nfvi_inabilitytorespond,Inability to respond,,TRUE,TRUE,FALSE,,,,2,2,FALSE,FALSE,,,
80501,climatejust_lsoas_uk_2011_flood_data,0,nfvi_lackofcommunitysupport,Lack of community support,,TRUE,TRUE,FALSE,,,,2,2,FALSE,FALSE,,,
80601,climatejust_lsoas_uk_2011_flood_data,0,nfvi_susceptibility,Susceptibility,,TRUE,TRUE,FALSE,,,,2,2,FALSE,FALSE,,,
80701,climatejust_lsoas_uk_2011_flood_data,0,peoplelivinginmedicalcare,% people living in medical and care establishments,,TRUE,TRUE,FALSE,,,,2,2,FALSE,FALSE,,,
80801,climatejust_lsoas_uk_2011_flood_data,0,peopleover75,Older people (% people over 75 years),,TRUE,TRUE,FALSE,,,,2,2,FALSE,FALSE,,,
80901,climatejust_lsoas_uk_2011_flood_data,0,peoplewithillhealth,Disability (% people whose day-to-day activities are limited a lot),,TRUE,TRUE,FALSE,,,,2,2,FALSE,FALSE,,,
81001,climatejust_lsoas_uk_2011_flood_data,0,populationdisabled,High levels of disability (% of population who are disabled),,TRUE,TRUE,FALSE,,,,2,2,FALSE,FALSE,,,
81101,climatejust_lsoas_uk_2011_flood_data,0,privaterenters_hh,Private renters (% Households),,TRUE,TRUE,FALSE,,,,2,2,FALSE,FALSE,,,
81201,climatejust_lsoas_uk_2011_flood_data,0,propsexposedtohistoricalflood,Number of properties within historical flood boundary,,TRUE,TRUE,FALSE,,,,2,2,FALSE,FALSE,,,
81301,climatejust_lsoas_uk_2011_flood_data,0,schoolsexposedtoflooding,% no. of schools exposed to flooding,,TRUE,TRUE,FALSE,,,,2,2,FALSE,FALSE,,,
81401,climatejust_lsoas_uk_2011_flood_data,0,servicesexposedtoflooding,Vulnerability due to exposure of services to flooding,,TRUE,TRUE,FALSE,,,,2,2,FALSE,FALSE,,,
81501,climatejust_lsoas_uk_2011_flood_data,0,sfri_2050s_2deg_rc_g,River & Coastal  |  Group  |  Future 2050s 2&deg;C scenario,,TRUE,TRUE,FALSE,,,,2,2,FALSE,FALSE,,,
81601,climatejust_lsoas_uk_2011_flood_data,0,sfri_2050s_2deg_rc_i,River & Coastal  |  Individual  |  Future 2050s 2&deg;C scenario,,TRUE,TRUE,FALSE,,,,2,2,FALSE,FALSE,,,
81701,climatejust_lsoas_uk_2011_flood_data,0,sfri_2050s_2deg_sw_g,Surface water  |  Group  |  Future 2050s 2&deg;C scenario,,TRUE,TRUE,FALSE,,,,2,2,FALSE,FALSE,,,
81801,climatejust_lsoas_uk_2011_flood_data,0,sfri_2050s_2deg_sw_i,Surface water  |  Individual  |  Future 2050s 2&deg;C scenario,,TRUE,TRUE,FALSE,,,,2,2,FALSE,FALSE,,,
81901,climatejust_lsoas_uk_2011_flood_data,0,sfri_2050s_4deg_rc_g,River & Coastal  |  Group  |  Future 2050s 4&deg;C scenario,,TRUE,TRUE,FALSE,,,,2,2,FALSE,FALSE,,,
82001,climatejust_lsoas_uk_2011_flood_data,0,sfri_2050s_4deg_rc_i,River & Coastal  |  Individual  |  Future 2050s 4&deg;C scenario,,TRUE,TRUE,FALSE,,,,2,2,FALSE,FALSE,,,
82101,climatejust_lsoas_uk_2011_flood_data,0,sfri_2050s_4deg_sw_g,Surface water  |  Group  |  Future 2050s 4&deg;C scenario,,TRUE,TRUE,FALSE,,,,2,2,FALSE,FALSE,,,
82201,climatejust_lsoas_uk_2011_flood_data,0,sfri_2050s_4deg_sw_i,Surface water  |  Individual  |  Future 2050s 4&deg;C scenario,,TRUE,TRUE,FALSE,,,,2,2,FALSE,FALSE,,,
82301,climatejust_lsoas_uk_2011_flood_data,0,sfri_presentday_rc_g,River & Coastal  |  Group  |  Present day,,TRUE,TRUE,FALSE,,,,2,2,FALSE,FALSE,,,
82401,climatejust_lsoas_uk_2011_flood_data,0,sfri_presentday_rc_i,River & Coastal  |  Individual  |  Present day,,TRUE,TRUE,FALSE,,,,2,2,FALSE,FALSE,,,
82501,climatejust_lsoas_uk_2011_flood_data,0,sfri_presentday_sw_g,Surface water  |  Group  |  Present day,,TRUE,TRUE,FALSE,,,,2,2,FALSE,FALSE,,,
82601,climatejust_lsoas_uk_2011_flood_data,0,sfri_presentday_sw_i,Surface water  |  Individual  |  Present day,,TRUE,TRUE,FALSE,,,,2,2,FALSE,FALSE,,,
82701,climatejust_lsoas_uk_2011_flood_data,0,singlepensioner_hh,% single-pensioner households,,TRUE,TRUE,FALSE,,,,2,2,FALSE,FALSE,,,
82801,climatejust_lsoas_uk_2011_flood_data,0,socialrenters_hh,Social renters (% Households renting from Social or Council landlords),,TRUE,TRUE,FALSE,,,,2,2,FALSE,FALSE,,,
82901,climatejust_lsoas_uk_2011_flood_data,0,unemployed,% Unemployed,,TRUE,TRUE,FALSE,,,,2,2,FALSE,FALSE,,,
83001,climatejust_lsoas_uk_2011_flood_data,0,vulnerabilityduetoage,Vulnerability due to age,,TRUE,TRUE,FALSE,,,,2,2,FALSE,FALSE,,,
83101,climatejust_lsoas_uk_2011_flood_data,0,vulnerabilityduetocrime,Vulnerability due to crime,,TRUE,TRUE,FALSE,,,,2,2,FALSE,FALSE,,,
83201,climatejust_lsoas_uk_2011_flood_data,0,vulnerabilityduetohealth,Vulnerability due to health,,TRUE,TRUE,FALSE,,,,2,2,FALSE,FALSE,,,
83301,climatejust_lsoas_uk_2011_flood_data,0,vulnerabilityduetohousing,Vulnerability due to housing characteristics,,TRUE,TRUE,FALSE,,,,2,2,FALSE,FALSE,,,
83401,climatejust_lsoas_uk_2011_flood_data,0,vulnerabilityduetoincome,Vulnerability due to income,,TRUE,TRUE,FALSE,,,,2,2,FALSE,FALSE,,,
83501,climatejust_lsoas_uk_2011_flood_data,0,vulnerabilityduetoinfo,Vulnerability due to issues of information use,,TRUE,TRUE,FALSE,,,,2,2,FALSE,FALSE,,,
83601,climatejust_lsoas_uk_2011_flood_data,0,vulnerabilityduetoknowledge,Vulnerability due to lack of local knowledge,,TRUE,TRUE,FALSE,,,,2,2,FALSE,FALSE,,,
83701,climatejust_lsoas_uk_2011_flood_data,0,vulnerabilityduetophysmobility,Vulnerability due to lack of physical mobility,,TRUE,TRUE,FALSE,,,,2,2,FALSE,FALSE,,,
83801,climatejust_lsoas_uk_2011_flood_data,0,vulnerabilityduetosocialnetwork,Vulnerability due to lack of social networks,,TRUE,TRUE,FALSE,,,,2,2,FALSE,FALSE,,,
83901,climatejust_lsoas_uk_2011_flood_data,0,vulnerabilityduetopropertytenur,Vulnerability due to property tenure,,TRUE,TRUE,FALSE,,,,2,2,FALSE,FALSE,,,
84001,climatejust_lsoas_uk_2011_flood_data,0,youngchildren,Young children (% people under 5 years),,TRUE,TRUE,FALSE,,,,2,2,FALSE,FALSE,,,
84101,climatejust_lsoas_uk_2011_flood_data,0,perimeterepsg27700,Perimeter (EPSG 27700),,FALSE,TRUE,FALSE,,,,2,2,FALSE,FALSE,,,
84201,climatejust_lsoas_uk_2011_flood_data,0,areaepsg27700,Area (EPSG 27700),,FALSE,TRUE,FALSE,,,,2,2,FALSE,FALSE,,,
84301,climatejust_lsoas_uk_2011_flood_data,0,SHAPE__Area,SHAPE__Area,,FALSE,TRUE,FALSE,,,,2,2,FALSE,FALSE,,,
84401,climatejust_lsoas_uk_2011_flood_data,0,st_perimeter(shape),st_perimeter(shape),,FALSE,TRUE,FALSE,,,,2,2,FALSE,FALSE,,,
84501,climatejust_lsoas_wa_2011_2022_v3_2022_data,0,objectid,OBJECTID,,FALSE,TRUE,FALSE,,,,2,2,FALSE,FALSE,,,
84601,climatejust_lsoas_wa_2011_2022_v3_2022_data,0,lsoa11cd,LSOA Code (2011) (V3),,FALSE,TRUE,TRUE,,,,2,2,FALSE,FALSE,,,
84701,climatejust_lsoas_wa_2011_2022_v3_2022_data,0,lsoa11nm,LSOA Name (2011) (V3),,FALSE,TRUE,TRUE,,,,2,2,FALSE,FALSE,,,
84801,climatejust_lsoas_wa_2011_2022_v3_2022_data,0,sensitivityssfvi,Sensitivity Index,,TRUE,TRUE,FALSE,,,,2,2,FALSE,FALSE,,,
84901,climatejust_lsoas_wa_2011_2022_v3_2022_data,0,inabilitytopreparessfvi,Inability to Prepare Index,,TRUE,TRUE,FALSE,,,,2,2,FALSE,FALSE,,,
85001,climatejust_lsoas_wa_2011_2022_v3_2022_data,0,inabilitytorespondssfvi,Inability to Respond Index,,TRUE,TRUE,FALSE,,,,2,2,FALSE,FALSE,,,
85101,climatejust_lsoas_wa_2011_2022_v3_2022_data,0,inabilitytorecoverssfvi,Inability to Recover Index,,TRUE,TRUE,FALSE,,,,2,2,FALSE,FALSE,,,
85201,climatejust_lsoas_wa_2011_2022_v3_2022_data,0,enhancedexposuressfvi,Enhanced Exposure Index,,TRUE,TRUE,FALSE,,,,2,2,FALSE,FALSE,,,
85301,climatejust_lsoas_wa_2011_2022_v3_2022_data,0,ssfvi,Socio-Spatial Flood Vulnerability Index,,TRUE,TRUE,FALSE,,,,2,2,FALSE,FALSE,,,
85401,climatejust_lsoas_wa_2011_2022_v3_2022_data,0,population,Population ,,TRUE,TRUE,FALSE,,,,2,2,FALSE,FALSE,,,
85501,climatejust_lsoas_wa_2011_2022_v3_2022_data,0,populationexposed,Population Exposed (Count),,TRUE,TRUE,FALSE,,,,2,2,FALSE,FALSE,,,
85601,climatejust_lsoas_wa_2011_2022_v3_2022_data,0,exposedpopdefended,Exposed Population Defended (Count),,TRUE,TRUE,FALSE,,,,2,2,FALSE,FALSE,,,
85701,climatejust_lsoas_wa_2011_2022_v3_2022_data,0,exposedpopundefended,Exposed Population Undefended (Count),,TRUE,TRUE,FALSE,,,,2,2,FALSE,FALSE,,,
85801,climatejust_lsoas_wa_2011_2022_v3_2022_data,0,zpopulationexposed,Population Exposed (Z-Score),,TRUE,TRUE,FALSE,,,,2,2,FALSE,FALSE,,,
85901,climatejust_lsoas_wa_2011_2022_v3_2022_data,0,zexposedpopundefended,Exposed Population Undefended (Z-Score),,TRUE,TRUE,FALSE,,,,2,2,FALSE,FALSE,,,
86001,climatejust_lsoas_wa_2011_2022_v3_2022_data,0,zdisadvantageexposed,"Disadvantage (all potentially exposed, Z-Score)",,TRUE,TRUE,FALSE,,,,2,2,FALSE,FALSE,,,
86101,climatejust_lsoas_wa_2011_2022_v3_2022_data,0,zdisadvantageundefended,"Disadvantage (all potentially undefended, Z-Score)",,TRUE,TRUE,FALSE,,,,2,2,FALSE,FALSE,,,
86201,climatejust_lsoas_wa_2011_2022_v3_2022_data,0,youngchildren,Young children (% people under 5 years),,TRUE,TRUE,FALSE,,,,2,2,FALSE,FALSE,,,
86301,climatejust_lsoas_wa_2011_2022_v3_2022_data,0,peopleover75,Older people (% people over 75 years),,TRUE,TRUE,FALSE,,,,2,2,FALSE,FALSE,,,
86401,climatejust_lsoas_wa_2011_2022_v3_2022_data,0,emergencyhospitaladmiss,Rate of emergency admission to hospital,,TRUE,TRUE,FALSE,,,,2,2,FALSE,FALSE,,,
86501,climatejust_lsoas_wa_2011_2022_v3_2022_data,0,disabilityandillhealth,Comparative illness and disability ratio,,TRUE,TRUE,FALSE,,,,2,2,FALSE,FALSE,,,
86601,climatejust_lsoas_wa_2011_2022_v3_2022_data,0,moodanxietydisorders,Mood and Anxiety Disorder Indicator,,TRUE,TRUE,FALSE,,,,2,2,FALSE,FALSE,,,
86701,climatejust_lsoas_wa_2011_2022_v3_2022_data,0,medicalcareresidents,Medical and Care Residents (Score),,TRUE,TRUE,FALSE,,,,2,2,FALSE,FALSE,,,
86801,climatejust_lsoas_wa_2011_2022_v3_2022_data,0,zyoungchildren,Young children (Z-Score),,TRUE,TRUE,FALSE,,,,2,2,FALSE,FALSE,,,
86901,climatejust_lsoas_wa_2011_2022_v3_2022_data,0,zpeopleover75,Older people (Z-Score),,TRUE,TRUE,FALSE,,,,2,2,FALSE,FALSE,,,
87001,climatejust_lsoas_wa_2011_2022_v3_2022_data,0,zemergencyhospitaladmiss,Rate of emergency admission to hospital (Z-Score),,TRUE,TRUE,FALSE,,,,2,2,FALSE,FALSE,,,
87101,climatejust_lsoas_wa_2011_2022_v3_2022_data,0,zdisabilityandillhealth,Comparative illness and disability ratio (Z-Score),,TRUE,TRUE,FALSE,,,,2,2,FALSE,FALSE,,,
87201,climatejust_lsoas_wa_2011_2022_v3_2022_data,0,zmoodanxietydisorders,Mood and Anxiety Disorder Indicator (Z-Score),,TRUE,TRUE,FALSE,,,,2,2,FALSE,FALSE,,,
87301,climatejust_lsoas_wa_2011_2022_v3_2022_data,0,zmedicalcareresidents,Employment deprived people in an area (Z-Score),,TRUE,TRUE,FALSE,,,,2,2,FALSE,FALSE,,,
87401,climatejust_lsoas_wa_2011_2022_v3_2022_data,0,agevulnerability,Vulnerability due to age,,TRUE,TRUE,FALSE,,,,2,2,FALSE,FALSE,,,
87501,climatejust_lsoas_wa_2011_2022_v3_2022_data,0,healthvulnerability,Vulnerability due to health,,TRUE,TRUE,FALSE,,,,2,2,FALSE,FALSE,,,
87601,climatejust_lsoas_wa_2011_2022_v3_2022_data,0,employmentdeprivation,Employment deprived people in an area (% of working population),,TRUE,TRUE,FALSE,,,,2,2,FALSE,FALSE,,,
87701,climatejust_lsoas_wa_2011_2022_v3_2022_data,0,incomedeprivation,Income deprived people in an area (% of zone population),,TRUE,TRUE,FALSE,,,,2,2,FALSE,FALSE,,,
87801,climatejust_lsoas_wa_2011_2022_v3_2022_data,0,olderadultincomedeprivation,Income deprived older people in an area (% of people 60 or over),,TRUE,TRUE,FALSE,,,,2,2,FALSE,FALSE,,,
87901,climatejust_lsoas_wa_2011_2022_v3_2022_data,0,socialrentershh,Social renters (% Households renting from Social or Council landlords),,TRUE,TRUE,FALSE,,,,2,2,FALSE,FALSE,,,
88001,climatejust_lsoas_wa_2011_2022_v3_2022_data,0,privaterentershh,Private renters (% Households),,TRUE,TRUE,FALSE,,,,2,2,FALSE,FALSE,,,
88101,climatejust_lsoas_wa_2011_2022_v3_2022_data,0,englishproficiency,Level of proficiency in English (% population),,TRUE,TRUE,FALSE,,,,2,2,FALSE,FALSE,,,
88201,climatejust_lsoas_wa_2011_2022_v3_2022_data,0,substandardbroadband,Sub-standard Broadband (% premises below the Universal Service Obligation),,TRUE,TRUE,FALSE,,,,2,2,FALSE,FALSE,,,
88301,climatejust_lsoas_wa_2011_2022_v3_2022_data,0,lacksuperfastbroadband,Lack of superfast broadband (% Premises),,TRUE,TRUE,FALSE,,,,2,2,FALSE,FALSE,,,
88401,climatejust_lsoas_wa_2011_2022_v3_2022_data,0,populationtransience,Population Transience (Residential Mobility Index),,TRUE,TRUE,FALSE,,,,2,2,FALSE,FALSE,,,
88501,climatejust_lsoas_wa_2011_2022_v3_2022_data,0,directfloodexperience,Number of properties within historical flood boundary,,TRUE,TRUE,FALSE,,,,2,2,FALSE,FALSE,,,
88601,climatejust_lsoas_wa_2011_2022_v3_2022_data,0,floodwarnings,Flood alert and warning areas (% area not covered),,TRUE,TRUE,FALSE,,,,2,2,FALSE,FALSE,,,
88701,climatejust_lsoas_wa_2011_2022_v3_2022_data,0,z_employmentdeprivation,Income deprived people in an area (Z-Score),,TRUE,TRUE,FALSE,,,,2,2,FALSE,FALSE,,,
88801,climatejust_lsoas_wa_2011_2022_v3_2022_data,0,z_incomedeprivation,Income deprived people in an area (Z-Score),,TRUE,TRUE,FALSE,,,,2,2,FALSE,FALSE,,,
88901,climatejust_lsoas_wa_2011_2022_v3_2022_data,0,z_olderadultincomedeprivation,Income deprived older people in an area (Z-Score),,TRUE,TRUE,FALSE,,,,2,2,FALSE,FALSE,,,
89001,climatejust_lsoas_wa_2011_2022_v3_2022_data,0,z_socialrenters_hh,Social renters (Z-Score),,TRUE,TRUE,FALSE,,,,2,2,FALSE,FALSE,,,
89101,climatejust_lsoas_wa_2011_2022_v3_2022_data,0,z_privaterenters_hh,Private renters (Z-Score),,TRUE,TRUE,FALSE,,,,2,2,FALSE,FALSE,,,
89201,climatejust_lsoas_wa_2011_2022_v3_2022_data,0,z_englishproficiency,Level of proficiency in English (Z-Score),,TRUE,TRUE,FALSE,,,,2,2,FALSE,FALSE,,,
89301,climatejust_lsoas_wa_2011_2022_v3_2022_data,0,z_substandardbroadband,Sub-standard Broadband (Z-Score),,TRUE,TRUE,FALSE,,,,2,2,FALSE,FALSE,,,
89401,climatejust_lsoas_wa_2011_2022_v3_2022_data,0,z_lacksuperfastbroadband,Lack of superfast broadband (Z-Score),,TRUE,TRUE,FALSE,,,,2,2,FALSE,FALSE,,,
89501,climatejust_lsoas_wa_2011_2022_v3_2022_data,0,z_populationtransience,Population Transience (Z-Score),,TRUE,TRUE,FALSE,,,,2,2,FALSE,FALSE,,,
89601,climatejust_lsoas_wa_2011_2022_v3_2022_data,0,z_directfloodexperience,Number of properties within historical flood boundary (Z-Score),,TRUE,TRUE,FALSE,,,,2,2,FALSE,FALSE,,,
89701,climatejust_lsoas_wa_2011_2022_v3_2022_data,0,z_floodwarnings,Flood alert and warning areas (Z-Score),,TRUE,TRUE,FALSE,,,,2,2,FALSE,FALSE,,,
89801,climatejust_lsoas_wa_2011_2022_v3_2022_data,0,incomevulnerability,Vulnerability due to income,,TRUE,TRUE,FALSE,,,,2,2,FALSE,FALSE,,,
89901,climatejust_lsoas_wa_2011_2022_v3_2022_data,0,propertytenurevulnerability,Vulnerability due to property tenure,,TRUE,TRUE,FALSE,,,,2,2,FALSE,FALSE,,,
90001,climatejust_lsoas_wa_2011_2022_v3_2022_data,0,languagevulnerability,Vulnerability due to issues of information use,,TRUE,TRUE,FALSE,,,,2,2,FALSE,FALSE,,,
90101,climatejust_lsoas_wa_2011_2022_v3_2022_data,0,internetvulnerability,Vulnerability due to lack of internet access,,TRUE,TRUE,FALSE,,,,2,2,FALSE,FALSE,,,
90201,climatejust_lsoas_wa_2011_2022_v3_2022_data,0,knowledgefloodvulnerability,Vulnerability due to lack of local knowledge,,TRUE,TRUE,FALSE,,,,2,2,FALSE,FALSE,,,
90301,climatejust_lsoas_wa_2011_2022_v3_2022_data,0,singlepensionerhouseholds,Single pensioner households (%),,TRUE,TRUE,FALSE,,,,2,2,FALSE,FALSE,,,
90401,climatejust_lsoas_wa_2011_2022_v3_2022_data,0,lackschoolrelatednetworks,Lack of school-related networks (% children not of primary school age),,TRUE,TRUE,FALSE,,,,2,2,FALSE,FALSE,,,
90501,climatejust_lsoas_wa_2011_2022_v3_2022_data,0,lackprivatetransport,Lack of private transport (% households with no car or van),,TRUE,TRUE,FALSE,,,,2,2,FALSE,FALSE,,,
90601,climatejust_lsoas_wa_2011_2022_v3_2022_data,0,crime,Index of Multiple Deprivation crime score,,TRUE,TRUE,FALSE,,,,2,2,FALSE,FALSE,,,
90701,climatejust_lsoas_wa_2011_2022_v3_2022_data,0,zsinglepensionerhouseholds,Single pensioner households (Z-Score),,TRUE,TRUE,FALSE,,,,2,2,FALSE,FALSE,,,
90801,climatejust_lsoas_wa_2011_2022_v3_2022_data,0,zlackschoolrelatednetworks,Lack of school-related networks (Z-Score),,TRUE,TRUE,FALSE,,,,2,2,FALSE,FALSE,,,
90901,climatejust_lsoas_wa_2011_2022_v3_2022_data,0,zlackprivatetransport,Lack of private transport (Z-Score),,TRUE,TRUE,FALSE,,,,2,2,FALSE,FALSE,,,
91001,climatejust_lsoas_wa_2011_2022_v3_2022_data,0,socialnetworksvulnerability,Vulnerability due to lack of social networks,,TRUE,TRUE,FALSE,,,,2,2,FALSE,FALSE,,,
91101,climatejust_lsoas_wa_2011_2022_v3_2022_data,0,mobilityvulnerability,Vulnerability due to lack of physical mobility,,TRUE,TRUE,FALSE,,,,2,2,FALSE,FALSE,,,
91201,climatejust_lsoas_wa_2011_2022_v3_2022_data,0,crimevulnerability,Vulnerability due to crime,,TRUE,TRUE,FALSE,,,,2,2,FALSE,FALSE,,,
91301,climatejust_lsoas_wa_2011_2022_v3_2022_data,0,returntimepharmacypublic,Average return travel time to a Pharmacy by public transport (minutes),,TRUE,TRUE,FALSE,,,,2,2,FALSE,FALSE,,,
91401,climatejust_lsoas_wa_2011_2022_v3_2022_data,0,returntimepharmacyprivate,Average return travel time to a Pharmacy by private transport (minutes),,TRUE,TRUE,FALSE,,,,2,2,FALSE,FALSE,,,
91501,climatejust_lsoas_wa_2011_2022_v3_2022_data,0,housingtrap,Median price paid for residential properties (Â£),,TRUE,TRUE,FALSE,,,,2,2,FALSE,FALSE,,,
91601,climatejust_lsoas_wa_2011_2022_v3_2022_data,0,zreturntimepharmacypublic,Average return travel time to a Pharmacy by public transport (Z-Score),,TRUE,TRUE,FALSE,,,,2,2,FALSE,FALSE,,,
91701,climatejust_lsoas_wa_2011_2022_v3_2022_data,0,zreturntimepharmacyprivate,Average return travel time to a Pharmacy by private transport (Z-Score),,TRUE,TRUE,FALSE,,,,2,2,FALSE,FALSE,,,
91801,climatejust_lsoas_wa_2011_2022_v3_2022_data,0,zhousingtrap,Median price paid for residential properties (Z-Score),,TRUE,TRUE,FALSE,,,,2,2,FALSE,FALSE,,,
91901,climatejust_lsoas_wa_2011_2022_v3_2022_data,0,pharmacyaccessvulnerability,Vulnerability due to lack of pharmacy access,,TRUE,TRUE,FALSE,,,,2,2,FALSE,FALSE,,,
92001,climatejust_lsoas_wa_2011_2022_v3_2022_data,0,housepricesvulnerability,Vulnerability due to house prices,,TRUE,TRUE,FALSE,,,,2,2,FALSE,FALSE,,,
92101,climatejust_lsoas_wa_2011_2022_v3_2022_data,0,urbancover,Built up area (% not greenspace),,TRUE,TRUE,FALSE,,,,2,2,FALSE,FALSE,,,
92201,climatejust_lsoas_wa_2011_2022_v3_2022_data,0,lackprivategreenspaceflood,Lack of domestic gardens (% dwellings without gardens),,TRUE,TRUE,FALSE,,,,2,2,FALSE,FALSE,,,
92301,climatejust_lsoas_wa_2011_2022_v3_2022_data,0,averagecommunitygreenspace,"Median combined size of parks and public gardens and playing fields within 1,000 m radius (m2)",,TRUE,TRUE,FALSE,,,,2,2,FALSE,FALSE,,,
92401,climatejust_lsoas_wa_2011_2022_v3_2022_data,0,caravanortemporarystructures,Caravan or other mobile or temporary structures (% of all households),,TRUE,TRUE,FALSE,,,,2,2,FALSE,FALSE,,,
92501,climatejust_lsoas_wa_2011_2022_v3_2022_data,0,zurbancover,Built up area (Z-Score),,TRUE,TRUE,FALSE,,,,2,2,FALSE,FALSE,,,
92601,climatejust_lsoas_wa_2011_2022_v3_2022_data,0,zlackprivategreenspaceflood,Lack of domestic gardens (Z-Score),,TRUE,TRUE,FALSE,,,,2,2,FALSE,FALSE,,,
92701,climatejust_lsoas_wa_2011_2022_v3_2022_data,0,zaveragecommunitygreenspace,"Median combined size of parks and public gardens and playing fields within 1,000 m radius (Z-Score)",,TRUE,TRUE,FALSE,,,,2,2,FALSE,FALSE,,,
92801,climatejust_lsoas_wa_2011_2022_v3_2022_data,0,zcaravanortemporarystructures,Caravan or other mobile or temporary structures (Z-Score),,TRUE,TRUE,FALSE,,,,2,2,FALSE,FALSE,,,
92901,climatejust_lsoas_wa_2011_2022_v3_2022_data,0,physenvironmentvulnerability,Vulnerability due to physical environment,,TRUE,TRUE,FALSE,,,,2,2,FALSE,FALSE,,,
93001,climatejust_lsoas_wa_2011_2022_v3_2022_data,0,housingfloodvulnerability,Vulnerability due to housing characteristics,,TRUE,TRUE,FALSE,,,,2,2,FALSE,FALSE,,,
93101,climatejust_lsoas_wa_2011_2022_v3_2022_data,0,tmaxp95recentpast,Recent past 30 year mean 1990 - 2019 (â„ƒ),,TRUE,TRUE,FALSE,,,,2,2,FALSE,FALSE,,,
93201,climatejust_lsoas_wa_2011_2022_v3_2022_data,0,tmaxp95future15,1.5â„ƒ warmer world (â„ƒ),,TRUE,TRUE,FALSE,,,,2,2,FALSE,FALSE,,,
93301,climatejust_lsoas_wa_2011_2022_v3_2022_data,0,tmaxp95future20,2â„ƒ warmer world (â„ƒ),,TRUE,TRUE,FALSE,,,,2,2,FALSE,FALSE,,,
93401,climatejust_lsoas_wa_2011_2022_v3_2022_data,0,tmaxp95future30,3â„ƒ warmer world (â„ƒ),,TRUE,TRUE,FALSE,,,,2,2,FALSE,FALSE,,,
93501,climatejust_lsoas_wa_2011_2022_v3_2022_data,0,ztmaxp95recentpast,"Average temperature of top 5% hottest days, recent past 30 year mean 1990 - 2019 (Score)",,TRUE,TRUE,FALSE,,,,2,2,FALSE,FALSE,,,
93601,climatejust_lsoas_wa_2011_2022_v3_2022_data,0,ztmaxp95future15,"Average temperature of top 5% hottest days, 1.5â„ƒ warmer world (Score)",,TRUE,TRUE,FALSE,,,,2,2,FALSE,FALSE,,,
93701,climatejust_lsoas_wa_2011_2022_v3_2022_data,0,ztmaxp95future20,"Average temperature of top 5% hottest days, 2â„ƒ warmer world (Score)",,TRUE,TRUE,FALSE,,,,2,2,FALSE,FALSE,,,
93801,climatejust_lsoas_wa_2011_2022_v3_2022_data,0,ztmaxp95future30,"Average temperature of top 5% hottest days, 3â„ƒ warmer world (score)",,TRUE,TRUE,FALSE,,,,2,2,FALSE,FALSE,,,
93901,climatejust_lsoas_wa_2011_2022_v3_2022_data,0,zheatdisadvantagerecentpast,"Heat Disadvantage, recent past 30 year mean 1990 - 2019",,TRUE,TRUE,FALSE,,,,2,2,FALSE,FALSE,,,
94001,climatejust_lsoas_wa_2011_2022_v3_2022_data,0,zheatdisadvantagefuture15,"Heat Disadvantage, 1.5â„ƒ warmer world",,TRUE,TRUE,FALSE,,,,2,2,FALSE,FALSE,,,
94101,climatejust_lsoas_wa_2011_2022_v3_2022_data,0,zheatdisadvantagefuture20,"Heat Disadvantage, 2â„ƒ warmer world",,TRUE,TRUE,FALSE,,,,2,2,FALSE,FALSE,,,
94201,climatejust_lsoas_wa_2011_2022_v3_2022_data,0,zheatdisadvantagefuture30,"Heat Disadvantage, 3â„ƒ warmer world",,TRUE,TRUE,FALSE,,,,2,2,FALSE,FALSE,,,
94301,climatejust_lsoas_wa_2011_2022_v3_2022_data,0,zartmaxp95recentpast,Recent past 30 year mean 1990 - 2019 (All-relative Z-Score),,TRUE,TRUE,FALSE,,,,2,2,FALSE,FALSE,,,
94401,climatejust_lsoas_wa_2011_2022_v3_2022_data,0,zartmaxp95future15,1.5â„ƒ warmer world (All-relative Z-Score),,TRUE,TRUE,FALSE,,,,2,2,FALSE,FALSE,,,
94501,climatejust_lsoas_wa_2011_2022_v3_2022_data,0,zartmaxp95future20,2â„ƒ warmer world (All-relative Z-Score),,TRUE,TRUE,FALSE,,,,2,2,FALSE,FALSE,,,
94601,climatejust_lsoas_wa_2011_2022_v3_2022_data,0,zartmaxp95future30,3â„ƒ warmer world (All-relative Z-Score),,TRUE,TRUE,FALSE,,,,2,2,FALSE,FALSE,,,
94701,climatejust_lsoas_wa_2011_2022_v3_2022_data,0,zarheatdisadvantagerecentpast,"Relative heat Disadvantage, recent past 30 year mean 1990 - 2019",,TRUE,TRUE,FALSE,,,,2,2,FALSE,FALSE,,,
94801,climatejust_lsoas_wa_2011_2022_v3_2022_data,0,zarheatdisadvantagefuture15,"Relative heat Disadvantage, 1.5â„ƒ warmer world",,TRUE,TRUE,FALSE,,,,2,2,FALSE,FALSE,,,
94901,climatejust_lsoas_wa_2011_2022_v3_2022_data,0,zarheatdisadvantagefuture20,"Relative heat Disadvantage, 2â„ƒ warmer world",,TRUE,TRUE,FALSE,,,,2,2,FALSE,FALSE,,,
95001,climatejust_lsoas_wa_2011_2022_v3_2022_data,0,zarheatdisadvantagefuture30,"Relative heat Disadvantage, 3â„ƒ warmer world",,TRUE,TRUE,FALSE,,,,2,2,FALSE,FALSE,,,
95101,climatejust_lsoas_wa_2011_2022_v3_2022_data,0,sensitivitysshvi,Sensitivity Index,,TRUE,TRUE,FALSE,,,,2,2,FALSE,FALSE,,,
95201,climatejust_lsoas_wa_2011_2022_v3_2022_data,0,inabilitytopreparesshvi,Inability to Prepare Index,,TRUE,TRUE,FALSE,,,,2,2,FALSE,FALSE,,,
95301,climatejust_lsoas_wa_2011_2022_v3_2022_data,0,inabilitytorespondsshvi,Inability to Respond Index,,TRUE,TRUE,FALSE,,,,2,2,FALSE,FALSE,,,
95401,climatejust_lsoas_wa_2011_2022_v3_2022_data,0,inabilitytorecoversshvi,Inability to Recover Index,,TRUE,TRUE,FALSE,,,,2,2,FALSE,FALSE,,,
95501,climatejust_lsoas_wa_2011_2022_v3_2022_data,0,enhancedexposuresshvi,Enhanced Exposure Index,,TRUE,TRUE,FALSE,,,,2,2,FALSE,FALSE,,,
95601,climatejust_lsoas_wa_2011_2022_v3_2022_data,0,sshvi,Socio Spatial Heat Vulnerability Index,,TRUE,TRUE,FALSE,,,,2,2,FALSE,FALSE,,,
95701,climatejust_lsoas_wa_2011_2022_v3_2022_data,0,knowledgeheatvulnerability,Vulnerability due to lack of local knowledge,,TRUE,TRUE,FALSE,,,,2,2,FALSE,FALSE,,,
95801,climatejust_lsoas_wa_2011_2022_v3_2022_data,0,lackprivategreenspaceheat,Lack of domestic gardens (% dwellings without gardens),,TRUE,TRUE,FALSE,,,,2,2,FALSE,FALSE,,,
95901,climatejust_lsoas_wa_2011_2022_v3_2022_data,0,lacklocalgreenspace,Lack of local greenspace access (%),,TRUE,TRUE,FALSE,,,,2,2,FALSE,FALSE,,,
96001,climatejust_lsoas_wa_2011_2022_v3_2022_data,0,zlackprivategreenspaceheat,Lack of domestic gardens (% dwellings without gardens) (Z-Score),,TRUE,TRUE,FALSE,,,,2,2,FALSE,FALSE,,,
96101,climatejust_lsoas_wa_2011_2022_v3_2022_data,0,zlacklocalgreenspace,Lack of local greenspace access (Z-Score),,TRUE,TRUE,FALSE,,,,2,2,FALSE,FALSE,,,
96201,climatejust_lsoas_wa_2011_2022_v3_2022_data,0,infrastructuralvulnerability,Vulnerability due to infrastructural condition,,TRUE,TRUE,FALSE,,,,2,2,FALSE,FALSE,,,
96301,climatejust_lsoas_wa_2011_2022_v3_2022_data,0,returntimegppublic,Average return travel time to a GP by public transport (minutes),,TRUE,TRUE,FALSE,,,,2,2,FALSE,FALSE,,,
96401,climatejust_lsoas_wa_2011_2022_v3_2022_data,0,returntimegpprivate,Average return travel time to a GP by private transport (minutes),,TRUE,TRUE,FALSE,,,,2,2,FALSE,FALSE,,,
96501,climatejust_lsoas_wa_2011_2022_v3_2022_data,0,accessibilityhospital,Mean distance to nearest A&E Hospital (km),,TRUE,TRUE,FALSE,,,,2,2,FALSE,FALSE,,,
96601,climatejust_lsoas_wa_2011_2022_v3_2022_data,0,zreturntimegppublic,Average return travel time to a GP by public transport (Z-Score),,TRUE,TRUE,FALSE,,,,2,2,FALSE,FALSE,,,
96701,climatejust_lsoas_wa_2011_2022_v3_2022_data,0,zreturntimegpprivate,Average return travel time to a GP by private transport (Z-Score),,TRUE,TRUE,FALSE,,,,2,2,FALSE,FALSE,,,
96801,climatejust_lsoas_wa_2011_2022_v3_2022_data,0,zaccessibilityhospital,Mean distance to nearest A&E Hospital (Z-Score),,TRUE,TRUE,FALSE,,,,2,2,FALSE,FALSE,,,
96901,climatejust_lsoas_wa_2011_2022_v3_2022_data,0,gpaccessvulnerability,Vulnerability due to lack of access to general practitioner (GP),,TRUE,TRUE,FALSE,,,,2,2,FALSE,FALSE,,,
97001,climatejust_lsoas_wa_2011_2022_v3_2022_data,0,hospitalaccessvulnerability,Vulnerability due to lack of access to local hospital,,TRUE,TRUE,FALSE,,,,2,2,FALSE,FALSE,,,
97101,climatejust_lsoas_wa_2011_2022_v3_2022_data,0,overcrowding,Household overcrowding indicator,,TRUE,TRUE,FALSE,,,,2,2,FALSE,FALSE,,,
97201,climatejust_lsoas_wa_2011_2022_v3_2022_data,0,highrisehomes,High rise homes (% households with lowest floor 5th floor or above),,TRUE,TRUE,FALSE,,,,2,2,FALSE,FALSE,,,
97301,climatejust_lsoas_wa_2011_2022_v3_2022_data,0,zovercrowding,People in overcrowded households (%) (Z-Score),,TRUE,TRUE,FALSE,,,,2,2,FALSE,FALSE,,,
97401,climatejust_lsoas_wa_2011_2022_v3_2022_data,0,zhighrisehomes,Number of flats without gardens (Proxy for high-rise flats) (Z-Score),,TRUE,TRUE,FALSE,,,,2,2,FALSE,FALSE,,,
97501,climatejust_lsoas_wa_2011_2022_v3_2022_data,0,housingheatvulnerability,Vulnerability due to housing characteristics,,TRUE,TRUE,FALSE,,,,2,2,FALSE,FALSE,,,
97601,climatejust_lsoas_wa_2011_2022_v3_2022_data,0,perimeterepsg27700,Perimeter (EPSG 27700),,FALSE,TRUE,FALSE,,,,2,2,FALSE,FALSE,,,
97701,climatejust_lsoas_wa_2011_2022_v3_2022_data,0,areaepsg27700,Area (EPSG 27700),,FALSE,TRUE,FALSE,,,,2,2,FALSE,FALSE,,,
97801,climatejust_lsoas_wa_2011_2022_v3_2022_data,0,SHAPE__Area,SHAPE__Area,,FALSE,TRUE,FALSE,,,,2,2,FALSE,FALSE,,,
97901,climatejust_lsoas_wa_2011_2022_v3_2022_data,0,st_perimeter(shape),st_perimeter(shape),,FALSE,TRUE,FALSE,,,,2,2,FALSE,FALSE,,,
98001,night_time_average_noise_level_of_major_traffic_routes_and_populated_road_sources_11pm_to_7am_round_3,0,objectid,OBJECTID,,FALSE,TRUE,FALSE,,,,2,2,FALSE,FALSE,,,
98101,night_time_average_noise_level_of_major_traffic_routes_and_populated_road_sources_11pm_to_7am_round_3,0,road_nlnight_id,Road_NLnight_ID,,FALSE,TRUE,TRUE,,,,2,2,FALSE,FALSE,,,
98201,night_time_average_noise_level_of_major_traffic_routes_and_populated_road_sources_11pm_to_7am_round_3,0,noiseclass,noiseclass,,FALSE,TRUE,TRUE,,,,2,2,FALSE,FALSE,,,
98301,night_time_average_noise_level_of_major_traffic_routes_and_populated_road_sources_11pm_to_7am_round_3,0,SHAPE__Area,SHAPE__Area,,FALSE,TRUE,FALSE,,,,2,2,FALSE,FALSE,,,
98401,night_time_average_noise_level_of_major_traffic_routes_and_populated_road_sources_11pm_to_7am_round_3,0,st_perimeter(shape),st_perimeter(shape),,FALSE,TRUE,FALSE,,,,2,2,FALSE,FALSE,,,
98501,average_24_hour_noise_level_of_major_traffic_routes_and_populated_road_sources_round_3,0,objectid,OBJECTID,,FALSE,TRUE,FALSE,,,,2,2,FALSE,FALSE,,,
98601,average_24_hour_noise_level_of_major_traffic_routes_and_populated_road_sources_round_3,0,road_nlden_id,Road_NLden_ID,,FALSE,TRUE,TRUE,,,,2,2,FALSE,FALSE,,,
98701,average_24_hour_noise_level_of_major_traffic_routes_and_populated_road_sources_round_3,0,noiseclass,noiseclass,,FALSE,TRUE,TRUE,,,,2,2,FALSE,FALSE,,,
98801,average_24_hour_noise_level_of_major_traffic_routes_and_populated_road_sources_round_3,0,SHAPE__Area,SHAPE__Area,,FALSE,TRUE,FALSE,,,,2,2,FALSE,FALSE,,,
98901,average_24_hour_noise_level_of_major_traffic_routes_and_populated_road_sources_round_3,0,st_perimeter(shape),st_perimeter(shape),,FALSE,TRUE,FALSE,,,,2,2,FALSE,FALSE,,,
99001,day_time_average_noise_level_of_major_traffic_routes_and_populated_road_sources_7am_to_11pm_round_3,0,objectid,OBJECTID,,FALSE,TRUE,FALSE,,,,2,2,FALSE,FALSE,,,
99101,day_time_average_noise_level_of_major_traffic_routes_and_populated_road_sources_7am_to_11pm_round_3,0,road_nlaeq16h_id,Road_NLAeq16h_ID,,FALSE,TRUE,TRUE,,,,2,2,FALSE,FALSE,,,
99201,day_time_average_noise_level_of_major_traffic_routes_and_populated_road_sources_7am_to_11pm_round_3,0,noiseclass,noiseclass,,FALSE,TRUE,TRUE,,,,2,2,FALSE,FALSE,,,
99301,day_time_average_noise_level_of_major_traffic_routes_and_populated_road_sources_7am_to_11pm_round_3,0,SHAPE__Area,SHAPE__Area,,FALSE,TRUE,FALSE,,,,2,2,FALSE,FALSE,,,
99401,day_time_average_noise_level_of_major_traffic_routes_and_populated_road_sources_7am_to_11pm_round_3,0,st_perimeter(shape),st_perimeter(shape),,FALSE,TRUE,FALSE,,,,2,2,FALSE,FALSE,,,
99501,night_time_average_noise_level_on_network_rail_and_hs1_routes_and_populated_rail_sources_11pm_to_7am_round_3,0,objectid,OBJECTID,,FALSE,TRUE,FALSE,,,,2,2,FALSE,FALSE,,,
99601,night_time_average_noise_level_on_network_rail_and_hs1_routes_and_populated_rail_sources_11pm_to_7am_round_3,0,rail_nlnight_id,Rail_NLnight_ID,,FALSE,TRUE,TRUE,,,,2,2,FALSE,FALSE,,,
99701,night_time_average_noise_level_on_network_rail_and_hs1_routes_and_populated_rail_sources_11pm_to_7am_round_3,0,noiseclass,noiseclass,,FALSE,TRUE,TRUE,,,,2,2,FALSE,FALSE,,,
99801,night_time_average_noise_level_on_network_rail_and_hs1_routes_and_populated_rail_sources_11pm_to_7am_round_3,0,SHAPE__Area,SHAPE__Area,,FALSE,TRUE,FALSE,,,,2,2,FALSE,FALSE,,,
99901,night_time_average_noise_level_on_network_rail_and_hs1_routes_and_populated_rail_sources_11pm_to_7am_round_3,0,st_perimeter(shape),st_perimeter(shape),,FALSE,TRUE,FALSE,,,,2,2,FALSE,FALSE,,,
100001,average_24_hour_noise_level_on_network_rail_and_hs1_routes_and_populated_rail_sources_round_3,0,objectid,OBJECTID,,FALSE,TRUE,FALSE,,,,2,2,FALSE,FALSE,,,
100101,average_24_hour_noise_level_on_network_rail_and_hs1_routes_and_populated_rail_sources_round_3,0,rail_nlden_id,Rail_NLden_ID,,FALSE,TRUE,TRUE,,,,2,2,FALSE,FALSE,,,
100201,average_24_hour_noise_level_on_network_rail_and_hs1_routes_and_populated_rail_sources_round_3,0,noiseclass,noiseclass,,FALSE,TRUE,TRUE,,,,2,2,FALSE,FALSE,,,
100301,average_24_hour_noise_level_on_network_rail_and_hs1_routes_and_populated_rail_sources_round_3,0,SHAPE__Area,SHAPE__Area,,FALSE,TRUE,FALSE,,,,2,2,FALSE,FALSE,,,
100401,average_24_hour_noise_level_on_network_rail_and_hs1_routes_and_populated_rail_sources_round_3,0,st_perimeter(shape),st_perimeter(shape),,FALSE,TRUE,FALSE,,,,2,2,FALSE,FALSE,,,
100501,day_time_average_noise_level_on_network_rail_and_hs1_routes_and_populated_rail_sources_7am_to_11pm_round_3,0,objectid,OBJECTID,,FALSE,TRUE,FALSE,,,,2,2,FALSE,FALSE,,,
100601,day_time_average_noise_level_on_network_rail_and_hs1_routes_and_populated_rail_sources_7am_to_11pm_round_3,0,rail_nlaeq16h_id,Rail_NLAeq16h_ID,,FALSE,TRUE,TRUE,,,,2,2,FALSE,FALSE,,,
100701,day_time_average_noise_level_on_network_rail_and_hs1_routes_and_populated_rail_sources_7am_to_11pm_round_3,0,noiseclass,noiseclass,,FALSE,TRUE,TRUE,,,,2,2,FALSE,FALSE,,,
100801,day_time_average_noise_level_on_network_rail_and_hs1_routes_and_populated_rail_sources_7am_to_11pm_round_3,0,SHAPE__Area,SHAPE__Area,,FALSE,TRUE,FALSE,,,,2,2,FALSE,FALSE,,,
100901,day_time_average_noise_level_on_network_rail_and_hs1_routes_and_populated_rail_sources_7am_to_11pm_round_3,0,st_perimeter(shape),st_perimeter(shape),,FALSE,TRUE,FALSE,,,,2,2,FALSE,FALSE,,,
101001,urban_areas_required_to_undertake_strategic_noise_mapping_round_3,0,objectid,OBJECTID,,FALSE,TRUE,FALSE,,,,2,2,FALSE,FALSE,,,
101101,urban_areas_required_to_undertake_strategic_noise_mapping_round_3,0,end_nma_id,END_NMA_ID,,FALSE,TRUE,TRUE,,,,2,2,FALSE,FALSE,,,
101201,urban_areas_required_to_undertake_strategic_noise_mapping_round_3,0,code,Code,,FALSE,TRUE,TRUE,,,,2,2,FALSE,FALSE,,,
101301,urban_areas_required_to_undertake_strategic_noise_mapping_round_3,0,name,Name,,FALSE,TRUE,TRUE,,,,2,2,FALSE,FALSE,,,
101401,urban_areas_required_to_undertake_strategic_noise_mapping_round_3,0,SHAPE__Area,SHAPE__Area,,FALSE,TRUE,FALSE,,,,2,2,FALSE,FALSE,,,
101501,urban_areas_required_to_undertake_strategic_noise_mapping_round_3,0,st_perimeter(shape),st_perimeter(shape),,FALSE,TRUE,FALSE,,,,2,2,FALSE,FALSE,,,
101601,uk_air_mbp_benzene_annual_means,0,1,Benzene annual mean (micrograms per cubic metre) 2022,[ModelledBackgroundPollution_Cells],TRUE,TRUE,FALSE,,,,2,2,FALSE,FALSE,,,
101701,uk_air_mbp_benzene_annual_means,0,2,Benzene annual mean (micrograms per cubic metre) 2021,[ModelledBackgroundPollution_Cells],TRUE,TRUE,FALSE,,,,2,2,FALSE,FALSE,,,
101801,uk_air_mbp_benzene_annual_means,0,3,Benzene annual mean (micrograms per cubic metre) 2020,[ModelledBackgroundPollution_Cells],TRUE,TRUE,FALSE,,,,2,2,FALSE,FALSE,,,
101901,uk_air_mbp_benzene_annual_means,0,4,Benzene annual mean (micrograms per cubic metre) 2019,[ModelledBackgroundPollution_Cells],TRUE,TRUE,FALSE,,,,2,2,FALSE,FALSE,,,
102001,uk_air_mbp_benzene_annual_means,0,5,Benzene annual mean (micrograms per cubic metre) 2018,[ModelledBackgroundPollution_Cells],TRUE,TRUE,FALSE,,,,2,2,FALSE,FALSE,,,
102101,uk_air_mbp_benzene_annual_means,0,6,Benzene annual mean (micrograms per cubic metre) 2017,[ModelledBackgroundPollution_Cells],TRUE,TRUE,FALSE,,,,2,2,FALSE,FALSE,,,
102201,uk_air_mbp_benzene_annual_means,0,7,Benzene annual mean (micrograms per cubic metre) 2016,[ModelledBackgroundPollution_Cells],TRUE,TRUE,FALSE,,,,2,2,FALSE,FALSE,,,
102301,uk_air_mbp_benzene_annual_means,0,8,Benzene annual mean (micrograms per cubic metre) 2015,[ModelledBackgroundPollution_Cells],TRUE,TRUE,FALSE,,,,2,2,FALSE,FALSE,,,
102401,uk_air_mbp_benzene_annual_means,0,9,Benzene annual mean (micrograms per cubic metre) 2014,[ModelledBackgroundPollution_Cells],TRUE,TRUE,FALSE,,,,2,2,FALSE,FALSE,,,
102501,uk_air_mbp_benzene_annual_means,0,10,Benzene annual mean (micrograms per cubic metre) 2013,[ModelledBackgroundPollution_Cells],TRUE,TRUE,FALSE,,,,2,2,FALSE,FALSE,,,
102601,uk_air_mbp_benzene_annual_means,0,11,Benzene annual mean (micrograms per cubic metre) 2012,[ModelledBackgroundPollution_Cells],TRUE,TRUE,FALSE,,,,2,2,FALSE,FALSE,,,
102701,uk_air_mbp_benzene_annual_means,0,12,Benzene annual mean (micrograms per cubic metre) 2011,[ModelledBackgroundPollution_Cells],TRUE,TRUE,FALSE,,,,2,2,FALSE,FALSE,,,
102801,uk_air_mbp_benzene_annual_means,0,13,Benzene annual mean (micrograms per cubic metre) 2010,[ModelledBackgroundPollution_Cells],TRUE,TRUE,FALSE,,,,2,2,FALSE,FALSE,,,
102901,uk_air_mbp_carbon_monoxide_co_annual_means,0,15,Carbon Monoxide (milligrams per cubic metre) 2010,[ModelledBackgroundPollution_Cells],TRUE,TRUE,FALSE,,,,2,2,FALSE,FALSE,,,
103001,uk_air_mbp_carbon_monoxide_co_annual_means,0,16,Carbon Monoxide (max 8 hours mean) (milligrams per cubic metre) 2010,[ModelledBackgroundPollution_Cells],TRUE,TRUE,FALSE,,,,2,2,FALSE,FALSE,,,
103101,uk_air_mbp_nitrogen_dioxide_no2_annual_means,0,32,Nitrogen Dioxide annual mean (micrograms per cubic metre) 2022,[ModelledBackgroundPollution_Cells],TRUE,TRUE,FALSE,,,,2,2,FALSE,FALSE,,,
103201,uk_air_mbp_nitrogen_dioxide_no2_annual_means,0,33,Nitrogen Dioxide annual mean (micrograms per cubic metre) 2021,[ModelledBackgroundPollution_Cells],TRUE,TRUE,FALSE,,,,2,2,FALSE,FALSE,,,
103301,uk_air_mbp_nitrogen_dioxide_no2_annual_means,0,34,Nitrogen Dioxide annual mean (micrograms per cubic metre) 2020,[ModelledBackgroundPollution_Cells],TRUE,TRUE,FALSE,,,,2,2,FALSE,FALSE,,,
103401,uk_air_mbp_nitrogen_dioxide_no2_annual_means,0,35,Nitrogen Dioxide annual mean (micrograms per cubic metre) 2019,[ModelledBackgroundPollution_Cells],TRUE,TRUE,FALSE,,,,2,2,FALSE,FALSE,,,
103501,uk_air_mbp_nitrogen_dioxide_no2_annual_means,0,36,Nitrogen Dioxide annual mean (micrograms per cubic metre) 2018,[ModelledBackgroundPollution_Cells],TRUE,TRUE,FALSE,,,,2,2,FALSE,FALSE,,,
103601,uk_air_mbp_nitrogen_dioxide_no2_annual_means,0,37,Nitrogen Dioxide annual mean (micrograms per cubic metre) 2017,[ModelledBackgroundPollution_Cells],TRUE,TRUE,FALSE,,,,2,2,FALSE,FALSE,,,
103701,uk_air_mbp_nitrogen_dioxide_no2_annual_means,0,38,Nitrogen Dioxide annual mean (micrograms per cubic metre) 2016,[ModelledBackgroundPollution_Cells],TRUE,TRUE,FALSE,,,,2,2,FALSE,FALSE,,,
103801,uk_air_mbp_nitrogen_dioxide_no2_annual_means,0,39,Nitrogen Dioxide annual mean (micrograms per cubic metre) 2015,[ModelledBackgroundPollution_Cells],TRUE,TRUE,FALSE,,,,2,2,FALSE,FALSE,,,
103901,uk_air_mbp_nitrogen_dioxide_no2_annual_means,0,40,Nitrogen Dioxide annual mean (micrograms per cubic metre) 2014,[ModelledBackgroundPollution_Cells],TRUE,TRUE,FALSE,,,,2,2,FALSE,FALSE,,,
104001,uk_air_mbp_nitrogen_dioxide_no2_annual_means,0,41,Nitrogen Dioxide annual mean (micrograms per cubic metre) 2013,[ModelledBackgroundPollution_Cells],TRUE,TRUE,FALSE,,,,2,2,FALSE,FALSE,,,
104101,uk_air_mbp_nitrogen_dioxide_no2_annual_means,0,42,Nitrogen Dioxide annual mean (micrograms per cubic metre) 2012,[ModelledBackgroundPollution_Cells],TRUE,TRUE,FALSE,,,,2,2,FALSE,FALSE,,,
104201,uk_air_mbp_nitrogen_dioxide_no2_annual_means,0,43,Nitrogen Dioxide annual mean (micrograms per cubic metre) 2011,[ModelledBackgroundPollution_Cells],TRUE,TRUE,FALSE,,,,2,2,FALSE,FALSE,,,
104301,uk_air_mbp_nitrogen_dioxide_no2_annual_means,0,44,Nitrogen Dioxide annual mean (micrograms per cubic metre) 2010,[ModelledBackgroundPollution_Cells],TRUE,TRUE,FALSE,,,,2,2,FALSE,FALSE,,,
104401,uk_air_mbp_nitrogen_oxides_nox_annual_means,0,46,Nitrogen Oxides annual mean (micrograms per cubic metre) 2022,[ModelledBackgroundPollution_Cells],TRUE,TRUE,FALSE,,,,2,2,FALSE,FALSE,,,
104501,uk_air_mbp_nitrogen_oxides_nox_annual_means,0,47,Nitrogen Oxides annual mean (micrograms per cubic metre) 2021,[ModelledBackgroundPollution_Cells],TRUE,TRUE,FALSE,,,,2,2,FALSE,FALSE,,,
104601,uk_air_mbp_nitrogen_oxides_nox_annual_means,0,48,Nitrogen Oxides annual mean (micrograms per cubic metre) 2020,[ModelledBackgroundPollution_Cells],TRUE,TRUE,FALSE,,,,2,2,FALSE,FALSE,,,
104701,uk_air_mbp_nitrogen_oxides_nox_annual_means,0,49,Nitrogen Oxides annual mean (micrograms per cubic metre) 2019,[ModelledBackgroundPollution_Cells],TRUE,TRUE,FALSE,,,,2,2,FALSE,FALSE,,,
104801,uk_air_mbp_nitrogen_oxides_nox_annual_means,0,50,Nitrogen Oxides annual mean (micrograms per cubic metre) 2018,[ModelledBackgroundPollution_Cells],TRUE,TRUE,FALSE,,,,2,2,FALSE,FALSE,,,
104901,uk_air_mbp_nitrogen_oxides_nox_annual_means,0,51,Nitrogen Oxides annual mean (micrograms per cubic metre) 2017,[ModelledBackgroundPollution_Cells],TRUE,TRUE,FALSE,,,,2,2,FALSE,FALSE,,,
105001,uk_air_mbp_nitrogen_oxides_nox_annual_means,0,52,Nitrogen Oxides annual mean (micrograms per cubic metre) 2016,[ModelledBackgroundPollution_Cells],TRUE,TRUE,FALSE,,,,2,2,FALSE,FALSE,,,
105101,uk_air_mbp_nitrogen_oxides_nox_annual_means,0,53,Nitrogen Oxides annual mean (micrograms per cubic metre) 2015,[ModelledBackgroundPollution_Cells],TRUE,TRUE,FALSE,,,,2,2,FALSE,FALSE,,,
105201,uk_air_mbp_nitrogen_oxides_nox_annual_means,0,54,Nitrogen Oxides annual mean (micrograms per cubic metre) 2014,[ModelledBackgroundPollution_Cells],TRUE,TRUE,FALSE,,,,2,2,FALSE,FALSE,,,
105301,uk_air_mbp_nitrogen_oxides_nox_annual_means,0,55,Nitrogen Oxides annual mean (micrograms per cubic metre) 2013,[ModelledBackgroundPollution_Cells],TRUE,TRUE,FALSE,,,,2,2,FALSE,FALSE,,,
105401,uk_air_mbp_nitrogen_oxides_nox_annual_means,0,56,Nitrogen Oxides annual mean (micrograms per cubic metre) 2012,[ModelledBackgroundPollution_Cells],TRUE,TRUE,FALSE,,,,2,2,FALSE,FALSE,,,
105501,uk_air_mbp_nitrogen_oxides_nox_annual_means,0,57,Nitrogen Oxides annual mean (micrograms per cubic metre) 2011,[ModelledBackgroundPollution_Cells],TRUE,TRUE,FALSE,,,,2,2,FALSE,FALSE,,,
105601,uk_air_mbp_nitrogen_oxides_nox_annual_means,0,58,Nitrogen Oxides annual mean (micrograms per cubic metre) 2010,[ModelledBackgroundPollution_Cells],TRUE,TRUE,FALSE,,,,2,2,FALSE,FALSE,,,
105701,uk_air_mbp_ozone_o3_annual_means,0,18,Ozone (dgt 120) 2022,[ModelledBackgroundPollution_Cells],TRUE,TRUE,FALSE,,,,2,2,FALSE,FALSE,,,
105801,uk_air_mbp_ozone_o3_annual_means,0,19,Ozone (dgt 120) 2021,[ModelledBackgroundPollution_Cells],TRUE,TRUE,FALSE,,,,2,2,FALSE,FALSE,,,
105901,uk_air_mbp_ozone_o3_annual_means,0,20,Ozone (dgt 120) 2020,[ModelledBackgroundPollution_Cells],TRUE,TRUE,FALSE,,,,2,2,FALSE,FALSE,,,
106001,uk_air_mbp_ozone_o3_annual_means,0,21,Ozone (dgt 120) 2019,[ModelledBackgroundPollution_Cells],TRUE,TRUE,FALSE,,,,2,2,FALSE,FALSE,,,
106101,uk_air_mbp_ozone_o3_annual_means,0,22,Ozone (dgt 120) 2018,[ModelledBackgroundPollution_Cells],TRUE,TRUE,FALSE,,,,2,2,FALSE,FALSE,,,
106201,uk_air_mbp_ozone_o3_annual_means,0,23,Ozone (dgt 120) 2017,[ModelledBackgroundPollution_Cells],TRUE,TRUE,FALSE,,,,2,2,FALSE,FALSE,,,
106301,uk_air_mbp_ozone_o3_annual_means,0,24,Ozone (dgt 120) 2016,[ModelledBackgroundPollution_Cells],TRUE,TRUE,FALSE,,,,2,2,FALSE,FALSE,,,
106401,uk_air_mbp_ozone_o3_annual_means,0,25,Ozone (dgt 120) 2015,[ModelledBackgroundPollution_Cells],TRUE,TRUE,FALSE,,,,2,2,FALSE,FALSE,,,
106501,uk_air_mbp_ozone_o3_annual_means,0,26,Ozone (dgt 120) 2014,[ModelledBackgroundPollution_Cells],TRUE,TRUE,FALSE,,,,2,2,FALSE,FALSE,,,
106601,uk_air_mbp_ozone_o3_annual_means,0,27,Ozone (dgt 120) 2013,[ModelledBackgroundPollution_Cells],TRUE,TRUE,FALSE,,,,2,2,FALSE,FALSE,,,
106701,uk_air_mbp_ozone_o3_annual_means,0,28,Ozone (dgt 120) 2012,[ModelledBackgroundPollution_Cells],TRUE,TRUE,FALSE,,,,2,2,FALSE,FALSE,,,
106801,uk_air_mbp_ozone_o3_annual_means,0,29,Ozone (dgt 120) 2011,[ModelledBackgroundPollution_Cells],TRUE,TRUE,FALSE,,,,2,2,FALSE,FALSE,,,
106901,uk_air_mbp_ozone_o3_annual_means,0,30,Ozone (dgt 120) 2010,[ModelledBackgroundPollution_Cells],TRUE,TRUE,FALSE,,,,2,2,FALSE,FALSE,,,
107001,uk_air_mbp_pm_2_5_annual_means,0,74,Particulate Matter less than 2.5 micrometre annual mean (micrograms per cubic metre) 2022,[ModelledBackgroundPollution_Cells],TRUE,TRUE,FALSE,,,,2,2,FALSE,FALSE,,,
107101,uk_air_mbp_pm_2_5_annual_means,0,75,Particulate Matter less than 2.5 micrometre annual mean (micrograms per cubic metre) 2021,[ModelledBackgroundPollution_Cells],TRUE,TRUE,FALSE,,,,2,2,FALSE,FALSE,,,
107201,uk_air_mbp_pm_2_5_annual_means,0,76,Particulate Matter less than 2.5 micrometre annual mean (micrograms per cubic metre) 2020,[ModelledBackgroundPollution_Cells],TRUE,TRUE,FALSE,,,,2,2,FALSE,FALSE,,,
107301,uk_air_mbp_pm_2_5_annual_means,0,77,Particulate Matter less than 2.5 micrometre annual mean (micrograms per cubic metre) 2019,[ModelledBackgroundPollution_Cells],TRUE,TRUE,FALSE,,,,2,2,FALSE,FALSE,,,
107401,uk_air_mbp_pm_2_5_annual_means,0,78,Particulate Matter less than 2.5 micrometre annual mean (micrograms per cubic metre) 2018,[ModelledBackgroundPollution_Cells],TRUE,TRUE,FALSE,,,,2,2,FALSE,FALSE,,,
107501,uk_air_mbp_pm_2_5_annual_means,0,79,Particulate Matter less than 2.5 micrometre annual mean (micrograms per cubic metre) 2017,[ModelledBackgroundPollution_Cells],TRUE,TRUE,FALSE,,,,2,2,FALSE,FALSE,,,
107601,uk_air_mbp_pm_2_5_annual_means,0,80,Particulate Matter less than 2.5 micrometre annual mean (micrograms per cubic metre) 2016,[ModelledBackgroundPollution_Cells],TRUE,TRUE,FALSE,,,,2,2,FALSE,FALSE,,,
107701,uk_air_mbp_pm_2_5_annual_means,0,81,Particulate Matter less than 2.5 micrometre annual mean (micrograms per cubic metre) 2015,[ModelledBackgroundPollution_Cells],TRUE,TRUE,FALSE,,,,2,2,FALSE,FALSE,,,
107801,uk_air_mbp_pm_2_5_annual_means,0,82,Particulate Matter less than 2.5 micrometre annual mean (micrograms per cubic metre) 2014,[ModelledBackgroundPollution_Cells],TRUE,TRUE,FALSE,,,,2,2,FALSE,FALSE,,,
107901,uk_air_mbp_pm_2_5_annual_means,0,83,Particulate Matter less than 2.5 micrometre annual mean (micrograms per cubic metre) 2013,[ModelledBackgroundPollution_Cells],TRUE,TRUE,FALSE,,,,2,2,FALSE,FALSE,,,
108001,uk_air_mbp_pm_2_5_annual_means,0,84,Particulate Matter less than 2.5 micrometre annual mean (micrograms per cubic metre) 2012,[ModelledBackgroundPollution_Cells],TRUE,TRUE,FALSE,,,,2,2,FALSE,FALSE,,,
108101,uk_air_mbp_pm_2_5_annual_means,0,85,Particulate Matter less than 2.5 micrometre annual mean (micrograms per cubic metre) 2011,[ModelledBackgroundPollution_Cells],TRUE,TRUE,FALSE,,,,2,2,FALSE,FALSE,,,
108201,uk_air_mbp_pm_2_5_annual_means,0,86,Particulate Matter less than 2.5 micrometre annual mean (micrograms per cubic metre) 2010,[ModelledBackgroundPollution_Cells],TRUE,TRUE,FALSE,,,,2,2,FALSE,FALSE,,,
108301,uk_air_mbp_pm_10_annual_means,0,60,Particulate Matter less than 10 micrometre annual mean (micrograms per cubic metre) 2022,[ModelledBackgroundPollution_Cells],TRUE,TRUE,FALSE,,,,2,2,FALSE,FALSE,,,
108401,uk_air_mbp_pm_10_annual_means,0,61,Particulate Matter less than 10 micrometre annual mean (micrograms per cubic metre) 2021,[ModelledBackgroundPollution_Cells],TRUE,TRUE,FALSE,,,,2,2,FALSE,FALSE,,,
108501,uk_air_mbp_pm_10_annual_means,0,62,Particulate Matter less than 10 micrometre annual mean (micrograms per cubic metre) 2020,[ModelledBackgroundPollution_Cells],TRUE,TRUE,FALSE,,,,2,2,FALSE,FALSE,,,
108601,uk_air_mbp_pm_10_annual_means,0,63,Particulate Matter less than 10 micrometre annual mean (micrograms per cubic metre) 2019,[ModelledBackgroundPollution_Cells],TRUE,TRUE,FALSE,,,,2,2,FALSE,FALSE,,,
108701,uk_air_mbp_pm_10_annual_means,0,64,Particulate Matter less than 10 micrometre annual mean (micrograms per cubic metre) 2018,[ModelledBackgroundPollution_Cells],TRUE,TRUE,FALSE,,,,2,2,FALSE,FALSE,,,
108801,uk_air_mbp_pm_10_annual_means,0,65,Particulate Matter less than 10 micrometre annual mean (micrograms per cubic metre) 2017,[ModelledBackgroundPollution_Cells],TRUE,TRUE,FALSE,,,,2,2,FALSE,FALSE,,,
108901,uk_air_mbp_pm_10_annual_means,0,66,Particulate Matter less than 10 micrometre annual mean (micrograms per cubic metre) 2016,[ModelledBackgroundPollution_Cells],TRUE,TRUE,FALSE,,,,2,2,FALSE,FALSE,,,
109001,uk_air_mbp_pm_10_annual_means,0,67,Particulate Matter less than 10 micrometre annual mean (micrograms per cubic metre) 2015,[ModelledBackgroundPollution_Cells],TRUE,TRUE,FALSE,,,,2,2,FALSE,FALSE,,,
109101,uk_air_mbp_pm_10_annual_means,0,68,Particulate Matter less than 10 micrometre annual mean (micrograms per cubic metre) 2014,[ModelledBackgroundPollution_Cells],TRUE,TRUE,FALSE,,,,2,2,FALSE,FALSE,,,
109201,uk_air_mbp_pm_10_annual_means,0,69,Particulate Matter less than 10 micrometre annual mean (micrograms per cubic metre) 2013,[ModelledBackgroundPollution_Cells],TRUE,TRUE,FALSE,,,,2,2,FALSE,FALSE,,,
109301,uk_air_mbp_pm_10_annual_means,0,70,Particulate Matter less than 10 micrometre annual mean (micrograms per cubic metre) 2012,[ModelledBackgroundPollution_Cells],TRUE,TRUE,FALSE,,,,2,2,FALSE,FALSE,,,
109401,uk_air_mbp_pm_10_annual_means,0,71,Particulate Matter less than 10 micrometre annual mean (micrograms per cubic metre) 2011,[ModelledBackgroundPollution_Cells],TRUE,TRUE,FALSE,,,,2,2,FALSE,FALSE,,,
109501,uk_air_mbp_pm_10_annual_means,0,72,Particulate Matter less than 10 micrometre annual mean (micrograms per cubic metre) 2010,[ModelledBackgroundPollution_Cells],TRUE,TRUE,FALSE,,,,2,2,FALSE,FALSE,,,
109601,uk_air_mbp_sulfur_dioxide_so2_annual_means,0,88,Sulphur Dioxide annual mean (micrograms per cubic metre) 2022,[ModelledBackgroundPollution_Cells],TRUE,TRUE,FALSE,,,,2,2,FALSE,FALSE,,,
109701,uk_air_mbp_sulfur_dioxide_so2_annual_means,0,89,Sulphur Dioxide annual mean (micrograms per cubic metre) 2021,[ModelledBackgroundPollution_Cells],TRUE,TRUE,FALSE,,,,2,2,FALSE,FALSE,,,
109801,uk_air_mbp_sulfur_dioxide_so2_annual_means,0,90,Sulphur Dioxide annual mean (micrograms per cubic metre) 2020,[ModelledBackgroundPollution_Cells],TRUE,TRUE,FALSE,,,,2,2,FALSE,FALSE,,,
109901,uk_air_mbp_sulfur_dioxide_so2_annual_means,0,91,Sulphur Dioxide annual mean (micrograms per cubic metre) 2019,[ModelledBackgroundPollution_Cells],TRUE,TRUE,FALSE,,,,2,2,FALSE,FALSE,,,
110001,uk_air_mbp_sulfur_dioxide_so2_annual_means,0,92,Sulphur Dioxide annual mean (micrograms per cubic metre) 2018,[ModelledBackgroundPollution_Cells],TRUE,TRUE,FALSE,,,,2,2,FALSE,FALSE,,,
110101,uk_air_mbp_sulfur_dioxide_so2_annual_means,0,93,Sulphur Dioxide annual mean (micrograms per cubic metre) 2017,[ModelledBackgroundPollution_Cells],TRUE,TRUE,FALSE,,,,2,2,FALSE,FALSE,,,
110201,uk_air_mbp_sulfur_dioxide_so2_annual_means,0,94,Sulphur Dioxide annual mean (micrograms per cubic metre) 2016,[ModelledBackgroundPollution_Cells],TRUE,TRUE,FALSE,,,,2,2,FALSE,FALSE,,,
110301,uk_air_mbp_sulfur_dioxide_so2_annual_means,0,95,Sulphur Dioxide annual mean (micrograms per cubic metre) 2015,[ModelledBackgroundPollution_Cells],TRUE,TRUE,FALSE,,,,2,2,FALSE,FALSE,,,
110401,uk_air_mbp_sulfur_dioxide_so2_annual_means,0,96,Sulphur Dioxide annual mean (micrograms per cubic metre) 2014,[ModelledBackgroundPollution_Cells],TRUE,TRUE,FALSE,,,,2,2,FALSE,FALSE,,,
110501,uk_air_mbp_sulfur_dioxide_so2_annual_means,0,97,Sulphur Dioxide annual mean (micrograms per cubic metre) 2013,[ModelledBackgroundPollution_Cells],TRUE,TRUE,FALSE,,,,2,2,FALSE,FALSE,,,
110601,uk_air_mbp_sulfur_dioxide_so2_annual_means,0,98,Sulphur Dioxide annual mean (micrograms per cubic metre) 2012,[ModelledBackgroundPollution_Cells],TRUE,TRUE,FALSE,,,,2,2,FALSE,FALSE,,,
110701,uk_air_mbp_sulfur_dioxide_so2_annual_means,0,99,Sulphur Dioxide annual mean (micrograms per cubic metre) 2011,[ModelledBackgroundPollution_Cells],TRUE,TRUE,FALSE,,,,2,2,FALSE,FALSE,,,
110801,uk_air_mbp_sulfur_dioxide_so2_annual_means,0,100,Sulphur Dioxide annual mean (micrograms per cubic metre) 2010,[ModelledBackgroundPollution_Cells],TRUE,TRUE,FALSE,,,,2,2,FALSE,FALSE,,,
110901,carbon_storage,0,objectid15,OBJECTID,,FALSE,TRUE,FALSE,,,,2,2,FALSE,FALSE,,,
111001,carbon_storage,0,gridcode15,gridcode,,FALSE,TRUE,FALSE,,,,2,2,FALSE,FALSE,,,
111101,carbon_storage,0,shape15,Shape,,FALSE,TRUE,FALSE,,,,2,2,FALSE,FALSE,,,
111201,carbon_storage,0,st_area(shape)15,st_area(shape),,FALSE,TRUE,FALSE,,,,2,2,FALSE,FALSE,,,
111301,carbon_storage,0,st_perimeter(shape)15,st_perimeter(shape),,FALSE,TRUE,FALSE,,,,2,2,FALSE,FALSE,,,
111401,carbon_storage,0,0,Carbon Storage - Correlation Coefficient Ensemble,[Carbon_Cells],TRUE,TRUE,FALSE,,,https://nerc-digital-solutions-hub.github.io/dsh-metadata/UPRN/CEH/CarbonStorage/gmd/Carbon_CorCoefEnsemble.xml,2,2,FALSE,FALSE,,,
111501,carbon_storage,0,1,Carbon Storage - Deviance Weighted Ensemble,[Carbon_Cells],TRUE,TRUE,FALSE,,,https://nerc-digital-solutions-hub.github.io/dsh-metadata/UPRN/CEH/CarbonStorage/gmd/Carbon_DevianceWeightedEnsemble.xml,2,2,FALSE,FALSE,,,
111601,carbon_storage,0,2,Carbon Storage - Down the Distinct Ensemble,[Carbon_Cells],TRUE,TRUE,FALSE,,,https://nerc-digital-solutions-hub.github.io/dsh-metadata/UPRN/CEH/CarbonStorage/gmd/Carbon_DownDistinctEnsemble.xml,2,2,FALSE,FALSE,,,
111701,carbon_storage,0,3,Carbon Storage - Grain Size Ensemble,[Carbon_Cells],TRUE,TRUE,FALSE,,,https://nerc-digital-solutions-hub.github.io/dsh-metadata/UPRN/CEH/CarbonStorage/gmd/Carbon_GrainSizeEnsemble.xml,2,2,FALSE,FALSE,,,
111801,carbon_storage,0,4,Carbon Storage - Leave-one-out Cross-validation Ensemble,[Carbon_Cells],TRUE,TRUE,FALSE,,,https://nerc-digital-solutions-hub.github.io/dsh-metadata/UPRN/CEH/CarbonStorage/gmd/Carbon_LeaveOneOutEnsemble.xml,2,2,FALSE,FALSE,,,
111901,carbon_storage,0,5,Carbon Storage - Log-likelihood Regression Ensemble,[Carbon_Cells],TRUE,TRUE,FALSE,,,https://nerc-digital-solutions-hub.github.io/dsh-metadata/UPRN/CEH/CarbonStorage/gmd/Carbon_LogLikeEnsemble.xml,2,2,FALSE,FALSE,,,
112001,carbon_storage,0,6,Carbon Storage - Mean Ensemble,[Carbon_Cells],TRUE,TRUE,FALSE,,,https://nerc-digital-solutions-hub.github.io/dsh-metadata/UPRN/CEH/CarbonStorage/gmd/Carbon_MeanEnsemble.xml,2,2,FALSE,FALSE,,,
112101,carbon_storage,0,7,Carbon Storage - Median Ensemble,[Carbon_Cells],TRUE,TRUE,FALSE,,,https://nerc-digital-solutions-hub.github.io/dsh-metadata/UPRN/CEH/CarbonStorage/gmd/Carbon_MedianEnsemble.xml,2,2,FALSE,FALSE,,,
112201,carbon_storage,0,8,Carbon Storage - PCA Ensemble,[Carbon_Cells],TRUE,TRUE,FALSE,,,https://nerc-digital-solutions-hub.github.io/dsh-metadata/UPRN/CEH/CarbonStorage/gmd/Carbon_PCAEnsemble.xml,2,2,FALSE,FALSE,,,
112301,carbon_storage,0,9,Carbon Storage - Regression to the Median Ensemble,[Carbon_Cells],TRUE,TRUE,FALSE,,,https://nerc-digital-solutions-hub.github.io/dsh-metadata/UPRN/CEH/CarbonStorage/gmd/Carbon_Regress2MedianEnsemble.xml,2,2,FALSE,FALSE,,,
112401,carbon_storage,0,10,Carbon Storage - RHO Weighted Ensembles,[Carbon_Cells],TRUE,TRUE,FALSE,,,https://nerc-digital-solutions-hub.github.io/dsh-metadata/UPRN/CEH/CarbonStorage/gmd/Carbon_RhoWeightedEnsemble.xml,2,2,FALSE,FALSE,,,
112501,carbon_storage,0,11,Carbon Storage - Up the Distinct Ensemble,[Carbon_Cells],TRUE,TRUE,FALSE,,,https://nerc-digital-solutions-hub.github.io/dsh-metadata/UPRN/CEH/CarbonStorage/gmd/Carbon_UpDistinctEnsemble.xml,2,2,FALSE,FALSE,,,
112601,carbon_storage,0,12,Carbon Storage - Standard Error of the Mean among Ensembles,[Carbon_Cells],TRUE,TRUE,FALSE,,,https://nerc-digital-solutions-hub.github.io/dsh-metadata/UPRN/CEH/CarbonStorage/gmd/Carbon_SEMamongEnsembles.xml,2,2,FALSE,FALSE,,,
112701,carbon_storage,0,13,Carbon Storage - Standard Error of the Mean among Models,[Carbon_Cells],TRUE,TRUE,FALSE,,,https://nerc-digital-solutions-hub.github.io/dsh-metadata/UPRN/CEH/CarbonStorage/gmd/Carbon_SEMamongModels.xml,2,2,FALSE,FALSE,,,
112801,ellenberg_vegetation_indicators,0,objectid15,OBJECTID,,FALSE,TRUE,FALSE,,,,2,2,FALSE,FALSE,,,
112901,ellenberg_vegetation_indicators,0,gridcode15,gridcode,,FALSE,TRUE,FALSE,,,,2,2,FALSE,FALSE,,,
113001,ellenberg_vegetation_indicators,0,shape15,Shape,,FALSE,TRUE,FALSE,,,,2,2,FALSE,FALSE,,,
113101,ellenberg_vegetation_indicators,0,st_area(shape)15,st_area(shape),,FALSE,TRUE,FALSE,,,,2,2,FALSE,FALSE,,,
113201,ellenberg_vegetation_indicators,0,st_perimeter(shape)15,st_perimeter(shape),,FALSE,TRUE,FALSE,,,,2,2,FALSE,FALSE,,,
113301,ellenberg_vegetation_indicators,0,1,Ellenberg Vegetation Indicators - Difference in Non Cover-Weighted Soil Reactivity Indicators between 1990 and the 2015-2019 period,[EVI_Cells],TRUE,TRUE,FALSE,,,https://nerc-digital-solutions-hub.github.io/dsh-metadata/UPRN/CEH/EllenbergVegetationIndicators/gmd/ebergr_site_difference__EPSG_27700.xml,2,2,FALSE,FALSE,,,
113401,ellenberg_vegetation_indicators,0,2,Ellenberg Vegetation Indicators - Non Cover-Weighted Soil Reactivity Indicator for 1990,[EVI_Cells],TRUE,TRUE,FALSE,,,https://nerc-digital-solutions-hub.github.io/dsh-metadata/UPRN/CEH/EllenbergVegetationIndicators/gmd/ebergr_site_90__EPSG_27700.xml,2,2,FALSE,FALSE,,,
113501,ellenberg_vegetation_indicators,0,3,Ellenberg Vegetation Indicators - Non Cover-Weighted Soil Reactivity Indicator for the 2015-2019 period,[EVI_Cells],TRUE,TRUE,FALSE,,,https://nerc-digital-solutions-hub.github.io/dsh-metadata/UPRN/CEH/EllenbergVegetationIndicators/gmd/ebergr_site_15_19__EPSG_27700.xml,2,2,FALSE,FALSE,,,
113601,ellenberg_vegetation_indicators,0,4,Ellenberg Vegetation Indicators - Difference in Cover-Weighted Soil Reactivity Indicators between 1990 and the 2015-2019 period,[EVI_Cells],TRUE,TRUE,FALSE,,,https://nerc-digital-solutions-hub.github.io/dsh-metadata/UPRN/CEH/EllenbergVegetationIndicators/gmd/ebergr_cwt_difference__EPSG_27700.xml,2,2,FALSE,FALSE,,,
113701,ellenberg_vegetation_indicators,0,5,Ellenberg Vegetation Indicators - Cover-Weighted Soil Reactivity Indicator for 1990,[EVI_Cells],TRUE,TRUE,FALSE,,,https://nerc-digital-solutions-hub.github.io/dsh-metadata/UPRN/CEH/EllenbergVegetationIndicators/gmd/ebergr_cwt_90__EPSG_27700.xml,2,2,FALSE,FALSE,,,
113801,ellenberg_vegetation_indicators,0,6,Ellenberg Vegetation Indicators - Cover-Weighted Soil Reactivity Indicator for the 2015-2019 period,[EVI_Cells],TRUE,TRUE,FALSE,,,https://nerc-digital-solutions-hub.github.io/dsh-metadata/UPRN/CEH/EllenbergVegetationIndicators/gmd/ebergr_cwt_15_19__EPSG_27700.xml,2,2,FALSE,FALSE,,,
113901,ellenberg_vegetation_indicators,0,7,Ellenberg Vegetation Indicators - Difference in Non Cover-Weighted Soil Fertility Indicators between 1990 and the 2015-2019 period,[EVI_Cells],TRUE,TRUE,FALSE,,,https://nerc-digital-solutions-hub.github.io/dsh-metadata/UPRN/CEH/EllenbergVegetationIndicators/gmd/ebergn_site_difference__EPSG_27700.xml,2,2,FALSE,FALSE,,,
114001,ellenberg_vegetation_indicators,0,8,Ellenberg Vegetation Indicators - Non Cover-Weighted Soil Fertility Indicator for 1990,[EVI_Cells],TRUE,TRUE,FALSE,,,https://nerc-digital-solutions-hub.github.io/dsh-metadata/UPRN/CEH/EllenbergVegetationIndicators/gmd/ebergn_site_90__EPSG_27700.xml,2,2,FALSE,FALSE,,,
114101,ellenberg_vegetation_indicators,0,9,Ellenberg Vegetation Indicators - Non Cover-Weighted Soil Fertility Indicator for the 2015-2019 period,[EVI_Cells],TRUE,TRUE,FALSE,,,https://nerc-digital-solutions-hub.github.io/dsh-metadata/UPRN/CEH/EllenbergVegetationIndicators/gmd/ebergn_site_15_19__EPSG_27700.xml,2,2,FALSE,FALSE,,,
114201,ellenberg_vegetation_indicators,0,10,Ellenberg Vegetation Indicators - Difference in Cover-Weighted Soil Fertility Indicators between 1990 Model and the 2015-2019 period,[EVI_Cells],TRUE,TRUE,FALSE,,,https://nerc-digital-solutions-hub.github.io/dsh-metadata/UPRN/CEH/EllenbergVegetationIndicators/gmd/ebergn_cwt_difference__EPSG_27700.xml,2,2,FALSE,FALSE,,,
114301,ellenberg_vegetation_indicators,0,11,Ellenberg Vegetation Indicators - Cover-Weighted Soil Fertility Indicator for 1990,[EVI_Cells],TRUE,TRUE,FALSE,,,https://nerc-digital-solutions-hub.github.io/dsh-metadata/UPRN/CEH/EllenbergVegetationIndicators/gmd/ebergn_cwt_90__EPSG_27700.xml,2,2,FALSE,FALSE,,,
114401,ellenberg_vegetation_indicators,0,12,Ellenberg Vegetation Indicators - Cover-Weighted Soil Fertility Indicator for the 2015-2019 period,[EVI_Cells],TRUE,TRUE,FALSE,,,https://nerc-digital-solutions-hub.github.io/dsh-metadata/UPRN/CEH/EllenbergVegetationIndicators/gmd/ebergn_cwt_15_19__EPSG_27700.xml,2,2,FALSE,FALSE,,,
114501,ellenberg_vegetation_indicators,0,13,Ellenberg Vegetation Indicators - Difference in Non Cover-Weighted Light Availability Indicators between 1990 and the 2015-2019 period,[EVI_Cells],TRUE,TRUE,FALSE,,,https://nerc-digital-solutions-hub.github.io/dsh-metadata/UPRN/CEH/EllenbergVegetationIndicators/gmd/ebergl_site_difference__EPSG_27700.xml,2,2,FALSE,FALSE,,,
114601,ellenberg_vegetation_indicators,0,14,Ellenberg Vegetation Indicators - Non Cover-Weighted Light Availability Indicator for 1990,[EVI_Cells],TRUE,TRUE,FALSE,,,https://nerc-digital-solutions-hub.github.io/dsh-metadata/UPRN/CEH/EllenbergVegetationIndicators/gmd/ebergl_site_90__EPSG_27700.xml,2,2,FALSE,FALSE,,,
114701,ellenberg_vegetation_indicators,0,15,Ellenberg Vegetation Indicators - Non Cover-Weighted Light Availability Indicator for the 2015-2019 period,[EVI_Cells],TRUE,TRUE,FALSE,,,https://nerc-digital-solutions-hub.github.io/dsh-metadata/UPRN/CEH/EllenbergVegetationIndicators/gmd/ebergl_site_15_19__EPSG_27700.xml,2,2,FALSE,FALSE,,,
114801,ellenberg_vegetation_indicators,0,16,Ellenberg Vegetation Indicators - Difference in Cover-Weighted Light Availability Indicators between 1990 and the 2015-2019 period,[EVI_Cells],TRUE,TRUE,FALSE,,,https://nerc-digital-solutions-hub.github.io/dsh-metadata/UPRN/CEH/EllenbergVegetationIndicators/gmd/ebergl_cwt_difference__EPSG_27700.xml,2,2,FALSE,FALSE,,,
114901,ellenberg_vegetation_indicators,0,17,Ellenberg Vegetation Indicators - Cover-Weighted Light Availability Indicator for 1990,[EVI_Cells],TRUE,TRUE,FALSE,,,https://nerc-digital-solutions-hub.github.io/dsh-metadata/UPRN/CEH/EllenbergVegetationIndicators/gmd/ebergl_cwt_90__EPSG_27700.xml,2,2,FALSE,FALSE,,,
115001,ellenberg_vegetation_indicators,0,18,Ellenberg Vegetation Indicators - Cover-Weighted Light Availability Indicator for the 2015-2019 period,[EVI_Cells],TRUE,TRUE,FALSE,,,https://nerc-digital-solutions-hub.github.io/dsh-metadata/UPRN/CEH/EllenbergVegetationIndicators/gmd/ebergl_cwt_15_19__EPSG_27700.xml,2,2,FALSE,FALSE,,,
115101,ellenberg_vegetation_indicators,0,19,Ellenberg Vegetation Indicators - Difference in Non Cover-Weighted Soil Moisture Indicators between 1990 and the 2015-2019 period,[EVI_Cells],TRUE,TRUE,FALSE,,,https://nerc-digital-solutions-hub.github.io/dsh-metadata/UPRN/CEH/EllenbergVegetationIndicators/gmd/ebergf_site_difference__EPSG_27700.xml,2,2,FALSE,FALSE,,,
115201,ellenberg_vegetation_indicators,0,20,Ellenberg Vegetation Indicators - Non Cover-Weighted Soil Moisture Indicator for 1990,[EVI_Cells],TRUE,TRUE,FALSE,,,https://nerc-digital-solutions-hub.github.io/dsh-metadata/UPRN/CEH/EllenbergVegetationIndicators/gmd/ebergf_site_90__EPSG_27700.xml,2,2,FALSE,FALSE,,,
115301,ellenberg_vegetation_indicators,0,21,Ellenberg Vegetation Indicators - Non Cover-Weighted Soil Moisture Indicator for the 2015-2019 period,[EVI_Cells],TRUE,TRUE,FALSE,,,https://nerc-digital-solutions-hub.github.io/dsh-metadata/UPRN/CEH/EllenbergVegetationIndicators/gmd/ebergf_site_15_19__EPSG_27700.xml,2,2,FALSE,FALSE,,,
115401,ellenberg_vegetation_indicators,0,22,Ellenberg Vegetation Indicators - Difference in Cover-Weighted Soil Moisture Indicators between 1990 and the 2015-2019 period,[EVI_Cells],TRUE,TRUE,FALSE,,,https://nerc-digital-solutions-hub.github.io/dsh-metadata/UPRN/CEH/EllenbergVegetationIndicators/gmd/ebergf_cwt_difference__EPSG_27700.xml,2,2,FALSE,FALSE,,,
115501,ellenberg_vegetation_indicators,0,23,Ellenberg Vegetation Indicators - Cover-Weighted Soil Moisture Indicator for 1990,[EVI_Cells],TRUE,TRUE,FALSE,,,https://nerc-digital-solutions-hub.github.io/dsh-metadata/UPRN/CEH/EllenbergVegetationIndicators/gmd/ebergf_cwt_90__EPSG_27700.xml,2,2,FALSE,FALSE,,,
115601,ellenberg_vegetation_indicators,0,24,Ellenberg Vegetation Indicators - Cover-Weighted Soil Moisture Indicator for the 2015-2019 period,[EVI_Cells],TRUE,TRUE,FALSE,,,https://nerc-digital-solutions-hub.github.io/dsh-metadata/UPRN/CEH/EllenbergVegetationIndicators/gmd/ebergf_cwt_15_19__EPSG_27700.xml,2,2,FALSE,FALSE,,,
115701,air_quality_index_nitrogen_dioxide_no2_daily_measurements_surface_level_annual_means,0,0,Air Quality Index - NO2 (Daily Measurements) (Surface Level) 2019 annual mean,[AQREAN_Cells],TRUE,TRUE,FALSE,,,https://nerc-digital-solutions-hub.github.io/dsh-metadata/UPRN/MetOffice/DSH/Annual/SL/daily_aqi_nitrogen_dioxide/2019.xml,2,2,FALSE,FALSE,,,
115801,air_quality_index_nitrogen_dioxide_no2_daily_measurements_surface_level_annual_means,0,1,Air Quality Index - NO2 (Daily Measurements) (Surface Level) 2018 annual mean,[AQREAN_Cells],TRUE,TRUE,FALSE,,,https://nerc-digital-solutions-hub.github.io/dsh-metadata/UPRN/MetOffice/DSH/Annual/SL/daily_aqi_nitrogen_dioxide/2018.xml,2,2,FALSE,FALSE,,,
115901,air_quality_index_nitrogen_dioxide_no2_daily_measurements_surface_level_annual_means,0,2,Air Quality Index - NO2 (Daily Measurements) (Surface Level) 2017 annual mean,[AQREAN_Cells],TRUE,TRUE,FALSE,,,https://nerc-digital-solutions-hub.github.io/dsh-metadata/UPRN/MetOffice/DSH/Annual/SL/daily_aqi_nitrogen_dioxide/2017.xml,2,2,FALSE,FALSE,,,
116001,air_quality_index_nitrogen_dioxide_no2_daily_measurements_surface_level_annual_means,0,3,Air Quality Index - NO2 (Daily Measurements) (Surface Level) 2016 annual mean,[AQREAN_Cells],TRUE,TRUE,FALSE,,,https://nerc-digital-solutions-hub.github.io/dsh-metadata/UPRN/MetOffice/DSH/Annual/SL/daily_aqi_nitrogen_dioxide/2016.xml,2,2,FALSE,FALSE,,,
116101,air_quality_index_nitrogen_dioxide_no2_daily_measurements_surface_level_annual_means,0,4,Air Quality Index - NO2 (Daily Measurements) (Surface Level) 2015 annual mean,[AQREAN_Cells],TRUE,TRUE,FALSE,,,https://nerc-digital-solutions-hub.github.io/dsh-metadata/UPRN/MetOffice/DSH/Annual/SL/daily_aqi_nitrogen_dioxide/2015.xml,2,2,FALSE,FALSE,,,
116201,air_quality_index_nitrogen_dioxide_no2_daily_measurements_surface_level_annual_means,0,5,Air Quality Index - NO2 (Daily Measurements) (Surface Level) 2014 annual mean,[AQREAN_Cells],TRUE,TRUE,FALSE,,,https://nerc-digital-solutions-hub.github.io/dsh-metadata/UPRN/MetOffice/DSH/Annual/SL/daily_aqi_nitrogen_dioxide/2014.xml,2,2,FALSE,FALSE,,,
116301,air_quality_index_nitrogen_dioxide_no2_daily_measurements_surface_level_annual_means,0,6,Air Quality Index - NO2 (Daily Measurements) (Surface Level) 2012 annual mean,[AQREAN_Cells],TRUE,TRUE,FALSE,,,https://nerc-digital-solutions-hub.github.io/dsh-metadata/UPRN/MetOffice/DSH/Annual/SL/daily_aqi_nitrogen_dioxide/2012.xml,2,2,FALSE,FALSE,,,
116401,air_quality_index_nitrogen_dioxide_no2_daily_measurements_surface_level_annual_means,0,7,Air Quality Index - NO2 (Daily Measurements) (Surface Level) 2011 annual mean,[AQREAN_Cells],TRUE,TRUE,FALSE,,,https://nerc-digital-solutions-hub.github.io/dsh-metadata/UPRN/MetOffice/DSH/Annual/SL/daily_aqi_nitrogen_dioxide/2011.xml,2,2,FALSE,FALSE,,,
116501,air_quality_index_nitrogen_dioxide_no2_daily_measurements_surface_level_annual_means,0,8,Air Quality Index - NO2 (Daily Measurements) (Surface Level) 2010 annual mean,[AQREAN_Cells],TRUE,TRUE,FALSE,,,https://nerc-digital-solutions-hub.github.io/dsh-metadata/UPRN/MetOffice/DSH/Annual/SL/daily_aqi_nitrogen_dioxide/2010.xml,2,2,FALSE,FALSE,,,
116601,air_quality_index_nitrogen_dioxide_no2_daily_measurements_surface_level_annual_means,0,9,Air Quality Index - NO2 (Daily Measurements) (Surface Level) 2009 annual mean,[AQREAN_Cells],TRUE,TRUE,FALSE,,,https://nerc-digital-solutions-hub.github.io/dsh-metadata/UPRN/MetOffice/DSH/Annual/SL/daily_aqi_nitrogen_dioxide/2009.xml,2,2,FALSE,FALSE,,,
116701,air_quality_index_nitrogen_dioxide_no2_daily_measurements_surface_level_annual_means,0,10,Air Quality Index - NO2 (Daily Measurements) (Surface Level) 2008 annual mean,[AQREAN_Cells],TRUE,TRUE,FALSE,,,https://nerc-digital-solutions-hub.github.io/dsh-metadata/UPRN/MetOffice/DSH/Annual/SL/daily_aqi_nitrogen_dioxide/2008.xml,2,2,FALSE,FALSE,,,
116801,air_quality_index_nitrogen_dioxide_no2_daily_measurements_surface_level_annual_means,0,11,Air Quality Index - NO2 (Daily Measurements) (Surface Level) 2007 annual mean,[AQREAN_Cells],TRUE,TRUE,FALSE,,,https://nerc-digital-solutions-hub.github.io/dsh-metadata/UPRN/MetOffice/DSH/Annual/SL/daily_aqi_nitrogen_dioxide/2007.xml,2,2,FALSE,FALSE,,,
116901,air_quality_index_nitrogen_dioxide_no2_daily_measurements_surface_level_annual_means,0,12,Air Quality Index - NO2 (Daily Measurements) (Surface Level) 2006 annual mean,[AQREAN_Cells],TRUE,TRUE,FALSE,,,https://nerc-digital-solutions-hub.github.io/dsh-metadata/UPRN/MetOffice/DSH/Annual/SL/daily_aqi_nitrogen_dioxide/2006.xml,2,2,FALSE,FALSE,,,
117001,air_quality_index_nitrogen_dioxide_no2_daily_measurements_surface_level_annual_means,0,13,Air Quality Index - NO2 (Daily Measurements) (Surface Level) 2005 annual mean,[AQREAN_Cells],TRUE,TRUE,FALSE,,,https://nerc-digital-solutions-hub.github.io/dsh-metadata/UPRN/MetOffice/DSH/Annual/SL/daily_aqi_nitrogen_dioxide/2005.xml,2,2,FALSE,FALSE,,,
117101,air_quality_index_nitrogen_dioxide_no2_daily_measurements_surface_level_annual_means,0,14,Air Quality Index - NO2 (Daily Measurements) (Surface Level) 2004 annual mean,[AQREAN_Cells],TRUE,TRUE,FALSE,,,https://nerc-digital-solutions-hub.github.io/dsh-metadata/UPRN/MetOffice/DSH/Annual/SL/daily_aqi_nitrogen_dioxide/2004.xml,2,2,FALSE,FALSE,,,
117201,air_quality_index_nitrogen_dioxide_no2_daily_measurements_surface_level_annual_means,0,15,Air Quality Index - NO2 (Daily Measurements) (Surface Level) 2003 annual mean,[AQREAN_Cells],TRUE,TRUE,FALSE,,,https://nerc-digital-solutions-hub.github.io/dsh-metadata/UPRN/MetOffice/DSH/Annual/SL/daily_aqi_nitrogen_dioxide/2003.xml,2,2,FALSE,FALSE,,,
117301,air_quality_index_pm2_5_dry_aerosol_daily_measurements_surface_level_annual_means,0,0,Air Quality Index - PM2.5 Dry Aerosol (Daily Measurements) (Surface Level) 2019 annual mean,[AQREAN_Cells],TRUE,TRUE,FALSE,,,,2,2,FALSE,FALSE,,,
117401,air_quality_index_pm2_5_dry_aerosol_daily_measurements_surface_level_annual_means,0,1,Air Quality Index - PM2.5 Dry Aerosol (Daily Measurements) (Surface Level) 2018 annual mean,[AQREAN_Cells],TRUE,TRUE,FALSE,,,,2,2,FALSE,FALSE,,,
117501,air_quality_index_pm2_5_dry_aerosol_daily_measurements_surface_level_annual_means,0,2,Air Quality Index - PM2.5 Dry Aerosol (Daily Measurements) (Surface Level) 2017 annual mean,[AQREAN_Cells],TRUE,TRUE,FALSE,,,,2,2,FALSE,FALSE,,,
117601,air_quality_index_pm2_5_dry_aerosol_daily_measurements_surface_level_annual_means,0,3,Air Quality Index - PM2.5 Dry Aerosol (Daily Measurements) (Surface Level) 2016 annual mean,[AQREAN_Cells],TRUE,TRUE,FALSE,,,,2,2,FALSE,FALSE,,,
117701,air_quality_index_pm2_5_dry_aerosol_daily_measurements_surface_level_annual_means,0,4,Air Quality Index - PM2.5 Dry Aerosol (Daily Measurements) (Surface Level) 2015 annual mean,[AQREAN_Cells],TRUE,TRUE,FALSE,,,,2,2,FALSE,FALSE,,,
117801,air_quality_index_pm2_5_dry_aerosol_daily_measurements_surface_level_annual_means,0,5,Air Quality Index - PM2.5 Dry Aerosol (Daily Measurements) (Surface Level) 2014 annual mean,[AQREAN_Cells],TRUE,TRUE,FALSE,,,,2,2,FALSE,FALSE,,,
117901,air_quality_index_pm2_5_dry_aerosol_daily_measurements_surface_level_annual_means,0,6,Air Quality Index - PM2.5 Dry Aerosol (Daily Measurements) (Surface Level) 2012 annual mean,[AQREAN_Cells],TRUE,TRUE,FALSE,,,,2,2,FALSE,FALSE,,,
118001,air_quality_index_pm2_5_dry_aerosol_daily_measurements_surface_level_annual_means,0,7,Air Quality Index - PM2.5 Dry Aerosol (Daily Measurements) (Surface Level) 2011 annual mean,[AQREAN_Cells],TRUE,TRUE,FALSE,,,,2,2,FALSE,FALSE,,,
118101,air_quality_index_pm2_5_dry_aerosol_daily_measurements_surface_level_annual_means,0,8,Air Quality Index - PM2.5 Dry Aerosol (Daily Measurements) (Surface Level) 2010 annual mean,[AQREAN_Cells],TRUE,TRUE,FALSE,,,,2,2,FALSE,FALSE,,,
118201,air_quality_index_pm2_5_dry_aerosol_daily_measurements_surface_level_annual_means,0,9,Air Quality Index - PM2.5 Dry Aerosol (Daily Measurements) (Surface Level) 2009 annual mean,[AQREAN_Cells],TRUE,TRUE,FALSE,,,,2,2,FALSE,FALSE,,,
118301,air_quality_index_pm2_5_dry_aerosol_daily_measurements_surface_level_annual_means,0,10,Air Quality Index - PM2.5 Dry Aerosol (Daily Measurements) (Surface Level) 2008 annual mean,[AQREAN_Cells],TRUE,TRUE,FALSE,,,,2,2,FALSE,FALSE,,,
118401,air_quality_index_pm2_5_dry_aerosol_daily_measurements_surface_level_annual_means,0,11,Air Quality Index - PM2.5 Dry Aerosol (Daily Measurements) (Surface Level) 2007 annual mean,[AQREAN_Cells],TRUE,TRUE,FALSE,,,,2,2,FALSE,FALSE,,,
118501,air_quality_index_pm2_5_dry_aerosol_daily_measurements_surface_level_annual_means,0,12,Air Quality Index - PM2.5 Dry Aerosol (Daily Measurements) (Surface Level) 2006 annual mean,[AQREAN_Cells],TRUE,TRUE,FALSE,,,,2,2,FALSE,FALSE,,,
118601,air_quality_index_pm2_5_dry_aerosol_daily_measurements_surface_level_annual_means,0,13,Air Quality Index - PM2.5 Dry Aerosol (Daily Measurements) (Surface Level) 2005 annual mean,[AQREAN_Cells],TRUE,TRUE,FALSE,,,,2,2,FALSE,FALSE,,,
118701,air_quality_index_pm2_5_dry_aerosol_daily_measurements_surface_level_annual_means,0,14,Air Quality Index - PM2.5 Dry Aerosol (Daily Measurements) (Surface Level) 2004 annual mean,[AQREAN_Cells],TRUE,TRUE,FALSE,,,,2,2,FALSE,FALSE,,,
118801,air_quality_index_pm2_5_dry_aerosol_daily_measurements_surface_level_annual_means,0,15,Air Quality Index - PM2.5 Dry Aerosol (Daily Measurements) (Surface Level) 2003 annual mean,[AQREAN_Cells],TRUE,TRUE,FALSE,,,,2,2,FALSE,FALSE,,,
118901,air_temperature_surface_level_annual_means,0,0,Air Temperature (Surface Level) 2019 annual mean,[AQREAN_Cells],TRUE,TRUE,FALSE,,,,2,2,FALSE,FALSE,,,
119001,air_temperature_surface_level_annual_means,0,1,Air Temperature (Surface Level) 2018 annual mean,[AQREAN_Cells],TRUE,TRUE,FALSE,,,,2,2,FALSE,FALSE,,,
119101,air_temperature_surface_level_annual_means,0,2,Air Temperature (Surface Level) 2017 annual mean,[AQREAN_Cells],TRUE,TRUE,FALSE,,,,2,2,FALSE,FALSE,,,
119201,air_temperature_surface_level_annual_means,0,3,Air Temperature (Surface Level) 2016 annual mean,[AQREAN_Cells],TRUE,TRUE,FALSE,,,,2,2,FALSE,FALSE,,,
119301,air_temperature_surface_level_annual_means,0,4,Air Temperature (Surface Level) 2015 annual mean,[AQREAN_Cells],TRUE,TRUE,FALSE,,,,2,2,FALSE,FALSE,,,
119401,air_temperature_surface_level_annual_means,0,5,Air Temperature (Surface Level) 2014 annual mean,[AQREAN_Cells],TRUE,TRUE,FALSE,,,,2,2,FALSE,FALSE,,,
119501,air_temperature_surface_level_annual_means,0,6,Air Temperature (Surface Level) 2012 annual mean,[AQREAN_Cells],TRUE,TRUE,FALSE,,,,2,2,FALSE,FALSE,,,
119601,air_temperature_surface_level_annual_means,0,7,Air Temperature (Surface Level) 2011 annual mean,[AQREAN_Cells],TRUE,TRUE,FALSE,,,,2,2,FALSE,FALSE,,,
119701,air_temperature_surface_level_annual_means,0,8,Air Temperature (Surface Level) 2010 annual mean,[AQREAN_Cells],TRUE,TRUE,FALSE,,,,2,2,FALSE,FALSE,,,
119801,air_temperature_surface_level_annual_means,0,9,Air Temperature (Surface Level) 2009 annual mean,[AQREAN_Cells],TRUE,TRUE,FALSE,,,,2,2,FALSE,FALSE,,,
119901,air_temperature_surface_level_annual_means,0,10,Air Temperature (Surface Level) 2008 annual mean,[AQREAN_Cells],TRUE,TRUE,FALSE,,,,2,2,FALSE,FALSE,,,
120001,air_temperature_surface_level_annual_means,0,11,Air Temperature (Surface Level) 2007 annual mean,[AQREAN_Cells],TRUE,TRUE,FALSE,,,,2,2,FALSE,FALSE,,,
120101,air_temperature_surface_level_annual_means,0,12,Air Temperature (Surface Level) 2006 annual mean,[AQREAN_Cells],TRUE,TRUE,FALSE,,,,2,2,FALSE,FALSE,,,
120201,air_temperature_surface_level_annual_means,0,13,Air Temperature (Surface Level) 2005 annual mean,[AQREAN_Cells],TRUE,TRUE,FALSE,,,,2,2,FALSE,FALSE,,,
120301,air_temperature_surface_level_annual_means,0,14,Air Temperature (Surface Level) 2004 annual mean,[AQREAN_Cells],TRUE,TRUE,FALSE,,,,2,2,FALSE,FALSE,,,
120401,air_temperature_surface_level_annual_means,0,15,Air Temperature (Surface Level) 2003 annual mean,[AQREAN_Cells],TRUE,TRUE,FALSE,,,,2,2,FALSE,FALSE,,,
120501,ammonium_nh4_in_pm2_5_dry_aerosol_mass_concentration_surface_level_annual_means,0,0,Ammonium in PM2.5 Dry Aerosol (Mass Concentration) (Surface Level) 2019 annual mean,[AQREAN_Cells],TRUE,TRUE,FALSE,,,,2,2,FALSE,FALSE,,,
120601,ammonium_nh4_in_pm2_5_dry_aerosol_mass_concentration_surface_level_annual_means,0,1,Ammonium in PM2.5 Dry Aerosol (Mass Concentration) (Surface Level) 2018 annual mean,[AQREAN_Cells],TRUE,TRUE,FALSE,,,,2,2,FALSE,FALSE,,,
120701,ammonium_nh4_in_pm2_5_dry_aerosol_mass_concentration_surface_level_annual_means,0,2,Ammonium in PM2.5 Dry Aerosol (Mass Concentration) (Surface Level) 2017 annual mean,[AQREAN_Cells],TRUE,TRUE,FALSE,,,,2,2,FALSE,FALSE,,,
120801,ammonium_nh4_in_pm2_5_dry_aerosol_mass_concentration_surface_level_annual_means,0,3,Ammonium in PM2.5 Dry Aerosol (Mass Concentration) (Surface Level) 2016 annual mean,[AQREAN_Cells],TRUE,TRUE,FALSE,,,,2,2,FALSE,FALSE,,,
120901,ammonium_nh4_in_pm2_5_dry_aerosol_mass_concentration_surface_level_annual_means,0,4,Ammonium in PM2.5 Dry Aerosol (Mass Concentration) (Surface Level) 2015 annual mean,[AQREAN_Cells],TRUE,TRUE,FALSE,,,,2,2,FALSE,FALSE,,,
121001,ammonium_nh4_in_pm2_5_dry_aerosol_mass_concentration_surface_level_annual_means,0,5,Ammonium in PM2.5 Dry Aerosol (Mass Concentration) (Surface Level) 2014 annual mean,[AQREAN_Cells],TRUE,TRUE,FALSE,,,,2,2,FALSE,FALSE,,,
121101,ammonium_nh4_in_pm2_5_dry_aerosol_mass_concentration_surface_level_annual_means,0,6,Ammonium in PM2.5 Dry Aerosol (Mass Concentration) (Surface Level) 2012 annual mean,[AQREAN_Cells],TRUE,TRUE,FALSE,,,,2,2,FALSE,FALSE,,,
121201,ammonium_nh4_in_pm2_5_dry_aerosol_mass_concentration_surface_level_annual_means,0,7,Ammonium in PM2.5 Dry Aerosol (Mass Concentration) (Surface Level) 2011 annual mean,[AQREAN_Cells],TRUE,TRUE,FALSE,,,,2,2,FALSE,FALSE,,,
121301,ammonium_nh4_in_pm2_5_dry_aerosol_mass_concentration_surface_level_annual_means,0,8,Ammonium in PM2.5 Dry Aerosol (Mass Concentration) (Surface Level) 2010 annual mean,[AQREAN_Cells],TRUE,TRUE,FALSE,,,,2,2,FALSE,FALSE,,,
121401,ammonium_nh4_in_pm2_5_dry_aerosol_mass_concentration_surface_level_annual_means,0,9,Ammonium in PM2.5 Dry Aerosol (Mass Concentration) (Surface Level) 2009 annual mean,[AQREAN_Cells],TRUE,TRUE,FALSE,,,,2,2,FALSE,FALSE,,,
121501,ammonium_nh4_in_pm2_5_dry_aerosol_mass_concentration_surface_level_annual_means,0,10,Ammonium in PM2.5 Dry Aerosol (Mass Concentration) (Surface Level) 2008 annual mean,[AQREAN_Cells],TRUE,TRUE,FALSE,,,,2,2,FALSE,FALSE,,,
121601,ammonium_nh4_in_pm2_5_dry_aerosol_mass_concentration_surface_level_annual_means,0,11,Ammonium in PM2.5 Dry Aerosol (Mass Concentration) (Surface Level) 2007 annual mean,[AQREAN_Cells],TRUE,TRUE,FALSE,,,,2,2,FALSE,FALSE,,,
121701,ammonium_nh4_in_pm2_5_dry_aerosol_mass_concentration_surface_level_annual_means,0,12,Ammonium in PM2.5 Dry Aerosol (Mass Concentration) (Surface Level) 2006 annual mean,[AQREAN_Cells],TRUE,TRUE,FALSE,,,,2,2,FALSE,FALSE,,,
121801,ammonium_nh4_in_pm2_5_dry_aerosol_mass_concentration_surface_level_annual_means,0,13,Ammonium in PM2.5 Dry Aerosol (Mass Concentration) (Surface Level) 2005 annual mean,[AQREAN_Cells],TRUE,TRUE,FALSE,,,,2,2,FALSE,FALSE,,,
121901,ammonium_nh4_in_pm2_5_dry_aerosol_mass_concentration_surface_level_annual_means,0,14,Ammonium in PM2.5 Dry Aerosol (Mass Concentration) (Surface Level) 2004 annual mean,[AQREAN_Cells],TRUE,TRUE,FALSE,,,,2,2,FALSE,FALSE,,,
122001,ammonium_nh4_in_pm2_5_dry_aerosol_mass_concentration_surface_level_annual_means,0,15,Ammonium in PM2.5 Dry Aerosol (Mass Concentration) (Surface Level) 2003 annual mean,[AQREAN_Cells],TRUE,TRUE,FALSE,,,,2,2,FALSE,FALSE,,,
122101,ammonium_nitrate_nh4no3_in_pm2_5_dry_aerosol_mass_concentration_surface_level_annual_means,0,0,Ammonium Nitrate in PM2.5 Dry Aerosol (Mass Concentration) (Surface Level) 2019 annual mean,[AQREAN_Cells],TRUE,TRUE,FALSE,,,,2,2,FALSE,FALSE,,,
122201,ammonium_nitrate_nh4no3_in_pm2_5_dry_aerosol_mass_concentration_surface_level_annual_means,0,1,Ammonium Nitrate in PM2.5 Dry Aerosol (Mass Concentration) (Surface Level) 2018 annual mean,[AQREAN_Cells],TRUE,TRUE,FALSE,,,,2,2,FALSE,FALSE,,,
122301,ammonium_nitrate_nh4no3_in_pm2_5_dry_aerosol_mass_concentration_surface_level_annual_means,0,2,Ammonium Nitrate in PM2.5 Dry Aerosol (Mass Concentration) (Surface Level) 2017 annual mean,[AQREAN_Cells],TRUE,TRUE,FALSE,,,,2,2,FALSE,FALSE,,,
122401,ammonium_nitrate_nh4no3_in_pm2_5_dry_aerosol_mass_concentration_surface_level_annual_means,0,3,Ammonium Nitrate in PM2.5 Dry Aerosol (Mass Concentration) (Surface Level) 2016 annual mean,[AQREAN_Cells],TRUE,TRUE,FALSE,,,,2,2,FALSE,FALSE,,,
122501,ammonium_nitrate_nh4no3_in_pm2_5_dry_aerosol_mass_concentration_surface_level_annual_means,0,4,Ammonium Nitrate in PM2.5 Dry Aerosol (Mass Concentration) (Surface Level) 2015 annual mean,[AQREAN_Cells],TRUE,TRUE,FALSE,,,,2,2,FALSE,FALSE,,,
122601,ammonium_nitrate_nh4no3_in_pm2_5_dry_aerosol_mass_concentration_surface_level_annual_means,0,5,Ammonium Nitrate in PM2.5 Dry Aerosol (Mass Concentration) (Surface Level) 2014 annual mean,[AQREAN_Cells],TRUE,TRUE,FALSE,,,,2,2,FALSE,FALSE,,,
122701,ammonium_nitrate_nh4no3_in_pm2_5_dry_aerosol_mass_concentration_surface_level_annual_means,0,6,Ammonium Nitrate in PM2.5 Dry Aerosol (Mass Concentration) (Surface Level) 2012 annual mean,[AQREAN_Cells],TRUE,TRUE,FALSE,,,,2,2,FALSE,FALSE,,,
122801,ammonium_nitrate_nh4no3_in_pm2_5_dry_aerosol_mass_concentration_surface_level_annual_means,0,7,Ammonium Nitrate in PM2.5 Dry Aerosol (Mass Concentration) (Surface Level) 2011 annual mean,[AQREAN_Cells],TRUE,TRUE,FALSE,,,,2,2,FALSE,FALSE,,,
122901,ammonium_nitrate_nh4no3_in_pm2_5_dry_aerosol_mass_concentration_surface_level_annual_means,0,8,Ammonium Nitrate in PM2.5 Dry Aerosol (Mass Concentration) (Surface Level) 2010 annual mean,[AQREAN_Cells],TRUE,TRUE,FALSE,,,,2,2,FALSE,FALSE,,,
123001,ammonium_nitrate_nh4no3_in_pm2_5_dry_aerosol_mass_concentration_surface_level_annual_means,0,9,Ammonium Nitrate in PM2.5 Dry Aerosol (Mass Concentration) (Surface Level) 2009 annual mean,[AQREAN_Cells],TRUE,TRUE,FALSE,,,,2,2,FALSE,FALSE,,,
123101,ammonium_nitrate_nh4no3_in_pm2_5_dry_aerosol_mass_concentration_surface_level_annual_means,0,10,Ammonium Nitrate in PM2.5 Dry Aerosol (Mass Concentration) (Surface Level) 2008 annual mean,[AQREAN_Cells],TRUE,TRUE,FALSE,,,,2,2,FALSE,FALSE,,,
123201,ammonium_nitrate_nh4no3_in_pm2_5_dry_aerosol_mass_concentration_surface_level_annual_means,0,11,Ammonium Nitrate in PM2.5 Dry Aerosol (Mass Concentration) (Surface Level) 2007 annual mean,[AQREAN_Cells],TRUE,TRUE,FALSE,,,,2,2,FALSE,FALSE,,,
123301,ammonium_nitrate_nh4no3_in_pm2_5_dry_aerosol_mass_concentration_surface_level_annual_means,0,12,Ammonium Nitrate in PM2.5 Dry Aerosol (Mass Concentration) (Surface Level) 2006 annual mean,[AQREAN_Cells],TRUE,TRUE,FALSE,,,,2,2,FALSE,FALSE,,,
123401,ammonium_nitrate_nh4no3_in_pm2_5_dry_aerosol_mass_concentration_surface_level_annual_means,0,13,Ammonium Nitrate in PM2.5 Dry Aerosol (Mass Concentration) (Surface Level) 2005 annual mean,[AQREAN_Cells],TRUE,TRUE,FALSE,,,,2,2,FALSE,FALSE,,,
123501,ammonium_nitrate_nh4no3_in_pm2_5_dry_aerosol_mass_concentration_surface_level_annual_means,0,14,Ammonium Nitrate in PM2.5 Dry Aerosol (Mass Concentration) (Surface Level) 2004 annual mean,[AQREAN_Cells],TRUE,TRUE,FALSE,,,,2,2,FALSE,FALSE,,,
123601,ammonium_nitrate_nh4no3_in_pm2_5_dry_aerosol_mass_concentration_surface_level_annual_means,0,15,Ammonium Nitrate in PM2.5 Dry Aerosol (Mass Concentration) (Surface Level) 2003 annual mean,[AQREAN_Cells],TRUE,TRUE,FALSE,,,,2,2,FALSE,FALSE,,,
123701,ammonium_sulfate_nh4_2so4_in_pm2_5_dry_aerosol_mass_concentration_surface_level_annual_means,0,0,Ammonium Sulfate in PM2.5 Dry Aerosol (Mass Concentration) (Surface Level) 2019 annual mean,[AQREAN_Cells],TRUE,TRUE,FALSE,,,,2,2,FALSE,FALSE,,,
123801,ammonium_sulfate_nh4_2so4_in_pm2_5_dry_aerosol_mass_concentration_surface_level_annual_means,0,1,Ammonium Sulfate in PM2.5 Dry Aerosol (Mass Concentration) (Surface Level) 2018 annual mean,[AQREAN_Cells],TRUE,TRUE,FALSE,,,,2,2,FALSE,FALSE,,,
123901,ammonium_sulfate_nh4_2so4_in_pm2_5_dry_aerosol_mass_concentration_surface_level_annual_means,0,2,Ammonium Sulfate in PM2.5 Dry Aerosol (Mass Concentration) (Surface Level) 2017 annual mean,[AQREAN_Cells],TRUE,TRUE,FALSE,,,,2,2,FALSE,FALSE,,,
124001,ammonium_sulfate_nh4_2so4_in_pm2_5_dry_aerosol_mass_concentration_surface_level_annual_means,0,3,Ammonium Sulfate in PM2.5 Dry Aerosol (Mass Concentration) (Surface Level) 2016 annual mean,[AQREAN_Cells],TRUE,TRUE,FALSE,,,,2,2,FALSE,FALSE,,,
124101,ammonium_sulfate_nh4_2so4_in_pm2_5_dry_aerosol_mass_concentration_surface_level_annual_means,0,4,Ammonium Sulfate in PM2.5 Dry Aerosol (Mass Concentration) (Surface Level) 2015 annual mean,[AQREAN_Cells],TRUE,TRUE,FALSE,,,,2,2,FALSE,FALSE,,,
124201,ammonium_sulfate_nh4_2so4_in_pm2_5_dry_aerosol_mass_concentration_surface_level_annual_means,0,5,Ammonium Sulfate in PM2.5 Dry Aerosol (Mass Concentration) (Surface Level) 2014 annual mean,[AQREAN_Cells],TRUE,TRUE,FALSE,,,,2,2,FALSE,FALSE,,,
124301,ammonium_sulfate_nh4_2so4_in_pm2_5_dry_aerosol_mass_concentration_surface_level_annual_means,0,6,Ammonium Sulfate in PM2.5 Dry Aerosol (Mass Concentration) (Surface Level) 2012 annual mean,[AQREAN_Cells],TRUE,TRUE,FALSE,,,,2,2,FALSE,FALSE,,,
124401,ammonium_sulfate_nh4_2so4_in_pm2_5_dry_aerosol_mass_concentration_surface_level_annual_means,0,7,Ammonium Sulfate in PM2.5 Dry Aerosol (Mass Concentration) (Surface Level) 2011 annual mean,[AQREAN_Cells],TRUE,TRUE,FALSE,,,,2,2,FALSE,FALSE,,,
124501,ammonium_sulfate_nh4_2so4_in_pm2_5_dry_aerosol_mass_concentration_surface_level_annual_means,0,8,Ammonium Sulfate in PM2.5 Dry Aerosol (Mass Concentration) (Surface Level) 2010 annual mean,[AQREAN_Cells],TRUE,TRUE,FALSE,,,,2,2,FALSE,FALSE,,,
124601,ammonium_sulfate_nh4_2so4_in_pm2_5_dry_aerosol_mass_concentration_surface_level_annual_means,0,9,Ammonium Sulfate in PM2.5 Dry Aerosol (Mass Concentration) (Surface Level) 2009 annual mean,[AQREAN_Cells],TRUE,TRUE,FALSE,,,,2,2,FALSE,FALSE,,,
124701,ammonium_sulfate_nh4_2so4_in_pm2_5_dry_aerosol_mass_concentration_surface_level_annual_means,0,10,Ammonium Sulfate in PM2.5 Dry Aerosol (Mass Concentration) (Surface Level) 2008 annual mean,[AQREAN_Cells],TRUE,TRUE,FALSE,,,,2,2,FALSE,FALSE,,,
124801,ammonium_sulfate_nh4_2so4_in_pm2_5_dry_aerosol_mass_concentration_surface_level_annual_means,0,11,Ammonium Sulfate in PM2.5 Dry Aerosol (Mass Concentration) (Surface Level) 2007 annual mean,[AQREAN_Cells],TRUE,TRUE,FALSE,,,,2,2,FALSE,FALSE,,,
124901,ammonium_sulfate_nh4_2so4_in_pm2_5_dry_aerosol_mass_concentration_surface_level_annual_means,0,12,Ammonium Sulfate in PM2.5 Dry Aerosol (Mass Concentration) (Surface Level) 2006 annual mean,[AQREAN_Cells],TRUE,TRUE,FALSE,,,,2,2,FALSE,FALSE,,,
125001,ammonium_sulfate_nh4_2so4_in_pm2_5_dry_aerosol_mass_concentration_surface_level_annual_means,0,13,Ammonium Sulfate in PM2.5 Dry Aerosol (Mass Concentration) (Surface Level) 2005 annual mean,[AQREAN_Cells],TRUE,TRUE,FALSE,,,,2,2,FALSE,FALSE,,,
125101,ammonium_sulfate_nh4_2so4_in_pm2_5_dry_aerosol_mass_concentration_surface_level_annual_means,0,14,Ammonium Sulfate in PM2.5 Dry Aerosol (Mass Concentration) (Surface Level) 2004 annual mean,[AQREAN_Cells],TRUE,TRUE,FALSE,,,,2,2,FALSE,FALSE,,,
125201,ammonium_sulfate_nh4_2so4_in_pm2_5_dry_aerosol_mass_concentration_surface_level_annual_means,0,15,Ammonium Sulfate in PM2.5 Dry Aerosol (Mass Concentration) (Surface Level) 2003 annual mean,[AQREAN_Cells],TRUE,TRUE,FALSE,,,,2,2,FALSE,FALSE,,,
125301,biomass_burning_aerosol_in_pm2_5_dry_aerosol_mass_concentration_surface_level_annual_means,0,0,Biomass Burning Aerosol in PM2.5 Dry Aerosol (Mass Concentration) (Surface Level) 2019 annual mean,[AQREAN_Cells],TRUE,TRUE,FALSE,,,,2,2,FALSE,FALSE,,,
125401,biomass_burning_aerosol_in_pm2_5_dry_aerosol_mass_concentration_surface_level_annual_means,0,1,Biomass Burning Aerosol in PM2.5 Dry Aerosol (Mass Concentration) (Surface Level) 2018 annual mean,[AQREAN_Cells],TRUE,TRUE,FALSE,,,,2,2,FALSE,FALSE,,,
125501,biomass_burning_aerosol_in_pm2_5_dry_aerosol_mass_concentration_surface_level_annual_means,0,2,Biomass Burning Aerosol in PM2.5 Dry Aerosol (Mass Concentration) (Surface Level) 2017 annual mean,[AQREAN_Cells],TRUE,TRUE,FALSE,,,,2,2,FALSE,FALSE,,,
125601,biomass_burning_aerosol_in_pm2_5_dry_aerosol_mass_concentration_surface_level_annual_means,0,3,Biomass Burning Aerosol in PM2.5 Dry Aerosol (Mass Concentration) (Surface Level) 2016 annual mean,[AQREAN_Cells],TRUE,TRUE,FALSE,,,,2,2,FALSE,FALSE,,,
125701,biomass_burning_aerosol_in_pm2_5_dry_aerosol_mass_concentration_surface_level_annual_means,0,4,Biomass Burning Aerosol in PM2.5 Dry Aerosol (Mass Concentration) (Surface Level) 2015 annual mean,[AQREAN_Cells],TRUE,TRUE,FALSE,,,,2,2,FALSE,FALSE,,,
125801,biomass_burning_aerosol_in_pm2_5_dry_aerosol_mass_concentration_surface_level_annual_means,0,5,Biomass Burning Aerosol in PM2.5 Dry Aerosol (Mass Concentration) (Surface Level) 2014 annual mean,[AQREAN_Cells],TRUE,TRUE,FALSE,,,,2,2,FALSE,FALSE,,,
125901,biomass_burning_aerosol_in_pm2_5_dry_aerosol_mass_concentration_surface_level_annual_means,0,6,Biomass Burning Aerosol in PM2.5 Dry Aerosol (Mass Concentration) (Surface Level) 2012 annual mean,[AQREAN_Cells],TRUE,TRUE,FALSE,,,,2,2,FALSE,FALSE,,,
126001,biomass_burning_aerosol_in_pm2_5_dry_aerosol_mass_concentration_surface_level_annual_means,0,7,Biomass Burning Aerosol in PM2.5 Dry Aerosol (Mass Concentration) (Surface Level) 2011 annual mean,[AQREAN_Cells],TRUE,TRUE,FALSE,,,,2,2,FALSE,FALSE,,,
126101,biomass_burning_aerosol_in_pm2_5_dry_aerosol_mass_concentration_surface_level_annual_means,0,8,Biomass Burning Aerosol in PM2.5 Dry Aerosol (Mass Concentration) (Surface Level) 2010 annual mean,[AQREAN_Cells],TRUE,TRUE,FALSE,,,,2,2,FALSE,FALSE,,,
126201,biomass_burning_aerosol_in_pm2_5_dry_aerosol_mass_concentration_surface_level_annual_means,0,9,Biomass Burning Aerosol in PM2.5 Dry Aerosol (Mass Concentration) (Surface Level) 2009 annual mean,[AQREAN_Cells],TRUE,TRUE,FALSE,,,,2,2,FALSE,FALSE,,,
126301,biomass_burning_aerosol_in_pm2_5_dry_aerosol_mass_concentration_surface_level_annual_means,0,10,Biomass Burning Aerosol in PM2.5 Dry Aerosol (Mass Concentration) (Surface Level) 2008 annual mean,[AQREAN_Cells],TRUE,TRUE,FALSE,,,,2,2,FALSE,FALSE,,,
126401,biomass_burning_aerosol_in_pm2_5_dry_aerosol_mass_concentration_surface_level_annual_means,0,11,Biomass Burning Aerosol in PM2.5 Dry Aerosol (Mass Concentration) (Surface Level) 2007 annual mean,[AQREAN_Cells],TRUE,TRUE,FALSE,,,,2,2,FALSE,FALSE,,,
126501,biomass_burning_aerosol_in_pm2_5_dry_aerosol_mass_concentration_surface_level_annual_means,0,12,Biomass Burning Aerosol in PM2.5 Dry Aerosol (Mass Concentration) (Surface Level) 2006 annual mean,[AQREAN_Cells],TRUE,TRUE,FALSE,,,,2,2,FALSE,FALSE,,,
126601,biomass_burning_aerosol_in_pm2_5_dry_aerosol_mass_concentration_surface_level_annual_means,0,13,Biomass Burning Aerosol in PM2.5 Dry Aerosol (Mass Concentration) (Surface Level) 2005 annual mean,[AQREAN_Cells],TRUE,TRUE,FALSE,,,,2,2,FALSE,FALSE,,,
126701,biomass_burning_aerosol_in_pm2_5_dry_aerosol_mass_concentration_surface_level_annual_means,0,14,Biomass Burning Aerosol in PM2.5 Dry Aerosol (Mass Concentration) (Surface Level) 2004 annual mean,[AQREAN_Cells],TRUE,TRUE,FALSE,,,,2,2,FALSE,FALSE,,,
126801,biomass_burning_aerosol_in_pm2_5_dry_aerosol_mass_concentration_surface_level_annual_means,0,15,Biomass Burning Aerosol in PM2.5 Dry Aerosol (Mass Concentration) (Surface Level) 2003 annual mean,[AQREAN_Cells],TRUE,TRUE,FALSE,,,,2,2,FALSE,FALSE,,,
126901,black_carbon_in_pm2_5_dry_aerosol_mass_concentration_surface_level_annual_means,0,0,Black Carbon in PM2.5 Dry Aerosol (Mass Concentration) (Surface Level) 2019 annual mean,[AQREAN_Cells],TRUE,TRUE,FALSE,,,,2,2,FALSE,FALSE,,,
127001,black_carbon_in_pm2_5_dry_aerosol_mass_concentration_surface_level_annual_means,0,1,Black Carbon in PM2.5 Dry Aerosol (Mass Concentration) (Surface Level) 2018 annual mean,[AQREAN_Cells],TRUE,TRUE,FALSE,,,,2,2,FALSE,FALSE,,,
127101,black_carbon_in_pm2_5_dry_aerosol_mass_concentration_surface_level_annual_means,0,2,Black Carbon in PM2.5 Dry Aerosol (Mass Concentration) (Surface Level) 2017 annual mean,[AQREAN_Cells],TRUE,TRUE,FALSE,,,,2,2,FALSE,FALSE,,,
127201,black_carbon_in_pm2_5_dry_aerosol_mass_concentration_surface_level_annual_means,0,3,Black Carbon in PM2.5 Dry Aerosol (Mass Concentration) (Surface Level) 2016 annual mean,[AQREAN_Cells],TRUE,TRUE,FALSE,,,,2,2,FALSE,FALSE,,,
127301,black_carbon_in_pm2_5_dry_aerosol_mass_concentration_surface_level_annual_means,0,4,Black Carbon in PM2.5 Dry Aerosol (Mass Concentration) (Surface Level) 2015 annual mean,[AQREAN_Cells],TRUE,TRUE,FALSE,,,,2,2,FALSE,FALSE,,,
127401,black_carbon_in_pm2_5_dry_aerosol_mass_concentration_surface_level_annual_means,0,5,Black Carbon in PM2.5 Dry Aerosol (Mass Concentration) (Surface Level) 2014 annual mean,[AQREAN_Cells],TRUE,TRUE,FALSE,,,,2,2,FALSE,FALSE,,,
127501,black_carbon_in_pm2_5_dry_aerosol_mass_concentration_surface_level_annual_means,0,6,Black Carbon in PM2.5 Dry Aerosol (Mass Concentration) (Surface Level) 2012 annual mean,[AQREAN_Cells],TRUE,TRUE,FALSE,,,,2,2,FALSE,FALSE,,,
127601,black_carbon_in_pm2_5_dry_aerosol_mass_concentration_surface_level_annual_means,0,7,Black Carbon in PM2.5 Dry Aerosol (Mass Concentration) (Surface Level) 2011 annual mean,[AQREAN_Cells],TRUE,TRUE,FALSE,,,,2,2,FALSE,FALSE,,,
127701,black_carbon_in_pm2_5_dry_aerosol_mass_concentration_surface_level_annual_means,0,8,Black Carbon in PM2.5 Dry Aerosol (Mass Concentration) (Surface Level) 2010 annual mean,[AQREAN_Cells],TRUE,TRUE,FALSE,,,,2,2,FALSE,FALSE,,,
127801,black_carbon_in_pm2_5_dry_aerosol_mass_concentration_surface_level_annual_means,0,9,Black Carbon in PM2.5 Dry Aerosol (Mass Concentration) (Surface Level) 2009 annual mean,[AQREAN_Cells],TRUE,TRUE,FALSE,,,,2,2,FALSE,FALSE,,,
127901,black_carbon_in_pm2_5_dry_aerosol_mass_concentration_surface_level_annual_means,0,10,Black Carbon in PM2.5 Dry Aerosol (Mass Concentration) (Surface Level) 2008 annual mean,[AQREAN_Cells],TRUE,TRUE,FALSE,,,,2,2,FALSE,FALSE,,,
128001,black_carbon_in_pm2_5_dry_aerosol_mass_concentration_surface_level_annual_means,0,11,Black Carbon in PM2.5 Dry Aerosol (Mass Concentration) (Surface Level) 2007 annual mean,[AQREAN_Cells],TRUE,TRUE,FALSE,,,,2,2,FALSE,FALSE,,,
128101,black_carbon_in_pm2_5_dry_aerosol_mass_concentration_surface_level_annual_means,0,12,Black Carbon in PM2.5 Dry Aerosol (Mass Concentration) (Surface Level) 2006 annual mean,[AQREAN_Cells],TRUE,TRUE,FALSE,,,,2,2,FALSE,FALSE,,,
128201,black_carbon_in_pm2_5_dry_aerosol_mass_concentration_surface_level_annual_means,0,13,Black Carbon in PM2.5 Dry Aerosol (Mass Concentration) (Surface Level) 2005 annual mean,[AQREAN_Cells],TRUE,TRUE,FALSE,,,,2,2,FALSE,FALSE,,,
128301,black_carbon_in_pm2_5_dry_aerosol_mass_concentration_surface_level_annual_means,0,14,Black Carbon in PM2.5 Dry Aerosol (Mass Concentration) (Surface Level) 2004 annual mean,[AQREAN_Cells],TRUE,TRUE,FALSE,,,,2,2,FALSE,FALSE,,,
128401,black_carbon_in_pm2_5_dry_aerosol_mass_concentration_surface_level_annual_means,0,15,Black Carbon in PM2.5 Dry Aerosol (Mass Concentration) (Surface Level) 2003 annual mean,[AQREAN_Cells],TRUE,TRUE,FALSE,,,,2,2,FALSE,FALSE,,,
128501,aqrean_dust_in_pm2_5_dry_aerosol_mass_concentration_surface_level_annual_means_mil,0,0,Dust in PM2.5 Dry Aerosol (Mass Concentration) (Surface Level) 2019 annual mean,[AQREAN_Cells],TRUE,TRUE,FALSE,,,,2,2,FALSE,FALSE,,,
128601,aqrean_dust_in_pm2_5_dry_aerosol_mass_concentration_surface_level_annual_means_mil,0,1,Dust in PM2.5 Dry Aerosol (Mass Concentration) (Surface Level) 2018 annual mean,[AQREAN_Cells],TRUE,TRUE,FALSE,,,,2,2,FALSE,FALSE,,,
128701,aqrean_dust_in_pm2_5_dry_aerosol_mass_concentration_surface_level_annual_means_mil,0,2,Dust in PM2.5 Dry Aerosol (Mass Concentration) (Surface Level) 2017 annual mean,[AQREAN_Cells],TRUE,TRUE,FALSE,,,,2,2,FALSE,FALSE,,,
128801,aqrean_dust_in_pm2_5_dry_aerosol_mass_concentration_surface_level_annual_means_mil,0,3,Dust in PM2.5 Dry Aerosol (Mass Concentration) (Surface Level) 2016 annual mean,[AQREAN_Cells],TRUE,TRUE,FALSE,,,,2,2,FALSE,FALSE,,,
128901,aqrean_dust_in_pm2_5_dry_aerosol_mass_concentration_surface_level_annual_means_mil,0,4,Dust in PM2.5 Dry Aerosol (Mass Concentration) (Surface Level) 2015 annual mean,[AQREAN_Cells],TRUE,TRUE,FALSE,,,,2,2,FALSE,FALSE,,,
129001,aqrean_dust_in_pm2_5_dry_aerosol_mass_concentration_surface_level_annual_means_mil,0,5,Dust in PM2.5 Dry Aerosol (Mass Concentration) (Surface Level) 2014 annual mean,[AQREAN_Cells],TRUE,TRUE,FALSE,,,,2,2,FALSE,FALSE,,,
129101,aqrean_dust_in_pm2_5_dry_aerosol_mass_concentration_surface_level_annual_means_mil,0,6,Dust in PM2.5 Dry Aerosol (Mass Concentration) (Surface Level) 2012 annual mean,[AQREAN_Cells],TRUE,TRUE,FALSE,,,,2,2,FALSE,FALSE,,,
129201,aqrean_dust_in_pm2_5_dry_aerosol_mass_concentration_surface_level_annual_means_mil,0,7,Dust in PM2.5 Dry Aerosol (Mass Concentration) (Surface Level) 2011 annual mean,[AQREAN_Cells],TRUE,TRUE,FALSE,,,,2,2,FALSE,FALSE,,,
129301,aqrean_dust_in_pm2_5_dry_aerosol_mass_concentration_surface_level_annual_means_mil,0,8,Dust in PM2.5 Dry Aerosol (Mass Concentration) (Surface Level) 2010 annual mean,[AQREAN_Cells],TRUE,TRUE,FALSE,,,,2,2,FALSE,FALSE,,,
129401,aqrean_dust_in_pm2_5_dry_aerosol_mass_concentration_surface_level_annual_means_mil,0,9,Dust in PM2.5 Dry Aerosol (Mass Concentration) (Surface Level) 2009 annual mean,[AQREAN_Cells],TRUE,TRUE,FALSE,,,,2,2,FALSE,FALSE,,,
129501,aqrean_dust_in_pm2_5_dry_aerosol_mass_concentration_surface_level_annual_means_mil,0,10,Dust in PM2.5 Dry Aerosol (Mass Concentration) (Surface Level) 2008 annual mean,[AQREAN_Cells],TRUE,TRUE,FALSE,,,,2,2,FALSE,FALSE,,,
129601,aqrean_dust_in_pm2_5_dry_aerosol_mass_concentration_surface_level_annual_means_mil,0,11,Dust in PM2.5 Dry Aerosol (Mass Concentration) (Surface Level) 2007 annual mean,[AQREAN_Cells],TRUE,TRUE,FALSE,,,,2,2,FALSE,FALSE,,,
129701,aqrean_dust_in_pm2_5_dry_aerosol_mass_concentration_surface_level_annual_means_mil,0,12,Dust in PM2.5 Dry Aerosol (Mass Concentration) (Surface Level) 2006 annual mean,[AQREAN_Cells],TRUE,TRUE,FALSE,,,,2,2,FALSE,FALSE,,,
129801,aqrean_dust_in_pm2_5_dry_aerosol_mass_concentration_surface_level_annual_means_mil,0,13,Dust in PM2.5 Dry Aerosol (Mass Concentration) (Surface Level) 2005 annual mean,[AQREAN_Cells],TRUE,TRUE,FALSE,,,,2,2,FALSE,FALSE,,,
129901,aqrean_dust_in_pm2_5_dry_aerosol_mass_concentration_surface_level_annual_means_mil,0,14,Dust in PM2.5 Dry Aerosol (Mass Concentration) (Surface Level) 2004 annual mean,[AQREAN_Cells],TRUE,TRUE,FALSE,,,,2,2,FALSE,FALSE,,,
130001,aqrean_dust_in_pm2_5_dry_aerosol_mass_concentration_surface_level_annual_means_mil,0,15,Dust in PM2.5 Dry Aerosol (Mass Concentration) (Surface Level) 2003 annual mean,[AQREAN_Cells],TRUE,TRUE,FALSE,,,,2,2,FALSE,FALSE,,,
130101,aqrean_nitrate_no3_in_pm2_5_dry_aerosol_mass_concentration_surface_level_annual_means_mil,0,0,Nitrate in PM2.5 Dry Aerosol (Mass Concentration) (Surface Level) 2019 annual mean,[AQREAN_Cells],TRUE,TRUE,FALSE,,,,2,2,FALSE,FALSE,,,
130201,aqrean_nitrate_no3_in_pm2_5_dry_aerosol_mass_concentration_surface_level_annual_means_mil,0,1,Nitrate in PM2.5 Dry Aerosol (Mass Concentration) (Surface Level) 2018 annual mean,[AQREAN_Cells],TRUE,TRUE,FALSE,,,,2,2,FALSE,FALSE,,,
130301,aqrean_nitrate_no3_in_pm2_5_dry_aerosol_mass_concentration_surface_level_annual_means_mil,0,2,Nitrate in PM2.5 Dry Aerosol (Mass Concentration) (Surface Level) 2017 annual mean,[AQREAN_Cells],TRUE,TRUE,FALSE,,,,2,2,FALSE,FALSE,,,
130401,aqrean_nitrate_no3_in_pm2_5_dry_aerosol_mass_concentration_surface_level_annual_means_mil,0,3,Nitrate in PM2.5 Dry Aerosol (Mass Concentration) (Surface Level) 2016 annual mean,[AQREAN_Cells],TRUE,TRUE,FALSE,,,,2,2,FALSE,FALSE,,,
130501,aqrean_nitrate_no3_in_pm2_5_dry_aerosol_mass_concentration_surface_level_annual_means_mil,0,4,Nitrate in PM2.5 Dry Aerosol (Mass Concentration) (Surface Level) 2015 annual mean,[AQREAN_Cells],TRUE,TRUE,FALSE,,,,2,2,FALSE,FALSE,,,
130601,aqrean_nitrate_no3_in_pm2_5_dry_aerosol_mass_concentration_surface_level_annual_means_mil,0,5,Nitrate in PM2.5 Dry Aerosol (Mass Concentration) (Surface Level) 2014 annual mean,[AQREAN_Cells],TRUE,TRUE,FALSE,,,,2,2,FALSE,FALSE,,,
130701,aqrean_nitrate_no3_in_pm2_5_dry_aerosol_mass_concentration_surface_level_annual_means_mil,0,6,Nitrate in PM2.5 Dry Aerosol (Mass Concentration) (Surface Level) 2012 annual mean,[AQREAN_Cells],TRUE,TRUE,FALSE,,,,2,2,FALSE,FALSE,,,
130801,aqrean_nitrate_no3_in_pm2_5_dry_aerosol_mass_concentration_surface_level_annual_means_mil,0,7,Nitrate in PM2.5 Dry Aerosol (Mass Concentration) (Surface Level) 2011 annual mean,[AQREAN_Cells],TRUE,TRUE,FALSE,,,,2,2,FALSE,FALSE,,,
130901,aqrean_nitrate_no3_in_pm2_5_dry_aerosol_mass_concentration_surface_level_annual_means_mil,0,8,Nitrate in PM2.5 Dry Aerosol (Mass Concentration) (Surface Level) 2010 annual mean,[AQREAN_Cells],TRUE,TRUE,FALSE,,,,2,2,FALSE,FALSE,,,
131001,aqrean_nitrate_no3_in_pm2_5_dry_aerosol_mass_concentration_surface_level_annual_means_mil,0,9,Nitrate in PM2.5 Dry Aerosol (Mass Concentration) (Surface Level) 2009 annual mean,[AQREAN_Cells],TRUE,TRUE,FALSE,,,,2,2,FALSE,FALSE,,,
131101,aqrean_nitrate_no3_in_pm2_5_dry_aerosol_mass_concentration_surface_level_annual_means_mil,0,10,Nitrate in PM2.5 Dry Aerosol (Mass Concentration) (Surface Level) 2008 annual mean,[AQREAN_Cells],TRUE,TRUE,FALSE,,,,2,2,FALSE,FALSE,,,
131201,aqrean_nitrate_no3_in_pm2_5_dry_aerosol_mass_concentration_surface_level_annual_means_mil,0,11,Nitrate in PM2.5 Dry Aerosol (Mass Concentration) (Surface Level) 2007 annual mean,[AQREAN_Cells],TRUE,TRUE,FALSE,,,,2,2,FALSE,FALSE,,,
131301,aqrean_nitrate_no3_in_pm2_5_dry_aerosol_mass_concentration_surface_level_annual_means_mil,0,12,Nitrate in PM2.5 Dry Aerosol (Mass Concentration) (Surface Level) 2006 annual mean,[AQREAN_Cells],TRUE,TRUE,FALSE,,,,2,2,FALSE,FALSE,,,
131401,aqrean_nitrate_no3_in_pm2_5_dry_aerosol_mass_concentration_surface_level_annual_means_mil,0,13,Nitrate in PM2.5 Dry Aerosol (Mass Concentration) (Surface Level) 2005 annual mean,[AQREAN_Cells],TRUE,TRUE,FALSE,,,,2,2,FALSE,FALSE,,,
131501,aqrean_nitrate_no3_in_pm2_5_dry_aerosol_mass_concentration_surface_level_annual_means_mil,0,14,Nitrate in PM2.5 Dry Aerosol (Mass Concentration) (Surface Level) 2004 annual mean,[AQREAN_Cells],TRUE,TRUE,FALSE,,,,2,2,FALSE,FALSE,,,
131601,aqrean_nitrate_no3_in_pm2_5_dry_aerosol_mass_concentration_surface_level_annual_means_mil,0,15,Nitrate in PM2.5 Dry Aerosol (Mass Concentration) (Surface Level) 2003 annual mean,[AQREAN_Cells],TRUE,TRUE,FALSE,,,,2,2,FALSE,FALSE,,,
131701,nitrogen_dioxide_no2_in_air_mass_concentration_surface_level_annual_means,0,0,NO2 (Mass Concentration) (Surface Level) 2019 annual mean,[AQREAN_Cells],TRUE,TRUE,FALSE,,,,2,2,FALSE,FALSE,,,
131801,nitrogen_dioxide_no2_in_air_mass_concentration_surface_level_annual_means,0,1,NO2 (Mass Concentration) (Surface Level) 2018 annual mean,[AQREAN_Cells],TRUE,TRUE,FALSE,,,,2,2,FALSE,FALSE,,,
131901,nitrogen_dioxide_no2_in_air_mass_concentration_surface_level_annual_means,0,2,NO2 (Mass Concentration) (Surface Level) 2017 annual mean,[AQREAN_Cells],TRUE,TRUE,FALSE,,,,2,2,FALSE,FALSE,,,
132001,nitrogen_dioxide_no2_in_air_mass_concentration_surface_level_annual_means,0,3,NO2 (Mass Concentration) (Surface Level) 2016 annual mean,[AQREAN_Cells],TRUE,TRUE,FALSE,,,,2,2,FALSE,FALSE,,,
132101,nitrogen_dioxide_no2_in_air_mass_concentration_surface_level_annual_means,0,4,NO2 (Mass Concentration) (Surface Level) 2015 annual mean,[AQREAN_Cells],TRUE,TRUE,FALSE,,,,2,2,FALSE,FALSE,,,
132201,nitrogen_dioxide_no2_in_air_mass_concentration_surface_level_annual_means,0,5,NO2 (Mass Concentration) (Surface Level) 2014 annual mean,[AQREAN_Cells],TRUE,TRUE,FALSE,,,,2,2,FALSE,FALSE,,,
132301,nitrogen_dioxide_no2_in_air_mass_concentration_surface_level_annual_means,0,6,NO2 (Mass Concentration) (Surface Level) 2012 annual mean,[AQREAN_Cells],TRUE,TRUE,FALSE,,,,2,2,FALSE,FALSE,,,
132401,nitrogen_dioxide_no2_in_air_mass_concentration_surface_level_annual_means,0,7,NO2 (Mass Concentration) (Surface Level) 2011 annual mean,[AQREAN_Cells],TRUE,TRUE,FALSE,,,,2,2,FALSE,FALSE,,,
132501,nitrogen_dioxide_no2_in_air_mass_concentration_surface_level_annual_means,0,8,NO2 (Mass Concentration) (Surface Level) 2010 annual mean,[AQREAN_Cells],TRUE,TRUE,FALSE,,,,2,2,FALSE,FALSE,,,
132601,nitrogen_dioxide_no2_in_air_mass_concentration_surface_level_annual_means,0,9,NO2 (Mass Concentration) (Surface Level) 2009 annual mean,[AQREAN_Cells],TRUE,TRUE,FALSE,,,,2,2,FALSE,FALSE,,,
132701,nitrogen_dioxide_no2_in_air_mass_concentration_surface_level_annual_means,0,10,NO2 (Mass Concentration) (Surface Level) 2008 annual mean,[AQREAN_Cells],TRUE,TRUE,FALSE,,,,2,2,FALSE,FALSE,,,
132801,nitrogen_dioxide_no2_in_air_mass_concentration_surface_level_annual_means,0,11,NO2 (Mass Concentration) (Surface Level) 2007 annual mean,[AQREAN_Cells],TRUE,TRUE,FALSE,,,,2,2,FALSE,FALSE,,,
132901,nitrogen_dioxide_no2_in_air_mass_concentration_surface_level_annual_means,0,12,NO2 (Mass Concentration) (Surface Level) 2006 annual mean,[AQREAN_Cells],TRUE,TRUE,FALSE,,,,2,2,FALSE,FALSE,,,
133001,nitrogen_dioxide_no2_in_air_mass_concentration_surface_level_annual_means,0,13,NO2 (Mass Concentration) (Surface Level) 2005 annual mean,[AQREAN_Cells],TRUE,TRUE,FALSE,,,,2,2,FALSE,FALSE,,,
133101,nitrogen_dioxide_no2_in_air_mass_concentration_surface_level_annual_means,0,14,NO2 (Mass Concentration) (Surface Level) 2004 annual mean,[AQREAN_Cells],TRUE,TRUE,FALSE,,,,2,2,FALSE,FALSE,,,
133201,nitrogen_dioxide_no2_in_air_mass_concentration_surface_level_annual_means,0,15,NO2 (Mass Concentration) (Surface Level) 2003 annual mean,[AQREAN_Cells],TRUE,TRUE,FALSE,,,,2,2,FALSE,FALSE,,,
133301,nitrogen_oxides_nox_as_nitrogen_dioxide_no2_in_air_mass_concentration_surface_level_annual_means,0,0,NOx as NO2 (Mass Concentration) (Surface Level) 2019 annual mean,[AQREAN_Cells],TRUE,TRUE,FALSE,,,,2,2,FALSE,FALSE,,,
133401,nitrogen_oxides_nox_as_nitrogen_dioxide_no2_in_air_mass_concentration_surface_level_annual_means,0,1,NOx as NO2 (Mass Concentration) (Surface Level) 2018 annual mean,[AQREAN_Cells],TRUE,TRUE,FALSE,,,,2,2,FALSE,FALSE,,,
133501,nitrogen_oxides_nox_as_nitrogen_dioxide_no2_in_air_mass_concentration_surface_level_annual_means,0,2,NOx as NO2 (Mass Concentration) (Surface Level) 2017 annual mean,[AQREAN_Cells],TRUE,TRUE,FALSE,,,,2,2,FALSE,FALSE,,,
133601,nitrogen_oxides_nox_as_nitrogen_dioxide_no2_in_air_mass_concentration_surface_level_annual_means,0,3,NOx as NO2 (Mass Concentration) (Surface Level) 2016 annual mean,[AQREAN_Cells],TRUE,TRUE,FALSE,,,,2,2,FALSE,FALSE,,,
133701,nitrogen_oxides_nox_as_nitrogen_dioxide_no2_in_air_mass_concentration_surface_level_annual_means,0,4,NOx as NO2 (Mass Concentration) (Surface Level) 2015 annual mean,[AQREAN_Cells],TRUE,TRUE,FALSE,,,,2,2,FALSE,FALSE,,,
133801,nitrogen_oxides_nox_as_nitrogen_dioxide_no2_in_air_mass_concentration_surface_level_annual_means,0,5,NOx as NO2 (Mass Concentration) (Surface Level) 2014 annual mean,[AQREAN_Cells],TRUE,TRUE,FALSE,,,,2,2,FALSE,FALSE,,,
133901,nitrogen_oxides_nox_as_nitrogen_dioxide_no2_in_air_mass_concentration_surface_level_annual_means,0,6,NOx as NO2 (Mass Concentration) (Surface Level) 2012 annual mean,[AQREAN_Cells],TRUE,TRUE,FALSE,,,,2,2,FALSE,FALSE,,,
134001,nitrogen_oxides_nox_as_nitrogen_dioxide_no2_in_air_mass_concentration_surface_level_annual_means,0,7,NOx as NO2 (Mass Concentration) (Surface Level) 2011 annual mean,[AQREAN_Cells],TRUE,TRUE,FALSE,,,,2,2,FALSE,FALSE,,,
134101,nitrogen_oxides_nox_as_nitrogen_dioxide_no2_in_air_mass_concentration_surface_level_annual_means,0,8,NOx as NO2 (Mass Concentration) (Surface Level) 2010 annual mean,[AQREAN_Cells],TRUE,TRUE,FALSE,,,,2,2,FALSE,FALSE,,,
134201,nitrogen_oxides_nox_as_nitrogen_dioxide_no2_in_air_mass_concentration_surface_level_annual_means,0,9,NOx as NO2 (Mass Concentration) (Surface Level) 2009 annual mean,[AQREAN_Cells],TRUE,TRUE,FALSE,,,,2,2,FALSE,FALSE,,,
134301,nitrogen_oxides_nox_as_nitrogen_dioxide_no2_in_air_mass_concentration_surface_level_annual_means,0,10,NOx as NO2 (Mass Concentration) (Surface Level) 2008 annual mean,[AQREAN_Cells],TRUE,TRUE,FALSE,,,,2,2,FALSE,FALSE,,,
134401,nitrogen_oxides_nox_as_nitrogen_dioxide_no2_in_air_mass_concentration_surface_level_annual_means,0,11,NOx as NO2 (Mass Concentration) (Surface Level) 2007 annual mean,[AQREAN_Cells],TRUE,TRUE,FALSE,,,,2,2,FALSE,FALSE,,,
134501,nitrogen_oxides_nox_as_nitrogen_dioxide_no2_in_air_mass_concentration_surface_level_annual_means,0,12,NOx as NO2 (Mass Concentration) (Surface Level) 2006 annual mean,[AQREAN_Cells],TRUE,TRUE,FALSE,,,,2,2,FALSE,FALSE,,,
134601,nitrogen_oxides_nox_as_nitrogen_dioxide_no2_in_air_mass_concentration_surface_level_annual_means,0,13,NOx as NO2 (Mass Concentration) (Surface Level) 2005 annual mean,[AQREAN_Cells],TRUE,TRUE,FALSE,,,,2,2,FALSE,FALSE,,,
134701,nitrogen_oxides_nox_as_nitrogen_dioxide_no2_in_air_mass_concentration_surface_level_annual_means,0,14,NOx as NO2 (Mass Concentration) (Surface Level) 2004 annual mean,[AQREAN_Cells],TRUE,TRUE,FALSE,,,,2,2,FALSE,FALSE,,,
134801,nitrogen_oxides_nox_as_nitrogen_dioxide_no2_in_air_mass_concentration_surface_level_annual_means,0,15,NOx as NO2 (Mass Concentration) (Surface Level) 2003 annual mean,[AQREAN_Cells],TRUE,TRUE,FALSE,,,,2,2,FALSE,FALSE,,,
134901,relative_humidity_surface_level_annual_means,0,0,Relative Humidity (Surface Level) 2019 annual mean,[AQREAN_Cells],TRUE,TRUE,FALSE,,,,2,2,FALSE,FALSE,,,
135001,relative_humidity_surface_level_annual_means,0,1,Relative Humidity (Surface Level) 2018 annual mean,[AQREAN_Cells],TRUE,TRUE,FALSE,,,,2,2,FALSE,FALSE,,,
135101,relative_humidity_surface_level_annual_means,0,2,Relative Humidity (Surface Level) 2017 annual mean,[AQREAN_Cells],TRUE,TRUE,FALSE,,,,2,2,FALSE,FALSE,,,
135201,relative_humidity_surface_level_annual_means,0,3,Relative Humidity (Surface Level) 2016 annual mean,[AQREAN_Cells],TRUE,TRUE,FALSE,,,,2,2,FALSE,FALSE,,,
135301,relative_humidity_surface_level_annual_means,0,4,Relative Humidity (Surface Level) 2015 annual mean,[AQREAN_Cells],TRUE,TRUE,FALSE,,,,2,2,FALSE,FALSE,,,
135401,relative_humidity_surface_level_annual_means,0,5,Relative Humidity (Surface Level) 2014 annual mean,[AQREAN_Cells],TRUE,TRUE,FALSE,,,,2,2,FALSE,FALSE,,,
135501,relative_humidity_surface_level_annual_means,0,6,Relative Humidity (Surface Level) 2012 annual mean,[AQREAN_Cells],TRUE,TRUE,FALSE,,,,2,2,FALSE,FALSE,,,
135601,relative_humidity_surface_level_annual_means,0,7,Relative Humidity (Surface Level) 2011 annual mean,[AQREAN_Cells],TRUE,TRUE,FALSE,,,,2,2,FALSE,FALSE,,,
135701,relative_humidity_surface_level_annual_means,0,8,Relative Humidity (Surface Level) 2010 annual mean,[AQREAN_Cells],TRUE,TRUE,FALSE,,,,2,2,FALSE,FALSE,,,
135801,relative_humidity_surface_level_annual_means,0,9,Relative Humidity (Surface Level) 2009 annual mean,[AQREAN_Cells],TRUE,TRUE,FALSE,,,,2,2,FALSE,FALSE,,,
135901,relative_humidity_surface_level_annual_means,0,10,Relative Humidity (Surface Level) 2008 annual mean,[AQREAN_Cells],TRUE,TRUE,FALSE,,,,2,2,FALSE,FALSE,,,
136001,relative_humidity_surface_level_annual_means,0,11,Relative Humidity (Surface Level) 2007 annual mean,[AQREAN_Cells],TRUE,TRUE,FALSE,,,,2,2,FALSE,FALSE,,,
136101,relative_humidity_surface_level_annual_means,0,12,Relative Humidity (Surface Level) 2006 annual mean,[AQREAN_Cells],TRUE,TRUE,FALSE,,,,2,2,FALSE,FALSE,,,
136201,relative_humidity_surface_level_annual_means,0,13,Relative Humidity (Surface Level) 2005 annual mean,[AQREAN_Cells],TRUE,TRUE,FALSE,,,,2,2,FALSE,FALSE,,,
136301,relative_humidity_surface_level_annual_means,0,14,Relative Humidity (Surface Level) 2004 annual mean,[AQREAN_Cells],TRUE,TRUE,FALSE,,,,2,2,FALSE,FALSE,,,
136401,relative_humidity_surface_level_annual_means,0,15,Relative Humidity (Surface Level) 2003 annual mean,[AQREAN_Cells],TRUE,TRUE,FALSE,,,,2,2,FALSE,FALSE,,,
136501,secondary_particulate_organic_matter_in_pm2_5_dry_aerosol_mass_concentration_surface_level_annual_means,0,0,Secondary Particulate Organic Matter in PM2.5 Dry Aerosol (Mass Concentration) (Surface Level) 2019 annual mean,[AQREAN_Cells],TRUE,TRUE,FALSE,,,,2,2,FALSE,FALSE,,,
136601,secondary_particulate_organic_matter_in_pm2_5_dry_aerosol_mass_concentration_surface_level_annual_means,0,1,Secondary Particulate Organic Matter in PM2.5 Dry Aerosol (Mass Concentration) (Surface Level) 2018 annual mean,[AQREAN_Cells],TRUE,TRUE,FALSE,,,,2,2,FALSE,FALSE,,,
136701,secondary_particulate_organic_matter_in_pm2_5_dry_aerosol_mass_concentration_surface_level_annual_means,0,2,Secondary Particulate Organic Matter in PM2.5 Dry Aerosol (Mass Concentration) (Surface Level) 2017 annual mean,[AQREAN_Cells],TRUE,TRUE,FALSE,,,,2,2,FALSE,FALSE,,,
136801,secondary_particulate_organic_matter_in_pm2_5_dry_aerosol_mass_concentration_surface_level_annual_means,0,3,Secondary Particulate Organic Matter in PM2.5 Dry Aerosol (Mass Concentration) (Surface Level) 2016 annual mean,[AQREAN_Cells],TRUE,TRUE,FALSE,,,,2,2,FALSE,FALSE,,,
136901,secondary_particulate_organic_matter_in_pm2_5_dry_aerosol_mass_concentration_surface_level_annual_means,0,4,Secondary Particulate Organic Matter in PM2.5 Dry Aerosol (Mass Concentration) (Surface Level) 2015 annual mean,[AQREAN_Cells],TRUE,TRUE,FALSE,,,,2,2,FALSE,FALSE,,,
137001,secondary_particulate_organic_matter_in_pm2_5_dry_aerosol_mass_concentration_surface_level_annual_means,0,5,Secondary Particulate Organic Matter in PM2.5 Dry Aerosol (Mass Concentration) (Surface Level) 2014 annual mean,[AQREAN_Cells],TRUE,TRUE,FALSE,,,,2,2,FALSE,FALSE,,,
137101,secondary_particulate_organic_matter_in_pm2_5_dry_aerosol_mass_concentration_surface_level_annual_means,0,6,Secondary Particulate Organic Matter in PM2.5 Dry Aerosol (Mass Concentration) (Surface Level) 2012 annual mean,[AQREAN_Cells],TRUE,TRUE,FALSE,,,,2,2,FALSE,FALSE,,,
137201,secondary_particulate_organic_matter_in_pm2_5_dry_aerosol_mass_concentration_surface_level_annual_means,0,7,Secondary Particulate Organic Matter in PM2.5 Dry Aerosol (Mass Concentration) (Surface Level) 2011 annual mean,[AQREAN_Cells],TRUE,TRUE,FALSE,,,,2,2,FALSE,FALSE,,,
137301,secondary_particulate_organic_matter_in_pm2_5_dry_aerosol_mass_concentration_surface_level_annual_means,0,8,Secondary Particulate Organic Matter in PM2.5 Dry Aerosol (Mass Concentration) (Surface Level) 2010 annual mean,[AQREAN_Cells],TRUE,TRUE,FALSE,,,,2,2,FALSE,FALSE,,,
137401,secondary_particulate_organic_matter_in_pm2_5_dry_aerosol_mass_concentration_surface_level_annual_means,0,9,Secondary Particulate Organic Matter in PM2.5 Dry Aerosol (Mass Concentration) (Surface Level) 2009 annual mean,[AQREAN_Cells],TRUE,TRUE,FALSE,,,,2,2,FALSE,FALSE,,,
137501,secondary_particulate_organic_matter_in_pm2_5_dry_aerosol_mass_concentration_surface_level_annual_means,0,10,Secondary Particulate Organic Matter in PM2.5 Dry Aerosol (Mass Concentration) (Surface Level) 2008 annual mean,[AQREAN_Cells],TRUE,TRUE,FALSE,,,,2,2,FALSE,FALSE,,,
137601,secondary_particulate_organic_matter_in_pm2_5_dry_aerosol_mass_concentration_surface_level_annual_means,0,11,Secondary Particulate Organic Matter in PM2.5 Dry Aerosol (Mass Concentration) (Surface Level) 2007 annual mean,[AQREAN_Cells],TRUE,TRUE,FALSE,,,,2,2,FALSE,FALSE,,,
137701,secondary_particulate_organic_matter_in_pm2_5_dry_aerosol_mass_concentration_surface_level_annual_means,0,12,Secondary Particulate Organic Matter in PM2.5 Dry Aerosol (Mass Concentration) (Surface Level) 2006 annual mean,[AQREAN_Cells],TRUE,TRUE,FALSE,,,,2,2,FALSE,FALSE,,,
137801,secondary_particulate_organic_matter_in_pm2_5_dry_aerosol_mass_concentration_surface_level_annual_means,0,13,Secondary Particulate Organic Matter in PM2.5 Dry Aerosol (Mass Concentration) (Surface Level) 2005 annual mean,[AQREAN_Cells],TRUE,TRUE,FALSE,,,,2,2,FALSE,FALSE,,,
137901,secondary_particulate_organic_matter_in_pm2_5_dry_aerosol_mass_concentration_surface_level_annual_means,0,14,Secondary Particulate Organic Matter in PM2.5 Dry Aerosol (Mass Concentration) (Surface Level) 2004 annual mean,[AQREAN_Cells],TRUE,TRUE,FALSE,,,,2,2,FALSE,FALSE,,,
138001,secondary_particulate_organic_matter_in_pm2_5_dry_aerosol_mass_concentration_surface_level_annual_means,0,15,Secondary Particulate Organic Matter in PM2.5 Dry Aerosol (Mass Concentration) (Surface Level) 2003 annual mean,[AQREAN_Cells],TRUE,TRUE,FALSE,,,,2,2,FALSE,FALSE,,,
138101,sulfate_so4_in_pm2_5_dry_aerosol_mass_concentration_surface_level_annual_means,0,0,Sulfate in PM2.5 Dry Aerosol (Mass Concentration) (Surface Level) 2019 annual mean,[AQREAN_Cells],TRUE,TRUE,FALSE,,,,2,2,FALSE,FALSE,,,
138201,sulfate_so4_in_pm2_5_dry_aerosol_mass_concentration_surface_level_annual_means,0,1,Sulfate in PM2.5 Dry Aerosol (Mass Concentration) (Surface Level) 2018 annual mean,[AQREAN_Cells],TRUE,TRUE,FALSE,,,,2,2,FALSE,FALSE,,,
138301,sulfate_so4_in_pm2_5_dry_aerosol_mass_concentration_surface_level_annual_means,0,2,Sulfate in PM2.5 Dry Aerosol (Mass Concentration) (Surface Level) 2017 annual mean,[AQREAN_Cells],TRUE,TRUE,FALSE,,,,2,2,FALSE,FALSE,,,
138401,sulfate_so4_in_pm2_5_dry_aerosol_mass_concentration_surface_level_annual_means,0,3,Sulfate in PM2.5 Dry Aerosol (Mass Concentration) (Surface Level) 2016 annual mean,[AQREAN_Cells],TRUE,TRUE,FALSE,,,,2,2,FALSE,FALSE,,,
138501,sulfate_so4_in_pm2_5_dry_aerosol_mass_concentration_surface_level_annual_means,0,4,Sulfate in PM2.5 Dry Aerosol (Mass Concentration) (Surface Level) 2015 annual mean,[AQREAN_Cells],TRUE,TRUE,FALSE,,,,2,2,FALSE,FALSE,,,
138601,sulfate_so4_in_pm2_5_dry_aerosol_mass_concentration_surface_level_annual_means,0,5,Sulfate in PM2.5 Dry Aerosol (Mass Concentration) (Surface Level) 2014 annual mean,[AQREAN_Cells],TRUE,TRUE,FALSE,,,,2,2,FALSE,FALSE,,,
138701,sulfate_so4_in_pm2_5_dry_aerosol_mass_concentration_surface_level_annual_means,0,6,Sulfate in PM2.5 Dry Aerosol (Mass Concentration) (Surface Level) 2012 annual mean,[AQREAN_Cells],TRUE,TRUE,FALSE,,,,2,2,FALSE,FALSE,,,
138801,sulfate_so4_in_pm2_5_dry_aerosol_mass_concentration_surface_level_annual_means,0,7,Sulfate in PM2.5 Dry Aerosol (Mass Concentration) (Surface Level) 2011 annual mean,[AQREAN_Cells],TRUE,TRUE,FALSE,,,,2,2,FALSE,FALSE,,,
138901,sulfate_so4_in_pm2_5_dry_aerosol_mass_concentration_surface_level_annual_means,0,8,Sulfate in PM2.5 Dry Aerosol (Mass Concentration) (Surface Level) 2010 annual mean,[AQREAN_Cells],TRUE,TRUE,FALSE,,,,2,2,FALSE,FALSE,,,
139001,sulfate_so4_in_pm2_5_dry_aerosol_mass_concentration_surface_level_annual_means,0,9,Sulfate in PM2.5 Dry Aerosol (Mass Concentration) (Surface Level) 2009 annual mean,[AQREAN_Cells],TRUE,TRUE,FALSE,,,,2,2,FALSE,FALSE,,,
139101,sulfate_so4_in_pm2_5_dry_aerosol_mass_concentration_surface_level_annual_means,0,10,Sulfate in PM2.5 Dry Aerosol (Mass Concentration) (Surface Level) 2008 annual mean,[AQREAN_Cells],TRUE,TRUE,FALSE,,,,2,2,FALSE,FALSE,,,
139201,sulfate_so4_in_pm2_5_dry_aerosol_mass_concentration_surface_level_annual_means,0,11,Sulfate in PM2.5 Dry Aerosol (Mass Concentration) (Surface Level) 2007 annual mean,[AQREAN_Cells],TRUE,TRUE,FALSE,,,,2,2,FALSE,FALSE,,,
139301,sulfate_so4_in_pm2_5_dry_aerosol_mass_concentration_surface_level_annual_means,0,12,Sulfate in PM2.5 Dry Aerosol (Mass Concentration) (Surface Level) 2006 annual mean,[AQREAN_Cells],TRUE,TRUE,FALSE,,,,2,2,FALSE,FALSE,,,
139401,sulfate_so4_in_pm2_5_dry_aerosol_mass_concentration_surface_level_annual_means,0,13,Sulfate in PM2.5 Dry Aerosol (Mass Concentration) (Surface Level) 2005 annual mean,[AQREAN_Cells],TRUE,TRUE,FALSE,,,,2,2,FALSE,FALSE,,,
139501,sulfate_so4_in_pm2_5_dry_aerosol_mass_concentration_surface_level_annual_means,0,14,Sulfate in PM2.5 Dry Aerosol (Mass Concentration) (Surface Level) 2004 annual mean,[AQREAN_Cells],TRUE,TRUE,FALSE,,,,2,2,FALSE,FALSE,,,
139601,sulfate_so4_in_pm2_5_dry_aerosol_mass_concentration_surface_level_annual_means,0,15,Sulfate in PM2.5 Dry Aerosol (Mass Concentration) (Surface Level) 2003 annual mean,[AQREAN_Cells],TRUE,TRUE,FALSE,,,,2,2,FALSE,FALSE,,,
139701,organic_carbon_from_fossil_fuel_combustion_in_pm2_5_dry_aerosol_mass_concentration_surface_level_annual_means,0,0,Organic Carbon from Fossil Fuel Combustion in PM2.5 Dry Aerosol (Mass Concentration) (Surface Level) 2019 annual mean,[AQREAN_Cells],TRUE,TRUE,FALSE,,,,2,2,FALSE,FALSE,,,
139801,organic_carbon_from_fossil_fuel_combustion_in_pm2_5_dry_aerosol_mass_concentration_surface_level_annual_means,0,1,Organic Carbon from Fossil Fuel Combustion in PM2.5 Dry Aerosol (Mass Concentration) (Surface Level) 2018 annual mean,[AQREAN_Cells],TRUE,TRUE,FALSE,,,,2,2,FALSE,FALSE,,,
139901,organic_carbon_from_fossil_fuel_combustion_in_pm2_5_dry_aerosol_mass_concentration_surface_level_annual_means,0,2,Organic Carbon from Fossil Fuel Combustion in PM2.5 Dry Aerosol (Mass Concentration) (Surface Level) 2017 annual mean,[AQREAN_Cells],TRUE,TRUE,FALSE,,,,2,2,FALSE,FALSE,,,
140001,organic_carbon_from_fossil_fuel_combustion_in_pm2_5_dry_aerosol_mass_concentration_surface_level_annual_means,0,3,Organic Carbon from Fossil Fuel Combustion in PM2.5 Dry Aerosol (Mass Concentration) (Surface Level) 2016 annual mean,[AQREAN_Cells],TRUE,TRUE,FALSE,,,,2,2,FALSE,FALSE,,,
140101,organic_carbon_from_fossil_fuel_combustion_in_pm2_5_dry_aerosol_mass_concentration_surface_level_annual_means,0,4,Organic Carbon from Fossil Fuel Combustion in PM2.5 Dry Aerosol (Mass Concentration) (Surface Level) 2015 annual mean,[AQREAN_Cells],TRUE,TRUE,FALSE,,,,2,2,FALSE,FALSE,,,
140201,organic_carbon_from_fossil_fuel_combustion_in_pm2_5_dry_aerosol_mass_concentration_surface_level_annual_means,0,5,Organic Carbon from Fossil Fuel Combustion in PM2.5 Dry Aerosol (Mass Concentration) (Surface Level) 2014 annual mean,[AQREAN_Cells],TRUE,TRUE,FALSE,,,,2,2,FALSE,FALSE,,,
140301,organic_carbon_from_fossil_fuel_combustion_in_pm2_5_dry_aerosol_mass_concentration_surface_level_annual_means,0,6,Organic Carbon from Fossil Fuel Combustion in PM2.5 Dry Aerosol (Mass Concentration) (Surface Level) 2012 annual mean,[AQREAN_Cells],TRUE,TRUE,FALSE,,,,2,2,FALSE,FALSE,,,
140401,organic_carbon_from_fossil_fuel_combustion_in_pm2_5_dry_aerosol_mass_concentration_surface_level_annual_means,0,7,Organic Carbon from Fossil Fuel Combustion in PM2.5 Dry Aerosol (Mass Concentration) (Surface Level) 2011 annual mean,[AQREAN_Cells],TRUE,TRUE,FALSE,,,,2,2,FALSE,FALSE,,,
140501,organic_carbon_from_fossil_fuel_combustion_in_pm2_5_dry_aerosol_mass_concentration_surface_level_annual_means,0,8,Organic Carbon from Fossil Fuel Combustion in PM2.5 Dry Aerosol (Mass Concentration) (Surface Level) 2010 annual mean,[AQREAN_Cells],TRUE,TRUE,FALSE,,,,2,2,FALSE,FALSE,,,
140601,organic_carbon_from_fossil_fuel_combustion_in_pm2_5_dry_aerosol_mass_concentration_surface_level_annual_means,0,9,Organic Carbon from Fossil Fuel Combustion in PM2.5 Dry Aerosol (Mass Concentration) (Surface Level) 2009 annual mean,[AQREAN_Cells],TRUE,TRUE,FALSE,,,,2,2,FALSE,FALSE,,,
140701,organic_carbon_from_fossil_fuel_combustion_in_pm2_5_dry_aerosol_mass_concentration_surface_level_annual_means,0,10,Organic Carbon from Fossil Fuel Combustion in PM2.5 Dry Aerosol (Mass Concentration) (Surface Level) 2008 annual mean,[AQREAN_Cells],TRUE,TRUE,FALSE,,,,2,2,FALSE,FALSE,,,
140801,organic_carbon_from_fossil_fuel_combustion_in_pm2_5_dry_aerosol_mass_concentration_surface_level_annual_means,0,11,Organic Carbon from Fossil Fuel Combustion in PM2.5 Dry Aerosol (Mass Concentration) (Surface Level) 2007 annual mean,[AQREAN_Cells],TRUE,TRUE,FALSE,,,,2,2,FALSE,FALSE,,,
140901,organic_carbon_from_fossil_fuel_combustion_in_pm2_5_dry_aerosol_mass_concentration_surface_level_annual_means,0,12,Organic Carbon from Fossil Fuel Combustion in PM2.5 Dry Aerosol (Mass Concentration) (Surface Level) 2006 annual mean,[AQREAN_Cells],TRUE,TRUE,FALSE,,,,2,2,FALSE,FALSE,,,
141001,organic_carbon_from_fossil_fuel_combustion_in_pm2_5_dry_aerosol_mass_concentration_surface_level_annual_means,0,13,Organic Carbon from Fossil Fuel Combustion in PM2.5 Dry Aerosol (Mass Concentration) (Surface Level) 2005 annual mean,[AQREAN_Cells],TRUE,TRUE,FALSE,,,,2,2,FALSE,FALSE,,,
141101,organic_carbon_from_fossil_fuel_combustion_in_pm2_5_dry_aerosol_mass_concentration_surface_level_annual_means,0,14,Organic Carbon from Fossil Fuel Combustion in PM2.5 Dry Aerosol (Mass Concentration) (Surface Level) 2004 annual mean,[AQREAN_Cells],TRUE,TRUE,FALSE,,,,2,2,FALSE,FALSE,,,
141201,organic_carbon_from_fossil_fuel_combustion_in_pm2_5_dry_aerosol_mass_concentration_surface_level_annual_means,0,15,Organic Carbon from Fossil Fuel Combustion in PM2.5 Dry Aerosol (Mass Concentration) (Surface Level) 2003 annual mean,[AQREAN_Cells],TRUE,TRUE,FALSE,,,,2,2,FALSE,FALSE,,,
141301,pm2_5_dry_aerosol_mass_concentration_surface_level_annual_means,0,0,PM2.5 Dry Aerosol (Mass Concentration) (Surface Level) 2019 annual mean,[AQREAN_Cells],TRUE,TRUE,FALSE,,,,2,2,FALSE,FALSE,,,
141401,pm2_5_dry_aerosol_mass_concentration_surface_level_annual_means,0,1,PM2.5 Dry Aerosol (Mass Concentration) (Surface Level) 2018 annual mean,[AQREAN_Cells],TRUE,TRUE,FALSE,,,,2,2,FALSE,FALSE,,,
141501,pm2_5_dry_aerosol_mass_concentration_surface_level_annual_means,0,2,PM2.5 Dry Aerosol (Mass Concentration) (Surface Level) 2017 annual mean,[AQREAN_Cells],TRUE,TRUE,FALSE,,,,2,2,FALSE,FALSE,,,
141601,pm2_5_dry_aerosol_mass_concentration_surface_level_annual_means,0,3,PM2.5 Dry Aerosol (Mass Concentration) (Surface Level) 2016 annual mean,[AQREAN_Cells],TRUE,TRUE,FALSE,,,,2,2,FALSE,FALSE,,,
141701,pm2_5_dry_aerosol_mass_concentration_surface_level_annual_means,0,4,PM2.5 Dry Aerosol (Mass Concentration) (Surface Level) 2015 annual mean,[AQREAN_Cells],TRUE,TRUE,FALSE,,,,2,2,FALSE,FALSE,,,
141801,pm2_5_dry_aerosol_mass_concentration_surface_level_annual_means,0,5,PM2.5 Dry Aerosol (Mass Concentration) (Surface Level) 2014 annual mean,[AQREAN_Cells],TRUE,TRUE,FALSE,,,,2,2,FALSE,FALSE,,,
141901,pm2_5_dry_aerosol_mass_concentration_surface_level_annual_means,0,6,PM2.5 Dry Aerosol (Mass Concentration) (Surface Level) 2012 annual mean,[AQREAN_Cells],TRUE,TRUE,FALSE,,,,2,2,FALSE,FALSE,,,
142001,pm2_5_dry_aerosol_mass_concentration_surface_level_annual_means,0,7,PM2.5 Dry Aerosol (Mass Concentration) (Surface Level) 2011 annual mean,[AQREAN_Cells],TRUE,TRUE,FALSE,,,,2,2,FALSE,FALSE,,,
142101,pm2_5_dry_aerosol_mass_concentration_surface_level_annual_means,0,8,PM2.5 Dry Aerosol (Mass Concentration) (Surface Level) 2010 annual mean,[AQREAN_Cells],TRUE,TRUE,FALSE,,,,2,2,FALSE,FALSE,,,
142201,pm2_5_dry_aerosol_mass_concentration_surface_level_annual_means,0,9,PM2.5 Dry Aerosol (Mass Concentration) (Surface Level) 2009 annual mean,[AQREAN_Cells],TRUE,TRUE,FALSE,,,,2,2,FALSE,FALSE,,,
142301,pm2_5_dry_aerosol_mass_concentration_surface_level_annual_means,0,10,PM2.5 Dry Aerosol (Mass Concentration) (Surface Level) 2008 annual mean,[AQREAN_Cells],TRUE,TRUE,FALSE,,,,2,2,FALSE,FALSE,,,
142401,pm2_5_dry_aerosol_mass_concentration_surface_level_annual_means,0,11,PM2.5 Dry Aerosol (Mass Concentration) (Surface Level) 2007 annual mean,[AQREAN_Cells],TRUE,TRUE,FALSE,,,,2,2,FALSE,FALSE,,,
142501,pm2_5_dry_aerosol_mass_concentration_surface_level_annual_means,0,12,PM2.5 Dry Aerosol (Mass Concentration) (Surface Level) 2006 annual mean,[AQREAN_Cells],TRUE,TRUE,FALSE,,,,2,2,FALSE,FALSE,,,
142601,pm2_5_dry_aerosol_mass_concentration_surface_level_annual_means,0,13,PM2.5 Dry Aerosol (Mass Concentration) (Surface Level) 2005 annual mean,[AQREAN_Cells],TRUE,TRUE,FALSE,,,,2,2,FALSE,FALSE,,,
142701,pm2_5_dry_aerosol_mass_concentration_surface_level_annual_means,0,14,PM2.5 Dry Aerosol (Mass Concentration) (Surface Level) 2004 annual mean,[AQREAN_Cells],TRUE,TRUE,FALSE,,,,2,2,FALSE,FALSE,,,
142801,pm2_5_dry_aerosol_mass_concentration_surface_level_annual_means,0,15,PM2.5 Dry Aerosol (Mass Concentration) (Surface Level) 2003 annual mean,[AQREAN_Cells],TRUE,TRUE,FALSE,,,,2,2,FALSE,FALSE,,,
142901,air_quality_index_nitrogen_dioxide_no2_daily_measurements_surface_level_bias_corrected_annual_means,0,0,Air Quality Index - NO2 (Daily Measurements) (Surface Level) (Bias Corrected) 2019 annual mean,[AQREAN_BC_Cells],TRUE,TRUE,FALSE,,,,2,2,FALSE,FALSE,,,
143001,air_quality_index_nitrogen_dioxide_no2_daily_measurements_surface_level_bias_corrected_annual_means,0,1,Air Quality Index - NO2 (Daily Measurements) (Surface Level) (Bias Corrected) 2018 annual mean,[AQREAN_BC_Cells],TRUE,TRUE,FALSE,,,,2,2,FALSE,FALSE,,,
143101,air_quality_index_nitrogen_dioxide_no2_daily_measurements_surface_level_bias_corrected_annual_means,0,2,Air Quality Index - NO2 (Daily Measurements) (Surface Level) (Bias Corrected) 2017 annual mean,[AQREAN_BC_Cells],TRUE,TRUE,FALSE,,,,2,2,FALSE,FALSE,,,
143201,air_quality_index_nitrogen_dioxide_no2_daily_measurements_surface_level_bias_corrected_annual_means,0,3,Air Quality Index - NO2 (Daily Measurements) (Surface Level) (Bias Corrected) 2016 annual mean,[AQREAN_BC_Cells],TRUE,TRUE,FALSE,,,,2,2,FALSE,FALSE,,,
143301,air_quality_index_nitrogen_dioxide_no2_daily_measurements_surface_level_bias_corrected_annual_means,0,4,Air Quality Index - NO2 (Daily Measurements) (Surface Level) (Bias Corrected) 2015 annual mean,[AQREAN_BC_Cells],TRUE,TRUE,FALSE,,,,2,2,FALSE,FALSE,,,
143401,air_quality_index_nitrogen_dioxide_no2_daily_measurements_surface_level_bias_corrected_annual_means,0,5,Air Quality Index - NO2 (Daily Measurements) (Surface Level) (Bias Corrected) 2014 annual mean,[AQREAN_BC_Cells],TRUE,TRUE,FALSE,,,,2,2,FALSE,FALSE,,,
143501,air_quality_index_nitrogen_dioxide_no2_daily_measurements_surface_level_bias_corrected_annual_means,0,6,Air Quality Index - NO2 (Daily Measurements) (Surface Level) (Bias Corrected) 2013 annual mean,[AQREAN_BC_Cells],TRUE,TRUE,FALSE,,,,2,2,FALSE,FALSE,,,
143601,air_quality_index_nitrogen_dioxide_no2_daily_measurements_surface_level_bias_corrected_annual_means,0,7,Air Quality Index - NO2 (Daily Measurements) (Surface Level) (Bias Corrected) 2012 annual mean,[AQREAN_BC_Cells],TRUE,TRUE,FALSE,,,,2,2,FALSE,FALSE,,,
143701,air_quality_index_nitrogen_dioxide_no2_daily_measurements_surface_level_bias_corrected_annual_means,0,8,Air Quality Index - NO2 (Daily Measurements) (Surface Level) (Bias Corrected) 2011 annual mean,[AQREAN_BC_Cells],TRUE,TRUE,FALSE,,,,2,2,FALSE,FALSE,,,
143801,air_quality_index_nitrogen_dioxide_no2_daily_measurements_surface_level_bias_corrected_annual_means,0,9,Air Quality Index - NO2 (Daily Measurements) (Surface Level) (Bias Corrected) 2010 annual mean,[AQREAN_BC_Cells],TRUE,TRUE,FALSE,,,,2,2,FALSE,FALSE,,,
143901,air_quality_index_nitrogen_dioxide_no2_daily_measurements_surface_level_bias_corrected_annual_means,0,10,Air Quality Index - NO2 (Daily Measurements) (Surface Level) (Bias Corrected) 2009 annual mean,[AQREAN_BC_Cells],TRUE,TRUE,FALSE,,,,2,2,FALSE,FALSE,,,
144001,air_quality_index_nitrogen_dioxide_no2_daily_measurements_surface_level_bias_corrected_annual_means,0,11,Air Quality Index - NO2 (Daily Measurements) (Surface Level) (Bias Corrected) 2008 annual mean,[AQREAN_BC_Cells],TRUE,TRUE,FALSE,,,,2,2,FALSE,FALSE,,,
144101,air_quality_index_nitrogen_dioxide_no2_daily_measurements_surface_level_bias_corrected_annual_means,0,12,Air Quality Index - NO2 (Daily Measurements) (Surface Level) (Bias Corrected) 2007 annual mean,[AQREAN_BC_Cells],TRUE,TRUE,FALSE,,,,2,2,FALSE,FALSE,,,
144201,air_quality_index_nitrogen_dioxide_no2_daily_measurements_surface_level_bias_corrected_annual_means,0,13,Air Quality Index - NO2 (Daily Measurements) (Surface Level) (Bias Corrected) 2006 annual mean,[AQREAN_BC_Cells],TRUE,TRUE,FALSE,,,,2,2,FALSE,FALSE,,,
144301,air_quality_index_nitrogen_dioxide_no2_daily_measurements_surface_level_bias_corrected_annual_means,0,14,Air Quality Index - NO2 (Daily Measurements) (Surface Level) (Bias Corrected) 2005 annual mean,[AQREAN_BC_Cells],TRUE,TRUE,FALSE,,,,2,2,FALSE,FALSE,,,
144401,air_quality_index_nitrogen_dioxide_no2_daily_measurements_surface_level_bias_corrected_annual_means,0,15,Air Quality Index - NO2 (Daily Measurements) (Surface Level) (Bias Corrected) 2004 annual mean,[AQREAN_BC_Cells],TRUE,TRUE,FALSE,,,,2,2,FALSE,FALSE,,,
144501,air_quality_index_nitrogen_dioxide_no2_daily_measurements_surface_level_bias_corrected_annual_means,0,16,Air Quality Index - NO2 (Daily Measurements) (Surface Level) (Bias Corrected) 2003 annual mean,[AQREAN_BC_Cells],TRUE,TRUE,FALSE,,,,2,2,FALSE,FALSE,,,
144601,air_quality_index_pm2_5_dry_aerosol_daily_measurements_surface_level_bias_corrected_annual_means,0,0,Air Quality Index - PM2.5 Dry Aerosol (Daily Measurements) (Surface Level) (Bias Corrected) 2019 annual mean,[AQREAN_BC_Cells],TRUE,TRUE,FALSE,,,,2,2,FALSE,FALSE,,,
144701,air_quality_index_pm2_5_dry_aerosol_daily_measurements_surface_level_bias_corrected_annual_means,0,1,Air Quality Index - PM2.5 Dry Aerosol (Daily Measurements) (Surface Level) (Bias Corrected) 2018 annual mean,[AQREAN_BC_Cells],TRUE,TRUE,FALSE,,,,2,2,FALSE,FALSE,,,
144801,air_quality_index_pm2_5_dry_aerosol_daily_measurements_surface_level_bias_corrected_annual_means,0,2,Air Quality Index - PM2.5 Dry Aerosol (Daily Measurements) (Surface Level) (Bias Corrected) 2017 annual mean,[AQREAN_BC_Cells],TRUE,TRUE,FALSE,,,,2,2,FALSE,FALSE,,,
144901,air_quality_index_pm2_5_dry_aerosol_daily_measurements_surface_level_bias_corrected_annual_means,0,3,Air Quality Index - PM2.5 Dry Aerosol (Daily Measurements) (Surface Level) (Bias Corrected) 2016 annual mean,[AQREAN_BC_Cells],TRUE,TRUE,FALSE,,,,2,2,FALSE,FALSE,,,
145001,air_quality_index_pm2_5_dry_aerosol_daily_measurements_surface_level_bias_corrected_annual_means,0,4,Air Quality Index - PM2.5 Dry Aerosol (Daily Measurements) (Surface Level) (Bias Corrected) 2015 annual mean,[AQREAN_BC_Cells],TRUE,TRUE,FALSE,,,,2,2,FALSE,FALSE,,,
145101,air_quality_index_pm2_5_dry_aerosol_daily_measurements_surface_level_bias_corrected_annual_means,0,5,Air Quality Index - PM2.5 Dry Aerosol (Daily Measurements) (Surface Level) (Bias Corrected) 2014 annual mean,[AQREAN_BC_Cells],TRUE,TRUE,FALSE,,,,2,2,FALSE,FALSE,,,
145201,air_quality_index_pm2_5_dry_aerosol_daily_measurements_surface_level_bias_corrected_annual_means,0,6,Air Quality Index - PM2.5 Dry Aerosol (Daily Measurements) (Surface Level) (Bias Corrected) 2013 annual mean,[AQREAN_BC_Cells],TRUE,TRUE,FALSE,,,,2,2,FALSE,FALSE,,,
145301,air_quality_index_pm2_5_dry_aerosol_daily_measurements_surface_level_bias_corrected_annual_means,0,7,Air Quality Index - PM2.5 Dry Aerosol (Daily Measurements) (Surface Level) (Bias Corrected) 2012 annual mean,[AQREAN_BC_Cells],TRUE,TRUE,FALSE,,,,2,2,FALSE,FALSE,,,
145401,air_quality_index_pm2_5_dry_aerosol_daily_measurements_surface_level_bias_corrected_annual_means,0,8,Air Quality Index - PM2.5 Dry Aerosol (Daily Measurements) (Surface Level) (Bias Corrected) 2011 annual mean,[AQREAN_BC_Cells],TRUE,TRUE,FALSE,,,,2,2,FALSE,FALSE,,,
145501,air_quality_index_pm2_5_dry_aerosol_daily_measurements_surface_level_bias_corrected_annual_means,0,9,Air Quality Index - PM2.5 Dry Aerosol (Daily Measurements) (Surface Level) (Bias Corrected) 2010 annual mean,[AQREAN_BC_Cells],TRUE,TRUE,FALSE,,,,2,2,FALSE,FALSE,,,
145601,air_quality_index_pm2_5_dry_aerosol_daily_measurements_surface_level_bias_corrected_annual_means,0,10,Air Quality Index - PM2.5 Dry Aerosol (Daily Measurements) (Surface Level) (Bias Corrected) 2009 annual mean,[AQREAN_BC_Cells],TRUE,TRUE,FALSE,,,,2,2,FALSE,FALSE,,,
145701,air_quality_index_pm2_5_dry_aerosol_daily_measurements_surface_level_bias_corrected_annual_means,0,11,Air Quality Index - PM2.5 Dry Aerosol (Daily Measurements) (Surface Level) (Bias Corrected) 2008 annual mean,[AQREAN_BC_Cells],TRUE,TRUE,FALSE,,,,2,2,FALSE,FALSE,,,
145801,air_quality_index_pm2_5_dry_aerosol_daily_measurements_surface_level_bias_corrected_annual_means,0,12,Air Quality Index - PM2.5 Dry Aerosol (Daily Measurements) (Surface Level) (Bias Corrected) 2007 annual mean,[AQREAN_BC_Cells],TRUE,TRUE,FALSE,,,,2,2,FALSE,FALSE,,,
145901,air_quality_index_pm2_5_dry_aerosol_daily_measurements_surface_level_bias_corrected_annual_means,0,13,Air Quality Index - PM2.5 Dry Aerosol (Daily Measurements) (Surface Level) (Bias Corrected) 2006 annual mean,[AQREAN_BC_Cells],TRUE,TRUE,FALSE,,,,2,2,FALSE,FALSE,,,
146001,air_quality_index_pm2_5_dry_aerosol_daily_measurements_surface_level_bias_corrected_annual_means,0,14,Air Quality Index - PM2.5 Dry Aerosol (Daily Measurements) (Surface Level) (Bias Corrected) 2005 annual mean,[AQREAN_BC_Cells],TRUE,TRUE,FALSE,,,,2,2,FALSE,FALSE,,,
146101,air_quality_index_pm2_5_dry_aerosol_daily_measurements_surface_level_bias_corrected_annual_means,0,15,Air Quality Index - PM2.5 Dry Aerosol (Daily Measurements) (Surface Level) (Bias Corrected) 2004 annual mean,[AQREAN_BC_Cells],TRUE,TRUE,FALSE,,,,2,2,FALSE,FALSE,,,
146201,air_quality_index_pm2_5_dry_aerosol_daily_measurements_surface_level_bias_corrected_annual_means,0,16,Air Quality Index - PM2.5 Dry Aerosol (Daily Measurements) (Surface Level) (Bias Corrected) 2003 annual mean,[AQREAN_BC_Cells],TRUE,TRUE,FALSE,,,,2,2,FALSE,FALSE,,,
146301,nitrogen_dioxide_no2_mass_concentration_surface_level_bias_corrected_annual_means,0,0,NO2 (Mass Concentration) (Surface Level) (Bias Corrected) 2019 annual mean,[AQREAN_BC_Cells],TRUE,TRUE,FALSE,,,,2,2,FALSE,FALSE,,,
146401,nitrogen_dioxide_no2_mass_concentration_surface_level_bias_corrected_annual_means,0,1,NO2 (Mass Concentration) (Surface Level) (Bias Corrected) 2018 annual mean,[AQREAN_BC_Cells],TRUE,TRUE,FALSE,,,,2,2,FALSE,FALSE,,,
146501,nitrogen_dioxide_no2_mass_concentration_surface_level_bias_corrected_annual_means,0,2,NO2 (Mass Concentration) (Surface Level) (Bias Corrected) 2017 annual mean,[AQREAN_BC_Cells],TRUE,TRUE,FALSE,,,,2,2,FALSE,FALSE,,,
146601,nitrogen_dioxide_no2_mass_concentration_surface_level_bias_corrected_annual_means,0,3,NO2 (Mass Concentration) (Surface Level) (Bias Corrected) 2016 annual mean,[AQREAN_BC_Cells],TRUE,TRUE,FALSE,,,,2,2,FALSE,FALSE,,,
146701,nitrogen_dioxide_no2_mass_concentration_surface_level_bias_corrected_annual_means,0,4,NO2 (Mass Concentration) (Surface Level) (Bias Corrected) 2015 annual mean,[AQREAN_BC_Cells],TRUE,TRUE,FALSE,,,,2,2,FALSE,FALSE,,,
146801,nitrogen_dioxide_no2_mass_concentration_surface_level_bias_corrected_annual_means,0,5,NO2 (Mass Concentration) (Surface Level) (Bias Corrected) 2014 annual mean,[AQREAN_BC_Cells],TRUE,TRUE,FALSE,,,,2,2,FALSE,FALSE,,,
146901,nitrogen_dioxide_no2_mass_concentration_surface_level_bias_corrected_annual_means,0,6,NO2 (Mass Concentration) (Surface Level) (Bias Corrected) 2013 annual mean,[AQREAN_BC_Cells],TRUE,TRUE,FALSE,,,,2,2,FALSE,FALSE,,,
147001,nitrogen_dioxide_no2_mass_concentration_surface_level_bias_corrected_annual_means,0,7,NO2 (Mass Concentration) (Surface Level) (Bias Corrected) 2012 annual mean,[AQREAN_BC_Cells],TRUE,TRUE,FALSE,,,,2,2,FALSE,FALSE,,,
147101,nitrogen_dioxide_no2_mass_concentration_surface_level_bias_corrected_annual_means,0,8,NO2 (Mass Concentration) (Surface Level) (Bias Corrected) 2011 annual mean,[AQREAN_BC_Cells],TRUE,TRUE,FALSE,,,,2,2,FALSE,FALSE,,,
147201,nitrogen_dioxide_no2_mass_concentration_surface_level_bias_corrected_annual_means,0,9,NO2 (Mass Concentration) (Surface Level) (Bias Corrected) 2010 annual mean,[AQREAN_BC_Cells],TRUE,TRUE,FALSE,,,,2,2,FALSE,FALSE,,,
147301,nitrogen_dioxide_no2_mass_concentration_surface_level_bias_corrected_annual_means,0,10,NO2 (Mass Concentration) (Surface Level) (Bias Corrected) 2009 annual mean,[AQREAN_BC_Cells],TRUE,TRUE,FALSE,,,,2,2,FALSE,FALSE,,,
147401,nitrogen_dioxide_no2_mass_concentration_surface_level_bias_corrected_annual_means,0,11,NO2 (Mass Concentration) (Surface Level) (Bias Corrected) 2008 annual mean,[AQREAN_BC_Cells],TRUE,TRUE,FALSE,,,,2,2,FALSE,FALSE,,,
147501,nitrogen_dioxide_no2_mass_concentration_surface_level_bias_corrected_annual_means,0,12,NO2 (Mass Concentration) (Surface Level) (Bias Corrected) 2007 annual mean,[AQREAN_BC_Cells],TRUE,TRUE,FALSE,,,,2,2,FALSE,FALSE,,,
147601,nitrogen_dioxide_no2_mass_concentration_surface_level_bias_corrected_annual_means,0,13,NO2 (Mass Concentration) (Surface Level) (Bias Corrected) 2006 annual mean,[AQREAN_BC_Cells],TRUE,TRUE,FALSE,,,,2,2,FALSE,FALSE,,,
147701,nitrogen_dioxide_no2_mass_concentration_surface_level_bias_corrected_annual_means,0,14,NO2 (Mass Concentration) (Surface Level) (Bias Corrected) 2005 annual mean,[AQREAN_BC_Cells],TRUE,TRUE,FALSE,,,,2,2,FALSE,FALSE,,,
147801,nitrogen_dioxide_no2_mass_concentration_surface_level_bias_corrected_annual_means,0,15,NO2 (Mass Concentration) (Surface Level) (Bias Corrected) 2004 annual mean,[AQREAN_BC_Cells],TRUE,TRUE,FALSE,,,,2,2,FALSE,FALSE,,,
147901,nitrogen_dioxide_no2_mass_concentration_surface_level_bias_corrected_annual_means,0,16,NO2 (Mass Concentration) (Surface Level) (Bias Corrected) 2003 annual mean,[AQREAN_BC_Cells],TRUE,TRUE,FALSE,,,,2,2,FALSE,FALSE,,,
148001,nitrogen_oxides_nox_as_nitrogen_dioxide_no2_mass_concentration_surface_level_bias_corrected_annual_means,0,0,NOx as NO2 (Mass Concentration) (Surface Level) (Bias Corrected) 2019 annual mean,[AQREAN_BC_Cells],TRUE,TRUE,FALSE,,,,2,2,FALSE,FALSE,,,
148101,nitrogen_oxides_nox_as_nitrogen_dioxide_no2_mass_concentration_surface_level_bias_corrected_annual_means,0,1,NOx as NO2 (Mass Concentration) (Surface Level) (Bias Corrected) 2018 annual mean,[AQREAN_BC_Cells],TRUE,TRUE,FALSE,,,,2,2,FALSE,FALSE,,,
148201,nitrogen_oxides_nox_as_nitrogen_dioxide_no2_mass_concentration_surface_level_bias_corrected_annual_means,0,2,NOx as NO2 (Mass Concentration) (Surface Level) (Bias Corrected) 2017 annual mean,[AQREAN_BC_Cells],TRUE,TRUE,FALSE,,,,2,2,FALSE,FALSE,,,
148301,nitrogen_oxides_nox_as_nitrogen_dioxide_no2_mass_concentration_surface_level_bias_corrected_annual_means,0,3,NOx as NO2 (Mass Concentration) (Surface Level) (Bias Corrected) 2016 annual mean,[AQREAN_BC_Cells],TRUE,TRUE,FALSE,,,,2,2,FALSE,FALSE,,,
148401,nitrogen_oxides_nox_as_nitrogen_dioxide_no2_mass_concentration_surface_level_bias_corrected_annual_means,0,4,NOx as NO2 (Mass Concentration) (Surface Level) (Bias Corrected) 2015 annual mean,[AQREAN_BC_Cells],TRUE,TRUE,FALSE,,,,2,2,FALSE,FALSE,,,
148501,nitrogen_oxides_nox_as_nitrogen_dioxide_no2_mass_concentration_surface_level_bias_corrected_annual_means,0,5,NOx as NO2 (Mass Concentration) (Surface Level) (Bias Corrected) 2014 annual mean,[AQREAN_BC_Cells],TRUE,TRUE,FALSE,,,,2,2,FALSE,FALSE,,,
148601,nitrogen_oxides_nox_as_nitrogen_dioxide_no2_mass_concentration_surface_level_bias_corrected_annual_means,0,6,NOx as NO2 (Mass Concentration) (Surface Level) (Bias Corrected) 2013 annual mean,[AQREAN_BC_Cells],TRUE,TRUE,FALSE,,,,2,2,FALSE,FALSE,,,
148701,nitrogen_oxides_nox_as_nitrogen_dioxide_no2_mass_concentration_surface_level_bias_corrected_annual_means,0,7,NOx as NO2 (Mass Concentration) (Surface Level) (Bias Corrected) 2012 annual mean,[AQREAN_BC_Cells],TRUE,TRUE,FALSE,,,,2,2,FALSE,FALSE,,,
148801,nitrogen_oxides_nox_as_nitrogen_dioxide_no2_mass_concentration_surface_level_bias_corrected_annual_means,0,8,NOx as NO2 (Mass Concentration) (Surface Level) (Bias Corrected) 2011 annual mean,[AQREAN_BC_Cells],TRUE,TRUE,FALSE,,,,2,2,FALSE,FALSE,,,
148901,nitrogen_oxides_nox_as_nitrogen_dioxide_no2_mass_concentration_surface_level_bias_corrected_annual_means,0,9,NOx as NO2 (Mass Concentration) (Surface Level) (Bias Corrected) 2010 annual mean,[AQREAN_BC_Cells],TRUE,TRUE,FALSE,,,,2,2,FALSE,FALSE,,,
149001,nitrogen_oxides_nox_as_nitrogen_dioxide_no2_mass_concentration_surface_level_bias_corrected_annual_means,0,10,NOx as NO2 (Mass Concentration) (Surface Level) (Bias Corrected) 2009 annual mean,[AQREAN_BC_Cells],TRUE,TRUE,FALSE,,,,2,2,FALSE,FALSE,,,
149101,nitrogen_oxides_nox_as_nitrogen_dioxide_no2_mass_concentration_surface_level_bias_corrected_annual_means,0,11,NOx as NO2 (Mass Concentration) (Surface Level) (Bias Corrected) 2008 annual mean,[AQREAN_BC_Cells],TRUE,TRUE,FALSE,,,,2,2,FALSE,FALSE,,,
149201,nitrogen_oxides_nox_as_nitrogen_dioxide_no2_mass_concentration_surface_level_bias_corrected_annual_means,0,12,NOx as NO2 (Mass Concentration) (Surface Level) (Bias Corrected) 2007 annual mean,[AQREAN_BC_Cells],TRUE,TRUE,FALSE,,,,2,2,FALSE,FALSE,,,
149301,nitrogen_oxides_nox_as_nitrogen_dioxide_no2_mass_concentration_surface_level_bias_corrected_annual_means,0,13,NOx as NO2 (Mass Concentration) (Surface Level) (Bias Corrected) 2006 annual mean,[AQREAN_BC_Cells],TRUE,TRUE,FALSE,,,,2,2,FALSE,FALSE,,,
149401,nitrogen_oxides_nox_as_nitrogen_dioxide_no2_mass_concentration_surface_level_bias_corrected_annual_means,0,14,NOx as NO2 (Mass Concentration) (Surface Level) (Bias Corrected) 2005 annual mean,[AQREAN_BC_Cells],TRUE,TRUE,FALSE,,,,2,2,FALSE,FALSE,,,
149501,nitrogen_oxides_nox_as_nitrogen_dioxide_no2_mass_concentration_surface_level_bias_corrected_annual_means,0,15,NOx as NO2 (Mass Concentration) (Surface Level) (Bias Corrected) 2004 annual mean,[AQREAN_BC_Cells],TRUE,TRUE,FALSE,,,,2,2,FALSE,FALSE,,,
149601,nitrogen_oxides_nox_as_nitrogen_dioxide_no2_mass_concentration_surface_level_bias_corrected_annual_means,0,16,NOx as NO2 (Mass Concentration) (Surface Level) (Bias Corrected) 2003 annual mean,[AQREAN_BC_Cells],TRUE,TRUE,FALSE,,,,2,2,FALSE,FALSE,,,
149701,pm2_5_dry_aerosol_mass_concentration_surface_level_bias_corrected_annual_means,0,0,PM2.5 Dry Aerosol (Mass Concentration) (Surface Level) (Bias Corrected) 2019 annual mean,[AQREAN_BC_Cells],TRUE,TRUE,FALSE,,,,2,2,FALSE,FALSE,,,
149801,pm2_5_dry_aerosol_mass_concentration_surface_level_bias_corrected_annual_means,0,1,PM2.5 Dry Aerosol (Mass Concentration) (Surface Level) (Bias Corrected) 2018 annual mean,[AQREAN_BC_Cells],TRUE,TRUE,FALSE,,,,2,2,FALSE,FALSE,,,
149901,pm2_5_dry_aerosol_mass_concentration_surface_level_bias_corrected_annual_means,0,2,PM2.5 Dry Aerosol (Mass Concentration) (Surface Level) (Bias Corrected) 2017 annual mean,[AQREAN_BC_Cells],TRUE,TRUE,FALSE,,,,2,2,FALSE,FALSE,,,
150001,pm2_5_dry_aerosol_mass_concentration_surface_level_bias_corrected_annual_means,0,3,PM2.5 Dry Aerosol (Mass Concentration) (Surface Level) (Bias Corrected) 2016 annual mean,[AQREAN_BC_Cells],TRUE,TRUE,FALSE,,,,2,2,FALSE,FALSE,,,
150101,pm2_5_dry_aerosol_mass_concentration_surface_level_bias_corrected_annual_means,0,4,PM2.5 Dry Aerosol (Mass Concentration) (Surface Level) (Bias Corrected) 2015 annual mean,[AQREAN_BC_Cells],TRUE,TRUE,FALSE,,,,2,2,FALSE,FALSE,,,
150201,pm2_5_dry_aerosol_mass_concentration_surface_level_bias_corrected_annual_means,0,5,PM2.5 Dry Aerosol (Mass Concentration) (Surface Level) (Bias Corrected) 2014 annual mean,[AQREAN_BC_Cells],TRUE,TRUE,FALSE,,,,2,2,FALSE,FALSE,,,
150301,pm2_5_dry_aerosol_mass_concentration_surface_level_bias_corrected_annual_means,0,6,PM2.5 Dry Aerosol (Mass Concentration) (Surface Level) (Bias Corrected) 2013 annual mean,[AQREAN_BC_Cells],TRUE,TRUE,FALSE,,,,2,2,FALSE,FALSE,,,
150401,pm2_5_dry_aerosol_mass_concentration_surface_level_bias_corrected_annual_means,0,7,PM2.5 Dry Aerosol (Mass Concentration) (Surface Level) (Bias Corrected) 2012 annual mean,[AQREAN_BC_Cells],TRUE,TRUE,FALSE,,,,2,2,FALSE,FALSE,,,
150501,pm2_5_dry_aerosol_mass_concentration_surface_level_bias_corrected_annual_means,0,8,PM2.5 Dry Aerosol (Mass Concentration) (Surface Level) (Bias Corrected) 2011 annual mean,[AQREAN_BC_Cells],TRUE,TRUE,FALSE,,,,2,2,FALSE,FALSE,,,
150601,pm2_5_dry_aerosol_mass_concentration_surface_level_bias_corrected_annual_means,0,9,PM2.5 Dry Aerosol (Mass Concentration) (Surface Level) (Bias Corrected) 2010 annual mean,[AQREAN_BC_Cells],TRUE,TRUE,FALSE,,,,2,2,FALSE,FALSE,,,
150701,pm2_5_dry_aerosol_mass_concentration_surface_level_bias_corrected_annual_means,0,10,PM2.5 Dry Aerosol (Mass Concentration) (Surface Level) (Bias Corrected) 2009 annual mean,[AQREAN_BC_Cells],TRUE,TRUE,FALSE,,,,2,2,FALSE,FALSE,,,
150801,pm2_5_dry_aerosol_mass_concentration_surface_level_bias_corrected_annual_means,0,11,PM2.5 Dry Aerosol (Mass Concentration) (Surface Level) (Bias Corrected) 2008 annual mean,[AQREAN_BC_Cells],TRUE,TRUE,FALSE,,,,2,2,FALSE,FALSE,,,
150901,pm2_5_dry_aerosol_mass_concentration_surface_level_bias_corrected_annual_means,0,12,PM2.5 Dry Aerosol (Mass Concentration) (Surface Level) (Bias Corrected) 2007 annual mean,[AQREAN_BC_Cells],TRUE,TRUE,FALSE,,,,2,2,FALSE,FALSE,,,
151001,pm2_5_dry_aerosol_mass_concentration_surface_level_bias_corrected_annual_means,0,13,PM2.5 Dry Aerosol (Mass Concentration) (Surface Level) (Bias Corrected) 2006 annual mean,[AQREAN_BC_Cells],TRUE,TRUE,FALSE,,,,2,2,FALSE,FALSE,,,
151101,pm2_5_dry_aerosol_mass_concentration_surface_level_bias_corrected_annual_means,0,14,PM2.5 Dry Aerosol (Mass Concentration) (Surface Level) (Bias Corrected) 2005 annual mean,[AQREAN_BC_Cells],TRUE,TRUE,FALSE,,,,2,2,FALSE,FALSE,,,
151201,pm2_5_dry_aerosol_mass_concentration_surface_level_bias_corrected_annual_means,0,15,PM2.5 Dry Aerosol (Mass Concentration) (Surface Level) (Bias Corrected) 2004 annual mean,[AQREAN_BC_Cells],TRUE,TRUE,FALSE,,,,2,2,FALSE,FALSE,,,
151301,pm2_5_dry_aerosol_mass_concentration_surface_level_bias_corrected_annual_means,0,16,PM2.5 Dry Aerosol (Mass Concentration) (Surface Level) (Bias Corrected) 2003 annual mean,[AQREAN_BC_Cells],TRUE,TRUE,FALSE,,,,2,2,FALSE,FALSE,,,
,,,,,,,,,,,,,,,,,,
,,,,,,,,,,,,,,,,,,
,,,,,,,,,,,,,,,,,,
,,,,,,,,,,,,,,,,,,
,,,,,,,,,,,,,,,,,,
,,,,,,,,,,,,,,,,,,
,,,,,,,,,,,,,,,,,,
,,,,,,,,,,,,,,,,,,
,,,,,,,,,,,,,,,,,,
,,,,,,,,,,,,,,,,,,
,,,,,,,,,,,,,,,,,,
,,,,,,,,,,,,,,,,,,
,,,,,,,,,,,,,,,,,,
,,,,,,,,,,,,,,,,,,
,,,,,,,,,,,,,,,,,,
,,,,,,,,,,,,,,,,,,
,,,,,,,,,,,,,,,,,,
,,,,,,,,,,,,,,,,,,
,,,,,,,,,,,,,,,,,,
,,,,,,,,,,,,,,,,,,
,,,,,,,,,,,,,,,,,,
,,,,,,,,,,,,,,,,,,
,,,,,,,,,,,,,,,,,,
,,,,,,,,,,,,,,,,,,
,,,,,,,,,,,,,,,,,,
,,,,,,,,,,,,,,,,,,
,,,,,,,,,,,,,,,,,,
,,,,,,,,,,,,,,,,,,
,,,,,,,,,,,,,,,,,,
,,,,,,,,,,,,,,,,,,
,,,,,,,,,,,,,,,,,,
,,,,,,,,,,,,,,,,,,
,,,,,,,,,,,,,,,,,,
,,,,,,,,,,,,,,,,,,
,,,,,,,,,,,,,,,,,,
,,,,,,,,,,,,,,,,,,
,,,,,,,,,,,,,,,,,,
,,,,,,,,,,,,,,,,,,
,,,,,,,,,,,,,,,,,,
,,,,,,,,,,,,,,,,,,
,,,,,,,,,,,,,,,,,,
,,,,,,,,,,,,,,,,,,
,,,,,,,,,,,,,,,,,,
,,,,,,,,,,,,,,,,,,
,,,,,,,,,,,,,,,,,,
,,,,,,,,,,,,,,,,,,
,,,,,,,,,,,,,,,,,,
,,,,,,,,,,,,,,,,,,
,,,,,,,,,,,,,,,,,,
,,,,,,,,,,,,,,,,,,
,,,,,,,,,,,,,,,,,,
,,,,,,,,,,,,,,,,,,
,,,,,,,,,,,,,,,,,,
,,,,,,,,,,,,,,,,,,
,,,,,,,,,,,,,,,,,,
,,,,,,,,,,,,,,,,,,
,,,,,,,,,,,,,,,,,,
,,,,,,,,,,,,,,,,,,
,,,,,,,,,,,,,,,,,,
,,,,,,,,,,,,,,,,,,
,,,,,,,,,,,,,,,,,,
,,,,,,,,,,,,,,,,,,
,,,,,,,,,,,,,,,,,,
,,,,,,,,,,,,,,,,,,
,,,,,,,,,,,,,,,,,,
,,,,,,,,,,,,,,,,,,
,,,,,,,,,,,,,,,,,,
,,,,,,,,,,,,,,,,,,
,,,,,,,,,,,,,,,,,,
,,,,,,,,,,,,,,,,,,
,,,,,,,,,,,,,,,,,,
,,,,,,,,,,,,,,,,,,
,,,,,,,,,,,,,,,,,,
,,,,,,,,,,,,,,,,,,
,,,,,,,,,,,,,,,,,,
,,,,,,,,,,,,,,,,,,
,,,,,,,,,,,,,,,,,,
,,,,,,,,,,,,,,,,,,
,,,,,,,,,,,,,,,,,,
,,,,,,,,,,,,,,,,,,
,,,,,,,,,,,,,,,,,,
,,,,,,,,,,,,,,,,,,
,,,,,,,,,,,,,,,,,,
,,,,,,,,,,,,,,,,,,
,,,,,,,,,,,,,,,,,,
,,,,,,,,,,,,,,,,,,
,,,,,,,,,,,,,,,,,,
,,,,,,,,,,,,,,,,,,
,,,,,,,,,,,,,,,,,,
,,,,,,,,,,,,,,,,,,
,,,,,,,,,,,,,,,,,,
,,,,,,,,,,,,,,,,,,
,,,,,,,,,,,,,,,,,,
,,,,,,,,,,,,,,,,,,
,,,,,,,,,,,,,,,,,,
,,,,,,,,,,,,,,,,,,
,,,,,,,,,,,,,,,,,,
,,,,,,,,,,,,,,,,,,
,,,,,,,,,,,,,,,,,,
,,,,,,,,,,,,,,,,,,
,,,,,,,,,,,,,,,,,,
,,,,,,,,,,,,,,,,,,
,,,,,,,,,,,,,,,,,,
,,,,,,,,,,,,,,,,,,
,,,,,,,,,,,,,,,,,,
,,,,,,,,,,,,,,,,,,
,,,,,,,,,,,,,,,,,,
,,,,,,,,,,,,,,,,,,
,,,,,,,,,,,,,,,,,,
,,,,,,,,,,,,,,,,,,
,,,,,,,,,,,,,,,,,,
,,,,,,,,,,,,,,,,,,
,,,,,,,,,,,,,,,,,,
,,,,,,,,,,,,,,,,,,
,,,,,,,,,,,,,,,,,,
,,,,,,,,,,,,,,,,,,
,,,,,,,,,,,,,,,,,,
,,,,,,,,,,,,,,,,,,
,,,,,,,,,,,,,,,,,,
,,,,,,,,,,,,,,,,,,
,,,,,,,,,,,,,,,,,,
,,,,,,,,,,,,,,,,,,
,,,,,,,,,,,,,,,,,,
,,,,,,,,,,,,,,,,,,
,,,,,,,,,,,,,,,,,,
,,,,,,,,,,,,,,,,,,
,,,,,,,,,,,,,,,,,,
,,,,,,,,,,,,,,,,,,
,,,,,,,,,,,,,,,,,,
,,,,,,,,,,,,,,,,,,
,,,,,,,,,,,,,,,,,,
,,,,,,,,,,,,,,,,,,
,,,,,,,,,,,,,,,,,,
,,,,,,,,,,,,,,,,,,
,,,,,,,,,,,,,,,,,,
,,,,,,,,,,,,,,,,,,
,,,,,,,,,,,,,,,,,,
,,,,,,,,,,,,,,,,,,
,,,,,,,,,,,,,,,,,,
,,,,,,,,,,,,,,,,,,
,,,,,,,,,,,,,,,,,,
,,,,,,,,,,,,,,,,,,
,,,,,,,,,,,,,,,,,,
,,,,,,,,,,,,,,,,,,
,,,,,,,,,,,,,,,,,,
,,,,,,,,,,,,,,,,,,
,,,,,,,,,,,,,,,,,,
,,,,,,,,,,,,,,,,,,
,,,,,,,,,,,,,,,,,,
,,,,,,,,,,,,,,,,,,
,,,,,,,,,,,,,,,,,,
,,,,,,,,,,,,,,,,,,
,,,,,,,,,,,,,,,,,,
,,,,,,,,,,,,,,,,,,
,,,,,,,,,,,,,,,,,,
,,,,,,,,,,,,,,,,,,
,,,,,,,,,,,,,,,,,,
,,,,,,,,,,,,,,,,,,
,,,,,,,,,,,,,,,,,,
,,,,,,,,,,,,,,,,,,
,,,,,,,,,,,,,,,,,,
,,,,,,,,,,,,,,,,,,
,,,,,,,,,,,,,,,,,,
,,,,,,,,,,,,,,,,,,
,,,,,,,,,,,,,,,,,,
,,,,,,,,,,,,,,,,,,
,,,,,,,,,,,,,,,,,,
,,,,,,,,,,,,,,,,,,
,,,,,,,,,,,,,,,,,,
,,,,,,,,,,,,,,,,,,
,,,,,,,,,,,,,,,,,,
,,,,,,,,,,,,,,,,,,
,,,,,,,,,,,,,,,,,,
,,,,,,,,,,,,,,,,,,
,,,,,,,,,,,,,,,,,,
,,,,,,,,,,,,,,,,,,
,,,,,,,,,,,,,,,,,,
,,,,,,,,,,,,,,,,,,
,,,,,,,,,,,,,,,,,,
,,,,,,,,,,,,,,,,,,
,,,,,,,,,,,,,,,,,,
,,,,,,,,,,,,,,,,,,
,,,,,,,,,,,,,,,,,,
,,,,,,,,,,,,,,,,,,
,,,,,,,,,,,,,,,,,,
,,,,,,,,,,,,,,,,,,
,,,,,,,,,,,,,,,,,,
,,,,,,,,,,,,,,,,,,
,,,,,,,,,,,,,,,,,,
,,,,,,,,,,,,,,,,,,
,,,,,,,,,,,,,,,,,,
,,,,,,,,,,,,,,,,,,
,,,,,,,,,,,,,,,,,,
,,,,,,,,,,,,,,,,,,
,,,,,,,,,,,,,,,,,,
,,,,,,,,,,,,,,,,,,
,,,,,,,,,,,,,,,,,,
,,,,,,,,,,,,,,,,,,
,,,,,,,,,,,,,,,,,,
,,,,,,,,,,,,,,,,,,
,,,,,,,,,,,,,,,,,,
,,,,,,,,,,,,,,,,,,
,,,,,,,,,,,,,,,,,,
,,,,,,,,,,,,,,,,,,
,,,,,,,,,,,,,,,,,,
,,,,,,,,,,,,,,,,,,
,,,,,,,,,,,,,,,,,,
,,,,,,,,,,,,,,,,,,
,,,,,,,,,,,,,,,,,,
,,,,,,,,,,,,,,,,,,
,,,,,,,,,,,,,,,,,,
,,,,,,,,,,,,,,,,,,
,,,,,,,,,,,,,,,,,,
,,,,,,,,,,,,,,,,,,
,,,,,,,,,,,,,,,,,,
,,,,,,,,,,,,,,,,,,
,,,,,,,,,,,,,,,,,,
,,,,,,,,,,,,,,,,,,
,,,,,,,,,,,,,,,,,,
,,,,,,,,,,,,,,,,,,
,,,,,,,,,,,,,,,,,,
,,,,,,,,,,,,,,,,,,
,,,,,,,,,,,,,,,,,,
,,,,,,,,,,,,,,,,,,
,,,,,,,,,,,,,,,,,,
,,,,,,,,,,,,,,,,,,
,,,,,,,,,,,,,,,,,,
,,,,,,,,,,,,,,,,,,
,,,,,,,,,,,,,,,,,,
,,,,,,,,,,,,,,,,,,
,,,,,,,,,,,,,,,,,,
,,,,,,,,,,,,,,,,,,
,,,,,,,,,,,,,,,,,,
,,,,,,,,,,,,,,,,,,
,,,,,,,,,,,,,,,,,,
,,,,,,,,,,,,,,,,,,
,,,,,,,,,,,,,,,,,,
,,,,,,,,,,,,,,,,,,
,,,,,,,,,,,,,,,,,,
,,,,,,,,,,,,,,,,,,
,,,,,,,,,,,,,,,,,,
,,,,,,,,,,,,,,,,,,
,,,,,,,,,,,,,,,,,,
,,,,,,,,,,,,,,,,,,
,,,,,,,,,,,,,,,,,,
,,,,,,,,,,,,,,,,,,
,,,,,,,,,,,,,,,,,,
,,,,,,,,,,,,,,,,,,
,,,,,,,,,,,,,,,,,,
,,,,,,,,,,,,,,,,,,
,,,,,,,,,,,,,,,,,,
,,,,,,,,,,,,,,,,,,
,,,,,,,,,,,,,,,,,,
,,,,,,,,,,,,,,,,,,
,,,,,,,,,,,,,,,,,,
,,,,,,,,,,,,,,,,,,
,,,,,,,,,,,,,,,,,,
,,,,,,,,,,,,,,,,,,
,,,,,,,,,,,,,,,,,,
,,,,,,,,,,,,,,,,,,
,,,,,,,,,,,,,,,,,,
,,,,,,,,,,,,,,,,,,
,,,,,,,,,,,,,,,,,,
,,,,,,,,,,,,,,,,,,
,,,,,,,,,,,,,,,,,,
,,,,,,,,,,,,,,,,,,
,,,,,,,,,,,,,,,,,,
,,,,,,,,,,,,,,,,,,
,,,,,,,,,,,,,,,,,,
,,,,,,,,,,,,,,,,,,
,,,,,,,,,,,,,,,,,,
,,,,,,,,,,,,,,,,,,
,,,,,,,,,,,,,,,,,,
,,,,,,,,,,,,,,,,,,
,,,,,,,,,,,,,,,,,,
,,,,,,,,,,,,,,,,,,
,,,,,,,,,,,,,,,,,,
,,,,,,,,,,,,,,,,,,
,,,,,,,,,,,,,,,,,,
,,,,,,,,,,,,,,,,,,
,,,,,,,,,,,,,,,,,,
,,,,,,,,,,,,,,,,,,
,,,,,,,,,,,,,,,,,,
,,,,,,,,,,,,,,,,,,
,,,,,,,,,,,,,,,,,,
,,,,,,,,,,,,,,,,,,
,,,,,,,,,,,,,,,,,,
,,,,,,,,,,,,,,,,,,
,,,,,,,,,,,,,,,,,,
,,,,,,,,,,,,,,,,,,
,,,,,,,,,,,,,,,,,,
,,,,,,,,,,,,,,,,,,
,,,,,,,,,,,,,,,,,,
,,,,,,,,,,,,,,,,,,
,,,,,,,,,,,,,,,,,,
,,,,,,,,,,,,,,,,,,
,,,,,,,,,,,,,,,,,,
,,,,,,,,,,,,,,,,,,
,,,,,,,,,,,,,,,,,,
,,,,,,,,,,,,,,,,,,
,,,,,,,,,,,,,,,,,,
,,,,,,,,,,,,,,,,,,
,,,,,,,,,,,,,,,,,,
,,,,,,,,,,,,,,,,,,
,,,,,,,,,,,,,,,,,,
,,,,,,,,,,,,,,,,,,
,,,,,,,,,,,,,,,,,,
,,,,,,,,,,,,,,,,,,
,,,,,,,,,,,,,,,,,,
,,,,,,,,,,,,,,,,,,
,,,,,,,,,,,,,,,,,,
,,,,,,,,,,,,,,,,,,
,,,,,,,,,,,,,,,,,,
,,,,,,,,,,,,,,,,,,
,,,,,,,,,,,,,,,,,,
,,,,,,,,,,,,,,,,,,
,,,,,,,,,,,,,,,,,,
,,,,,,,,,,,,,,,,,,
,,,,,,,,,,,,,,,,,,
,,,,,,,,,,,,,,,,,,
,,,,,,,,,,,,,,,,,,
,,,,,,,,,,,,,,,,,,
,,,,,,,,,,,,,,,,,,
,,,,,,,,,,,,,,,,,,
,,,,,,,,,,,,,,,,,,
,,,,,,,,,,,,,,,,,,
,,,,,,,,,,,,,,,,,,
,,,,,,,,,,,,,,,,,,
,,,,,,,,,,,,,,,,,,
,,,,,,,,,,,,,,,,,,
,,,,,,,,,,,,,,,,,,
,,,,,,,,,,,,,,,,,,
,,,,,,,,,,,,,,,,,,
,,,,,,,,,,,,,,,,,,
,,,,,,,,,,,,,,,,,,
,,,,,,,,,,,,,,,,,,
,,,,,,,,,,,,,,,,,,
,,,,,,,,,,,,,,,,,,
,,,,,,,,,,,,,,,,,,
,,,,,,,,,,,,,,,,,,
,,,,,,,,,,,,,,,,,,
,,,,,,,,,,,,,,,,,,
,,,,,,,,,,,,,,,,,,
,,,,,,,,,,,,,,,,,,
,,,,,,,,,,,,,,,,,,
,,,,,,,,,,,,,,,,,,
,,,,,,,,,,,,,,,,,,
,,,,,,,,,,,,,,,,,,
,,,,,,,,,,,,,,,,,,
,,,,,,,,,,,,,,,,,,
,,,,,,,,,,,,,,,,,,
,,,,,,,,,,,,,,,,,,
,,,,,,,,,,,,,,,,,,
,,,,,,,,,,,,,,,,,,
,,,,,,,,,,,,,,,,,,
,,,,,,,,,,,,,,,,,,
,,,,,,,,,,,,,,,,,,
,,,,,,,,,,,,,,,,,,
,,,,,,,,,,,,,,,,,,
,,,,,,,,,,,,,,,,,,
,,,,,,,,,,,,,,,,,,
,,,,,,,,,,,,,,,,,,
,,,,,,,,,,,,,,,,,,
,,,,,,,,,,,,,,,,,,
,,,,,,,,,,,,,,,,,,
,,,,,,,,,,,,,,,,,,
,,,,,,,,,,,,,,,,,,
,,,,,,,,,,,,,,,,,,
,,,,,,,,,,,,,,,,,,
,,,,,,,,,,,,,,,,,,
,,,,,,,,,,,,,,,,,,
,,,,,,,,,,,,,,,,,,
,,,,,,,,,,,,,,,,,,
,,,,,,,,,,,,,,,,,,
,,,,,,,,,,,,,,,,,,
,,,,,,,,,,,,,,,,,,
,,,,,,,,,,,,,,,,,,
,,,,,,,,,,,,,,,,,,
,,,,,,,,,,,,,,,,,,
,,,,,,,,,,,,,,,,,,
,,,,,,,,,,,,,,,,,,
,,,,,,,,,,,,,,,,,,
,,,,,,,,,,,,,,,,,,
,,,,,,,,,,,,,,,,,,
,,,,,,,,,,,,,,,,,,
,,,,,,,,,,,,,,,,,,
,,,,,,,,,,,,,,,,,,
,,,,,,,,,,,,,,,,,,
,,,,,,,,,,,,,,,,,,
,,,,,,,,,,,,,,,,,,
,,,,,,,,,,,,,,,,,,
,,,,,,,,,,,,,,,,,,
,,,,,,,,,,,,,,,,,,
,,,,,,,,,,,,,,,,,,
,,,,,,,,,,,,,,,,,,
,,,,,,,,,,,,,,,,,,
,,,,,,,,,,,,,,,,,,
,,,,,,,,,,,,,,,,,,
,,,,,,,,,,,,,,,,,,
,,,,,,,,,,,,,,,,,,
,,,,,,,,,,,,,,,,,,
,,,,,,,,,,,,,,,,,,
,,,,,,,,,,,,,,,,,,
,,,,,,,,,,,,,,,,,,
,,,,,,,,,,,,,,,,,,
,,,,,,,,,,,,,,,,,,
,,,,,,,,,,,,,,,,,,
,,,,,,,,,,,,,,,,,,
,,,,,,,,,,,,,,,,,,
,,,,,,,,,,,,,,,,,,
,,,,,,,,,,,,,,,,,,
,,,,,,,,,,,,,,,,,,
,,,,,,,,,,,,,,,,,,
,,,,,,,,,,,,,,,,,,
,,,,,,,,,,,,,,,,,,
,,,,,,,,,,,,,,,,,,
,,,,,,,,,,,,,,,,,,
,,,,,,,,,,,,,,,,,,
,,,,,,,,,,,,,,,,,,
,,,,,,,,,,,,,,,,,,
,,,,,,,,,,,,,,,,,,
,,,,,,,,,,,,,,,,,,
,,,,,,,,,,,,,,,,,,
,,,,,,,,,,,,,,,,,,
,,,,,,,,,,,,,,,,,,
,,,,,,,,,,,,,,,,,,
,,,,,,,,,,,,,,,,,,
,,,,,,,,,,,,,,,,,,
,,,,,,,,,,,,,,,,,,
,,,,,,,,,,,,,,,,,,
,,,,,,,,,,,,,,,,,,
,,,,,,,,,,,,,,,,,,
,,,,,,,,,,,,,,,,,,
,,,,,,,,,,,,,,,,,,
,,,,,,,,,,,,,,,,,,
,,,,,,,,,,,,,,,,,,
,,,,,,,,,,,,,,,,,,
,,,,,,,,,,,,,,,,,,
,,,,,,,,,,,,,,,,,,
,,,,,,,,,,,,,,,,,,
,,,,,,,,,,,,,,,,,,
,,,,,,,,,,,,,,,,,,
,,,,,,,,,,,,,,,,,,
,,,,,,,,,,,,,,,,,,
,,,,,,,,,,,,,,,,,,
,,,,,,,,,,,,,,,,,,
,,,,,,,,,,,,,,,,,,
,,,,,,,,,,,,,,,,,,
,,,,,,,,,,,,,,,,,,
,,,,,,,,,,,,,,,,,,
,,,,,,,,,,,,,,,,,,
,,,,,,,,,,,,,,,,,,
,,,,,,,,,,,,,,,,,,
,,,,,,,,,,,,,,,,,,
,,,,,,,,,,,,,,,,,,
,,,,,,,,,,,,,,,,,,
,,,,,,,,,,,,,,,,,,
,,,,,,,,,,,,,,,,,,
,,,,,,,,,,,,,,,,,,
,,,,,,,,,,,,,,,,,,
,,,,,,,,,,,,,,,,,,
,,,,,,,,,,,,,,,,,,
,,,,,,,,,,,,,,,,,,
,,,,,,,,,,,,,,,,,,
,,,,,,,,,,,,,,,,,,
,,,,,,,,,,,,,,,,,,
,,,,,,,,,,,,,,,,,,
,,,,,,,,,,,,,,,,,,
,,,,,,,,,,,,,,,,,,
,,,,,,,,,,,,,,,,,,
,,,,,,,,,,,,,,,,,,
,,,,,,,,,,,,,,,,,,
,,,,,,,,,,,,,,,,,,
,,,,,,,,,,,,,,,,,,
,,,,,,,,,,,,,,,,,,
,,,,,,,,,,,,,,,,,,
,,,,,,,,,,,,,,,,,,
,,,,,,,,,,,,,,,,,,
,,,,,,,,,,,,,,,,,,
,,,,,,,,,,,,,,,,,,
,,,,,,,,,,,,,,,,,,
,,,,,,,,,,,,,,,,,,
,,,,,,,,,,,,,,,,,,
,,,,,,,,,,,,,,,,,,
,,,,,,,,,,,,,,,,,,
,,,,,,,,,,,,,,,,,,
,,,,,,,,,,,,,,,,,,
,,,,,,,,,,,,,,,,,,
,,,,,,,,,,,,,,,,,,
,,,,,,,,,,,,,,,,,,
,,,,,,,,,,,,,,,,,,
,,,,,,,,,,,,,,,,,,
,,,,,,,,,,,,,,,,,,
,,,,,,,,,,,,,,,,,,
,,,,,,,,,,,,,,,,,,
,,,,,,,,,,,,,,,,,,
,,,,,,,,,,,,,,,,,,
,,,,,,,,,,,,,,,,,,
,,,,,,,,,,,,,,,,,,
,,,,,,,,,,,,,,,,,,
,,,,,,,,,,,,,,,,,,
,,,,,,,,,,,,,,,,,,
,,,,,,,,,,,,,,,,,,
,,,,,,,,,,,,,,,,,,
,,,,,,,,,,,,,,,,,,
,,,,,,,,,,,,,,,,,,
,,,,,,,,,,,,,,,,,,
,,,,,,,,,,,,,,,,,,
,,,,,,,,,,,,,,,,,,
,,,,,,,,,,,,,,,,,,
,,,,,,,,,,,,,,,,,,
,,,,,,,,,,,,,,,,,,
,,,,,,,,,,,,,,,,,,
,,,,,,,,,,,,,,,,,,
,,,,,,,,,,,,,,,,,,
,,,,,,,,,,,,,,,,,,
,,,,,,,,,,,,,,,,,,
,,,,,,,,,,,,,,,,,,
,,,,,,,,,,,,,,,,,,
,,,,,,,,,,,,,,,,,,
,,,,,,,,,,,,,,,,,,
,,,,,,,,,,,,,,,,,,
,,,,,,,,,,,,,,,,,,
,,,,,,,,,,,,,,,,,,
,,,,,,,,,,,,,,,,,,
,,,,,,,,,,,,,,,,,,
,,,,,,,,,,,,,,,,,,
,,,,,,,,,,,,,,,,,,
,,,,,,,,,,,,,,,,,,
,,,,,,,,,,,,,,,,,,
,,,,,,,,,,,,,,,,,,
,,,,,,,,,,,,,,,,,,
,,,,,,,,,,,,,,,,,,
,,,,,,,,,,,,,,,,,,
,,,,,,,,,,,,,,,,,,
,,,,,,,,,,,,,,,,,,
,,,,,,,,,,,,,,,,,,
,,,,,,,,,,,,,,,,,,
,,,,,,,,,,,,,,,,,,
,,,,,,,,,,,,,,,,,,
,,,,,,,,,,,,,,,,,,
,,,,,,,,,,,,,,,,,,
,,,,,,,,,,,,,,,,,,
,,,,,,,,,,,,,,,,,,
,,,,,,,,,,,,,,,,,,
,,,,,,,,,,,,,,,,,,
,,,,,,,,,,,,,,,,,,
,,,,,,,,,,,,,,,,,,
,,,,,,,,,,,,,,,,,,
,,,,,,,,,,,,,,,,,,
,,,,,,,,,,,,,,,,,,
,,,,,,,,,,,,,,,,,,
,,,,,,,,,,,,,,,,,,
,,,,,,,,,,,,,,,,,,
,,,,,,,,,,,,,,,,,,
,,,,,,,,,,,,,,,,,,
,,,,,,,,,,,,,,,,,,
,,,,,,,,,,,,,,,,,,
,,,,,,,,,,,,,,,,,,
,,,,,,,,,,,,,,,,,,
,,,,,,,,,,,,,,,,,,
,,,,,,,,,,,,,,,,,,
,,,,,,,,,,,,,,,,,,
,,,,,,,,,,,,,,,,,,
,,,,,,,,,,,,,,,,,,
,,,,,,,,,,,,,,,,,,
,,,,,,,,,,,,,,,,,,
,,,,,,,,,,,,,,,,,,
,,,,,,,,,,,,,,,,,,
,,,,,,,,,,,,,,,,,,
,,,,,,,,,,,,,,,,,,
,,,,,,,,,,,,,,,,,,
,,,,,,,,,,,,,,,,,,
,,,,,,,,,,,,,,,,,,
,,,,,,,,,,,,,,,,,,
,,,,,,,,,,,,,,,,,,
,,,,,,,,,,,,,,,,,,
,,,,,,,,,,,,,,,,,,
,,,,,,,,,,,,,,,,,,
,,,,,,,,,,,,,,,,,,
,,,,,,,,,,,,,,,,,,
,,,,,,,,,,,,,,,,,,
,,,,,,,,,,,,,,,,,,
,,,,,,,,,,,,,,,,,,
,,,,,,,,,,,,,,,,,,
,,,,,,,,,,,,,,,,,,
,,,,,,,,,,,,,,,,,,
,,,,,,,,,,,,,,,,,,
,,,,,,,,,,,,,,,,,,
,,,,,,,,,,,,,,,,,,
,,,,,,,,,,,,,,,,,,
,,,,,,,,,,,,,,,,,,
,,,,,,,,,,,,,,,,,,
,,,,,,,,,,,,,,,,,,
,,,,,,,,,,,,,,,,,,
,,,,,,,,,,,,,,,,,,
,,,,,,,,,,,,,,,,,,
,,,,,,,,,,,,,,,,,,
,,,,,,,,,,,,,,,,,,
,,,,,,,,,,,,,,,,,,
,,,,,,,,,,,,,,,,,,
,,,,,,,,,,,,,,,,,,
,,,,,,,,,,,,,,,,,,
,,,,,,,,,,,,,,,,,,
,,,,,,,,,,,,,,,,,,
,,,,,,,,,,,,,,,,,,
,,,,,,,,,,,,,,,,,,
,,,,,,,,,,,,,,,,,,
,,,,,,,,,,,,,,,,,,
,,,,,,,,,,,,,,,,,,
,,,,,,,,,,,,,,,,,,
,,,,,,,,,,,,,,,,,,
,,,,,,,,,,,,,,,,,,
,,,,,,,,,,,,,,,,,,
,,,,,,,,,,,,,,,,,,
,,,,,,,,,,,,,,,,,,
,,,,,,,,,,,,,,,,,,
,,,,,,,,,,,,,,,,,,
,,,,,,,,,,,,,,,,,,
,,,,,,,,,,,,,,,,,,
,,,,,,,,,,,,,,,,,,
,,,,,,,,,,,,,,,,,,
,,,,,,,,,,,,,,,,,,
,,,,,,,,,,,,,,,,,,
,,,,,,,,,,,,,,,,,,
,,,,,,,,,,,,,,,,,,
,,,,,,,,,,,,,,,,,,
,,,,,,,,,,,,,,,,,,
,,,,,,,,,,,,,,,,,,
,,,,,,,,,,,,,,,,,,
,,,,,,,,,,,,,,,,,,
,,,,,,,,,,,,,,,,,,
,,,,,,,,,,,,,,,,,,
,,,,,,,,,,,,,,,,,,
,,,,,,,,,,,,,,,,,,
,,,,,,,,,,,,,,,,,,
,,,,,,,,,,,,,,,,,,
,,,,,,,,,,,,,,,,,,
,,,,,,,,,,,,,,,,,,
,,,,,,,,,,,,,,,,,,
,,,,,,,,,,,,,,,,,,
,,,,,,,,,,,,,,,,,,
,,,,,,,,,,,,,,,,,,
,,,,,,,,,,,,,,,,,,
,,,,,,,,,,,,,,,,,,
,,,,,,,,,,,,,,,,,,
,,,,,,,,,,,,,,,,,,
,,,,,,,,,,,,,,,,,,
,,,,,,,,,,,,,,,,,,
,,,,,,,,,,,,,,,,,,
,,,,,,,,,,,,,,,,,,
,,,,,,,,,,,,,,,,,,
,,,,,,,,,,,,,,,,,,
,,,,,,,,,,,,,,,,,,
,,,,,,,,,,,,,,,,,,
,,,,,,,,,,,,,,,,,,
,,,,,,,,,,,,,,,,,,
,,,,,,,,,,,,,,,,,,
,,,,,,,,,,,,,,,,,,
,,,,,,,,,,,,,,,,,,
,,,,,,,,,,,,,,,,,,
,,,,,,,,,,,,,,,,,,
,,,,,,,,,,,,,,,,,,
,,,,,,,,,,,,,,,,,,
,,,,,,,,,,,,,,,,,,
,,,,,,,,,,,,,,,,,,
,,,,,,,,,,,,,,,,,,
,,,,,,,,,,,,,,,,,,
,,,,,,,,,,,,,,,,,,
,,,,,,,,,,,,,,,,,,
,,,,,,,,,,,,,,,,,,
,,,,,,,,,,,,,,,,,,
,,,,,,,,,,,,,,,,,,
,,,,,,,,,,,,,,,,,,
,,,,,,,,,,,,,,,,,,
,,,,,,,,,,,,,,,,,,
,,,,,,,,,,,,,,,,,,
,,,,,,,,,,,,,,,,,,
,,,,,,,,,,,,,,,,,,
,,,,,,,,,,,,,,,,,,
,,,,,,,,,,,,,,,,,,
,,,,,,,,,,,,,,,,,,
,,,,,,,,,,,,,,,,,,
,,,,,,,,,,,,,,,,,,
,,,,,,,,,,,,,,,,,,
,,,,,,,,,,,,,,,,,,
,,,,,,,,,,,,,,,,,,
,,,,,,,,,,,,,,,,,,
,,,,,,,,,,,,,,,,,,
,,,,,,,,,,,,,,,,,,
,,,,,,,,,,,,,,,,,,
,,,,,,,,,,,,,,,,,,
,,,,,,,,,,,,,,,,,,
,,,,,,,,,,,,,,,,,,
,,,,,,,,,,,,,,,,,,
,,,,,,,,,,,,,,,,,,
,,,,,,,,,,,,,,,,,,
,,,,,,,,,,,,,,,,,,
,,,,,,,,,,,,,,,,,,
,,,,,,,,,,,,,,,,,,
,,,,,,,,,,,,,,,,,,
,,,,,,,,,,,,,,,,,,
,,,,,,,,,,,,,,,,,,
,,,,,,,,,,,,,,,,,,
,,,,,,,,,,,,,,,,,,
,,,,,,,,,,,,,,,,,,
,,,,,,,,,,,,,,,,,,
,,,,,,,,,,,,,,,,,,
,,,,,,,,,,,,,,,,,,
,,,,,,,,,,,,,,,,,,
,,,,,,,,,,,,,,,,,,
,,,,,,,,,,,,,,,,,,
,,,,,,,,,,,,,,,,,,
,,,,,,,,,,,,,,,,,,
,,,,,,,,,,,,,,,,,,
,,,,,,,,,,,,,,,,,,
,,,,,,,,,,,,,,,,,,
,,,,,,,,,,,,,,,,,,
,,,,,,,,,,,,,,,,,,
,,,,,,,,,,,,,,,,,,
,,,,,,,,,,,,,,,,,,
,,,,,,,,,,,,,,,,,,
,,,,,,,,,,,,,,,,,,
,,,,,,,,,,,,,,,,,,
,,,,,,,,,,,,,,,,,,
,,,,,,,,,,,,,,,,,,
,,,,,,,,,,,,,,,,,,
,,,,,,,,,,,,,,,,,,
,,,,,,,,,,,,,,,,,,
,,,,,,,,,,,,,,,,,,
,,,,,,,,,,,,,,,,,,
,,,,,,,,,,,,,,,,,,
,,,,,,,,,,,,,,,,,,
,,,,,,,,,,,,,,,,,,
,,,,,,,,,,,,,,,,,,
,,,,,,,,,,,,,,,,,,
